UNIT UP,NOMOR GARDU,NAMA GARDU,ALAMAT,LATITUDE,LONGITUDE,KAPASITAS TRAFO (kVA),FEEDER,Pemakaian (%),I rata-rata (A),Unbalanced (%),Update
11220 - LHOKSEUMAWE,GD112200295,BAS001-00, KTR.PLN LAMA I ,5.183381,97.147728,315,,,,,
11220 - LHOKSEUMAWE,GD112200324,BAS002-00, SP.PERTAMINA I ,5.192425,97.14686,200,,,,,
11220 - LHOKSEUMAWE,GD112200296,BAS003-00, GG. DAMAI ,5.18633,97.146371,100,,,,,
11220 - LHOKSEUMAWE,GD112200330,BAS004-00, SP.RUMAH KAPOLRES I  ,5.184401,97.150058,100,,,,,
11220 - LHOKSEUMAWE,GD112200331,BAS005-00, JL.SUKARAMAI ,5.177285,97.149792,250,,,,,
11220 - LHOKSEUMAWE,GD112200332,BAS006-00, KANTOR POS ,5.179683,97.148423,160,,,,,
11220 - LHOKSEUMAWE,GD112200282,BAS007-00, PUSPA BIOSKOP ,5.175875,97.149379,200,,,,,
11220 - LHOKSEUMAWE,GD112200333,BAS008-00, PASAR ,5.176389,97.151152,200,,,,,
11220 - LHOKSEUMAWE,GD112200283,BAS009-00, PUSONG ,5.172573,97.148412,160,,,,,
11220 - LHOKSEUMAWE,GD112200297,BAS010-00, KTO (TELKOM) ,5.179787,97.146229,315,,,,,
11220 - LHOKSEUMAWE,GD112200298,BAS011-00, SP. IV ,5.180289,97.144948,160,,,,,
11220 - LHOKSEUMAWE,GD112200268,BAS012-00, WISMA HAJI ,5.178254,97.143425,250,,,,,
11220 - LHOKSEUMAWE,GD112200364,BAS013-00, SP.KUTA BLANG ,5.182774,97.138521,200,,,,,
11220 - LHOKSEUMAWE,GD112200399,BAS014-00, JELEPE ,5.185713,97.133973,200,,,,,
11220 - LHOKSEUMAWE,GD112200365,BAS015-00, BLANG MALO ,5.191291,97.139827,160,,,,,
11220 - LHOKSEUMAWE,GD112200299,BAS016-00, PLTD HAGU ,5.196465,97.142467,200,,,,,
11220 - LHOKSEUMAWE,GD112200269,BAS017-00, DEPAN KTR BUPATI ,5.177903,97.140654,250,,,,,
11220 - LHOKSEUMAWE,GD112200366,BAS018-00, JLN INPRES (LAP.TENIS) ,5.186928,97.142695,100,,,,,
11220 - LHOKSEUMAWE,GD112200334,BAS019-00, SMKK ,5.187889,97.149467,100,,,,,
11220 - LHOKSEUMAWE,GD112200284,BAS020-00, JL.P A S E/(DEPAN DEWI PLAZA) ,5.174935,97.144796,100,,,,,
11220 - LHOKSEUMAWE,GD112200285,BAS021-00, KPG.KERAMAT ,5.177258,97.147286,250,,,,,
11220 - LHOKSEUMAWE,GD112200367,BAS022-00, KTR.DEPPEN ,5.177429,97.134914,250,,,,,
11220 - LHOKSEUMAWE,GD112200300,BAS023-00, KUTA KARANG BARU 1 ,5.176317,97.143773,200,,,,,
11220 - LHOKSEUMAWE,GD112200010,BAS024-00,MESJID UJONG BLANG,5.209341,97.12167,160,,,,,
11220 - LHOKSEUMAWE,GD112200005,BAS025-00,HAGU BARAT LAUT,5.198087,97.13927,250,,,,,
11220 - LHOKSEUMAWE,GD112200368,BAS026-00, BANK B N I ,5.183026,97.140465,250,,,,,
11220 - LHOKSEUMAWE,GD112200301,BAS027-00, KTR.PLN LAMA II ,5.183271,97.147696,160,,,,,
11220 - LHOKSEUMAWE,GD112200009,BAS028-00,DS.ULEE JALAN,5.206302,97.128673,200,,,,,
11220 - LHOKSEUMAWE,GD112200369,BAS029-00, BANK INDONESIA ,5.182741,97.140774,400,,,,,
11220 - LHOKSEUMAWE,GD112200335,BAS030-00, JL. ISKANDAR MUDA ,5.17786,97.151437,315,,,,,
11220 - LHOKSEUMAWE,GD112200370,BAS031-00, DS. MON GEUDONG ,5.178821,97.136012,200,,,,,
11220 - LHOKSEUMAWE,GD112200270,BAS032-00, BANK MANDIRI ,5.181096,97.141309,160,,,,,
11220 - LHOKSEUMAWE,GD112200400,BAS033-00, DS.UTEUN BAYI ,5.191721,97.130953,100,,,,,
11220 - LHOKSEUMAWE,GD112200336,BAS034-00, JL.SAMUDRA. S M P.I ,5.181837,97.149204,160,,,,,
11220 - LHOKSEUMAWE,GD112200337,BAS035-00, RS.KESREM ,5.18276,97.14953,250,,,,,
11220 - LHOKSEUMAWE,GD112200271,BAS036-00, MESJID.MON GEUDONG ,5.176759,97.139975,200,,,,,
11220 - LHOKSEUMAWE,GD112200272,BAS037-00, KANTOR D P R ,5.178368,97.142844,100,,,,,
11220 - LHOKSEUMAWE,GD112200371,BAS038-00, JLN. LISTRIK ,5.194076,97.142972,100,,,,,
11220 - LHOKSEUMAWE,GD112200201,BAS039-00,TERMINAL BARU,5.178761,97.133016,100,,,,,
11220 - LHOKSEUMAWE,GD112200338,BAS040-00, KANTOR B R I BARU ,5.178243,97.149338,50,,,,,
11220 - LHOKSEUMAWE,GD112200302,BAS041-00, KANTOR B C A ,5.180921,97.143341,200,,,,,
11220 - LHOKSEUMAWE,GD112200339,BAS042-00, SURYA ACEH ,5.178489,97.152563,250,,,,,
11220 - LHOKSEUMAWE,GD112200372,BAS043-00, S M E A.HAGU ,5.194363,97.140537,100,,,,,
11220 - LHOKSEUMAWE,GD112200373,BAS044-00, TEUMPOK TEUNGOH ,5.188173,97.138037,200,,,,,
11220 - LHOKSEUMAWE,GD112200401,BAS045-00, BANDA MASEN ,5.199507,97.125646,200,,,,,
11220 - LHOKSEUMAWE,GD112200202,BAS046-00,PDAM MON GEUDONG,,,100,,,,,
11220 - LHOKSEUMAWE,GD112200374,BAS047-00, JLN. MERDEKA ,5.181016,97.137821,100,,,,,
11220 - LHOKSEUMAWE,GD112200286,BAS048-00, SP. JL. PASE ,5.174576,97.14899,200,,,,,
11220 - LHOKSEUMAWE,GD112200287,BAS049-00, SIMPANG JLN.BARU ,5.17489,97.146487,100,,,,,
11220 - LHOKSEUMAWE,GD112200375,BAS050-00, KANTOR PEGADAIAN ,5.182835,97.141993,200,,,,,
11220 - LHOKSEUMAWE,GD112200376,BAS051-00, SP.BLANG MALO  ,5.191244,97.143393,200,,,,,
11220 - LHOKSEUMAWE,GD112200402,BAS052-00, GUDANG ASEAN ,5.18963,97.131271,250,,,,,
11220 - LHOKSEUMAWE,GD112200303,BAS053-00, DEPAN SMA .I. ,5.187974,97.146667,100,,,,,
11220 - LHOKSEUMAWE,GD112200403,BAS054-00, MAKAM PAHLAWAN  ,5.183756,97.136039,100,,,,,
11220 - LHOKSEUMAWE,GD112200404,BAS055-00, PRH.BANDA MASEN  ,5.196173,97.127496,160,,,,,
11220 - LHOKSEUMAWE,GD112200007,BAS056-00,MNS.HAGU BARAT LAUT,5.20276,97.135622,160,,,,,
11220 - LHOKSEUMAWE,GD112200002,BAS057-00,SP.BAMBU KUNING,5.198193,97.14,100,,,,,
11220 - LHOKSEUMAWE,GD112200273,BAS058-00, KANTOR BUPATI ,5.177721,97.141507,400,,,,,
11220 - LHOKSEUMAWE,GD112200325,BAS059-00, ADE MAJA ,5.196674,97.144402,50,,,,,
11220 - LHOKSEUMAWE,GD112200288,BAS060-00, BPD ,5.178446,97.147774,160,,,,,
11220 - LHOKSEUMAWE,GD112200340,BAS061-00, BTN ,5.177944,97.149962,250,,,,,
11220 - LHOKSEUMAWE,GD112200289,BAS062-00, MESJID PUSONG ,5.171517,97.149962,200,,,,,
11220 - LHOKSEUMAWE,GD112200405,BAS063-00, SMP 3 TP. TEUNGOH ,5.189449,97.134279,100,,,,,
11220 - LHOKSEUMAWE,GD112200341,BAS064-00, HOTEL SAMUDRA ,5.180445,97.151944,200,,,,,
11220 - LHOKSEUMAWE,GD112200377,BAS065-00, RRI JL. PETUA IBRAHIM ,5.185975,97.139918,250,,,,,
11220 - LHOKSEUMAWE,GD112200326,BAS066-00, SP.PERTAMINA II ,5.192414,97.146826,250,,,,,
11220 - LHOKSEUMAWE,GD112200012,BAS067-00,UJONG BLANG,5.211089,97.118477,50,,,,,
11220 - LHOKSEUMAWE,GD112200304,BAS068-00, KTR.DPRK KOTA ,5.179097,97.147292,200,,,,,
11220 - LHOKSEUMAWE,GD112200342,BAS069-00, KTR WALI KOTA ,5.179568,97.14886,160,,,,,
11220 - LHOKSEUMAWE,GD112200327,BAS070-00, DEPAN KISARAN ,5.194293,97.145899,100,,,,,
11220 - LHOKSEUMAWE,GD112200305,BAS071-00, SP.MALIKUSSALEH ,5.184037,97.145752,200,,,,,
11220 - LHOKSEUMAWE,GD112200306,BAS072-00, KTR KEJAKSAAN ,5.180758,97.14682,50,,,,,
11220 - LHOKSEUMAWE,GD112200274,BAS073-00, ISLAMIC CENTRE I ,5.179532,97.14104,100,,,,,
11220 - LHOKSEUMAWE,GD112200343,BAS074-00, SP.RUMAH KAPOLRES II ,5.184439,97.150053,200,,,,,
11220 - LHOKSEUMAWE,GD112200344,BAS075-00, DEPAN KODIM ,5.179147,97.149946,250,,,,,
11220 - LHOKSEUMAWE,GD112200378,BAS076-00, JL.BANGDES ,5.191551,97.136834,250,,,,,
11220 - LHOKSEUMAWE,GD112200008,BAS077-00,COTTAGE ULEE JALAN,5.203726,97.133537,50,,,,,
11220 - LHOKSEUMAWE,GD112200379,BAS078-00, KTR. PAJAK ,5.181704,97.138919,200,,,,,
11220 - LHOKSEUMAWE,GD112200363,BAS079-00, HARUN SQUARE ,5.178433,97.148723,1000,,,,,
11220 - LHOKSEUMAWE,GD112200345,BAS080-00, DEPAN BRI SAMUDRA ,5.177969,97.151056,100,,,,,
11220 - LHOKSEUMAWE,GD112200307,BAS081-00, GRAPARI TELKOMSEL ,5.180144,97.145357,100,,,,,
11220 - LHOKSEUMAWE,GD112200380,BAS082-00, DEPAN BRR REGIONAL ,5.177155,97.134671,50,,,,,
11220 - LHOKSEUMAWE,GD112200346,BAS083-00, SMKK II ,5.187893,97.149518,160,,,,,
11220 - LHOKSEUMAWE,GD112200381,BAS084-00, RESTORAN K F C ,5.181426,97.142286,100,,,,,
11220 - LHOKSEUMAWE,GD112200406,BAS085-00, JL.KENARI KT BLANG ,5.185408,97.134521,160,,,,,
11220 - LHOKSEUMAWE,GD112200407,BAS086-00, JL.KENARI LR.PANDAN ,5.187118,97.132827,100,,,,,
11220 - LHOKSEUMAWE,GD112200382,BAS087-00, JL.MERDEKA DEPAN BI ,5.1819,97.141336,100,,,,,
11220 - LHOKSEUMAWE,GD112200383,BAS088-00, PASAR INPRES ,5.184067,97.142235,50,,,,,
11220 - LHOKSEUMAWE,GD112200384,BAS089-00, JL LISTRIK SP.LR TGK GADENG ,5.189413,97.143392,100,,,,,
11220 - LHOKSEUMAWE,GD112200001,BAS090-00,JL.LISTRIK SP.BESI TUA,5.197911,97.141025,50,,,,,
11220 - LHOKSEUMAWE,GD112200290,BAS091-00, JL SAMUDERA BARU FIF ,5.176026,97.146846,100,,,,,
11220 - LHOKSEUMAWE,GD112200308,BAS092-00, DEPAN PRM.BI DARUSSALAM ,5.190019,97.146806,100,,,,,
11220 - LHOKSEUMAWE,GD112200347,BAS093-00, JL.PARDEDE BEL.KTR IMIGRASI ,5.177926,97.152254,100,,,,,
11220 - LHOKSEUMAWE,GD112200348,BAS094-00, ARIZKI KP.3 ,5.177345,97.151969,100,,,,,
11220 - LHOKSEUMAWE,GD112200275,BAS095-00, STADION MON GEUDONG ,5.173573,97.13743,100,,,,,
11220 - LHOKSEUMAWE,GD112200349,BAS096-00, PANIN BANK ,5.1797,97.148429,100,,,,,
11220 - LHOKSEUMAWE,GD112200309,BAS097-00, BANK MUAMALAT ,5.179702,97.146465,50,,,,,
11220 - LHOKSEUMAWE,GD112200310,BAS098-00, KEJAKSAAN NEGERI LHOKSEUMAWE ,5.180569,97.146759,100,,,,,
11220 - LHOKSEUMAWE,GD112200291,BAS099-00, PASAR BUAH ,5.174847,97.147736,100,,,,,
11220 - LHOKSEUMAWE,GD112200350,BAS100-00, DINAS KESEHATAN KESREM ,5.183572,97.149837,50,,,,,
11220 - LHOKSEUMAWE,GD112200385,BAS101-00, DINAS PKAD JL. AIR BERSIH ,5.182756,97.139006,100,,,,,
11220 - LHOKSEUMAWE,GD112200311,BAS102-00, SPBU AGUS SEJAHTERA KOTA ,5.179529,97.146893,50,,,,,
11220 - LHOKSEUMAWE,GD112200312,BAS103-00, DPN GG. SETIA DARUSSALAM ,5.185383,97.14614,250,,,,,
11220 - LHOKSEUMAWE,GD112200386,BAS104-00, SMEA HG TEUNGOH ,5.194361,97.140514,100,,,,,
11220 - LHOKSEUMAWE,GD112200313,BAS105-00, TELKOM 2 ,5.179796,97.146206,250,,,,,
11220 - LHOKSEUMAWE,GD112200276,BAS106-00, RESERVOIR MON GEUDONG ,5.17656,97.139582,100,,,,,
11220 - LHOKSEUMAWE,GD112200351,BAS108-00, GUDANG BARU KOTA ,5.177499,97.151475,50,,,,,
11220 - LHOKSEUMAWE,GD112200408,BAS109-00, KENARI KUTA BLANG ,5.184276,97.135558,100,,,,,
11220 - LHOKSEUMAWE,GD112200409,BAS110-00, AFFAN YAHYA U.BAYI ,5.188365,97.132055,100,,,,,
11220 - LHOKSEUMAWE,GD112200410,BAS111-00, KENARI U. BAYI ,5.192382,97.129668,100,,,,,
11220 - LHOKSEUMAWE,GD112200314,BAS112-00, DARUSSALAM SMA-1 ,5.187042,97.146517,100,,,,,
11220 - LHOKSEUMAWE,GD112200352,BAS113-00, KANTOR PERBENDAHARAAN  ,5.179342,97.149435,100,,,,,
11220 - LHOKSEUMAWE,GD112200315,BAS114-00, BANK MUAMALAT 2 ,5.180162,97.145306,100,,,,,
11220 - LHOKSEUMAWE,GD112200328,BAS115-00, SAMUDERA SMKK-2 ,5.188759,97.149252,100,,,,,
11220 - LHOKSEUMAWE,GD112200353,BAS116-00, SD-6 SAMUDERA ,5.180764,97.148814,50,,,,,
11220 - LHOKSEUMAWE,GD112200292,BAS117-00, JL.PASE DS. KD ACEH ,5.175377,97.142787,160,,,,,
11220 - LHOKSEUMAWE,GD112200013,BAS118-00,TPI UJONG BLANG,5.211145,97.114396,50,,,,,
11220 - LHOKSEUMAWE,GD112200354,BAS119-00, KANTOR ASKES ,5.180414,97.151938,100,,,,,
11220 - LHOKSEUMAWE,GD112200316,BAS120-00, JL. PEMUDA ,5.177622,97.144905,100,,,,,
11220 - LHOKSEUMAWE,GD112200387,BAS121-00, TELKOMSEL / JL. LISTRIK ,5.192545,97.143233,25,,,,,
11220 - LHOKSEUMAWE,GD112200293,BAS122-00, JL CUT MUTHIA PUSONG LAMA ,5.170137,97.147339,100,,,,,
11220 - LHOKSEUMAWE,GD112200294,BAS123-00, PASAR IKAN PUSONG ,5.174165,97.152481,100,,,,,
11220 - LHOKSEUMAWE,GD112200216,BAS124-00, RS BUNGA MELATI ,5.175314,97.146636,200,,,,,
11220 - LHOKSEUMAWE,GD112200411,BAS125-00, SP. BANDA MASEN ,5.201911,97.12455,50,,,,,
11220 - LHOKSEUMAWE,GD112200277,BAS126-00, KANTOR PU MON GEUDONG ,5.172991,97.138018,160,,,,,
11220 - LHOKSEUMAWE,GD112200317,BAS127-00, JL. PEMUDA 2 ,5.177814,97.144276,50,,,,,
11220 - LHOKSEUMAWE,GD112200412,BAS128-00, JL. KENARI 3 KT BLANG ,5.185642,97.134302,50,,,,,
11220 - LHOKSEUMAWE,GD112200388,BAS129-00, TAMAN KOTA SP. KUTA BLANG ,5.182615,97.138813,100,,,,,
11220 - LHOKSEUMAWE,GD112200355,BAS130-00, DEPAN PENDOPO ,5.17822,97.150295,100,,,,,
11220 - LHOKSEUMAWE,GD112200011,BAS131-00,JL. ELPIJI UJONG BLANG,5.210449,97.119784,200,,,,,
11220 - LHOKSEUMAWE,GD112200318,BAS132-00, SIMP. PULO BAROH LCG GARAM ,5.181498,97.147089,160,,,,,
11220 - LHOKSEUMAWE,GD112200217,BAS133-00, SP. LOTUS SUKARAMAI ,5.175146,97.149172,100,,,,,
11220 - LHOKSEUMAWE,GD112200389,BAS134-00, JL BLANG MALO 2 ,5.191243,97.140957,100,,,,,
11220 - LHOKSEUMAWE,GD112200329,BAS135-00, SP. PERTAMINA 3 ,5.19249,97.147103,100,,,,,
11220 - LHOKSEUMAWE,GD112200006,BAS136-00,JL.CEMPAKA PUTIH HG B. LAUT,5.2011,97.135464,100,,,,,
11220 - LHOKSEUMAWE,GD112200278,BAS137-00, JL. MALAHAYATI DS. KD ACEH ,5.178566,97.141694,100,,,,,
11220 - LHOKSEUMAWE,GD112200356,BAS138-00, JL. SAMUDERA SMKK.III ,5.186888,97.149724,50,,,,,
11220 - LHOKSEUMAWE,GD112200390,BAS139-00, JL. LISTRIK KP JAWA BARU ,5.187293,97.143045,100,,,,,
11220 - LHOKSEUMAWE,GD112200391,BAS140-00, GG. RAHMAT KP JAWA BARU ,5.184959,97.14238,100,,,,,
11220 - LHOKSEUMAWE,GD112200218,BAS141-00, JL. TPI PUSONG LAMA ,5.170711,97.149658,100,,,,,
11220 - LHOKSEUMAWE,GD112200413,BAS142-00, SP. TU AGAM KT BLANG ,5.18282,97.137549,100,,,,,
11220 - LHOKSEUMAWE,GD112200392,BAS143-00, SP. KENANGA MON GEUDONG ,5.178485,97.13573,100,,,,,
11220 - LHOKSEUMAWE,GD112200357,BAS144-00, SP. RMH KAPOLRES ,5.183894,97.14997,100,,,,,
11220 - LHOKSEUMAWE,GD112200319,BAS145-00, DEPAN SMA - 1 ( 3 ) ,5.187556,97.146607,50,,,,,
11220 - LHOKSEUMAWE,GD112200320,BAS146-00, RS. BUNDA (DARUSSALAM ) ,5.183131,97.145326,160,,,,,
11220 - LHOKSEUMAWE,GD112200321,BAS147-00, BAKSO PAKDE ,5.190951,97.14678,50,,,,,
11220 - LHOKSEUMAWE,GD112200358,BAS148-00, BPD SYARIAH ( SAMUDERA ) ,5.181182,97.148968,100,,,,,
11220 - LHOKSEUMAWE,GD112200393,BAS149-00, RS. SAKINAH ( ANTARA ) ,5.18811,97.14414,100,,,,,
11220 - LHOKSEUMAWE,GD112200219,BAS150-00, KTR DKPP PUSONG ,5.16689,97.147715,50,,,,,
11220 - LHOKSEUMAWE,GD112200359,BAS151-00, PELABUHAN KP.3 LSM ,5.17664,97.153056,100,,,,,
11220 - LHOKSEUMAWE,GD112200394,BAS152-00, PR. ACEH KONGSI KUTA BLANG ,5.183768,97.139617,50,,,,,
11220 - LHOKSEUMAWE,GD112200395,BAS153-00, JL. P RUMOH RAYEUK ,5.187443,97.142079,50,,,,,
11220 - LHOKSEUMAWE,GD112200322,BAS154-00, SP. TP TEURENDAM ,5.181719,97.144862,100,,,,,
11220 - LHOKSEUMAWE,GD112200396,BAS155-00, JL. ANGSANA TP TGH ,5.193333,97.138948,100,,,,,
11220 - LHOKSEUMAWE,GD112200414,BAS156-00, RAHMAWATI KT BLANG ,5.185394,97.13546,50,,,,,
11220 - LHOKSEUMAWE,GD112200203,BAS157-00,JL. MERDEKA BARAT,5.179574,97.132965,100,,,,,
11220 - LHOKSEUMAWE,GD112200360,BAS158-00, BEA CUKAI I ,5.18274,97.151589,100,,,,,
11220 - LHOKSEUMAWE,GD112200415,BAS159-00, JL. TGK MUDA LAMKUTA ,5.19687,97.130666,200,,,,,
11220 - LHOKSEUMAWE,GD112200220,BAS160-00, JLN. PASE ,5.174939,97.144295,160,,,,,
11220 - LHOKSEUMAWE,GD112200221,BAS161-00, DS. PUSONG I ,5.173008,97.14854,100,,,,,
11220 - LHOKSEUMAWE,GD112200222,BAS162-00, DS. PUSONG II ,5.172547,97.148405,100,,,,,
11220 - LHOKSEUMAWE,GD112200279,BAS163-00, ISLAMIC CENTRE II ,5.179751,97.141396,250,,,,,
11220 - LHOKSEUMAWE,GD112200398,BAS165-00, PUSKESMAS TP. TEUNGOH ,5.188156,97.138036,100,,,,,
11220 - LHOKSEUMAWE,GD112200204,BAS166-00,CITY CAFE,5.180327,97.133933,100,,,,,
11220 - LHOKSEUMAWE,GD112200004,BAS167-00,LR MANGGA,5.196942,97.136042,100,,,,,
11220 - LHOKSEUMAWE,GD112200323,BAS168-00, PLTD HAGU 2 ,5.196473,97.142464,200,,,,,
11220 - LHOKSEUMAWE,GD112200280,BAS169-00, JL. T.BENDAHARA II ,5.177075,97.140456,100,,,,,
11220 - LHOKSEUMAWE,GD112200003,BAS170-00,BLANG RAYEK,5.192922,97.133603,100,,,,,
11220 - LHOKSEUMAWE,GD112200361,BAS171-00, BEA CUKAI ,5.182711,97.151599,100,,,,,
11220 - LHOKSEUMAWE,GD112200362,BAS172-00, MEUNASAH KP 3 ,5.1772,97.152343,160,,,,,
11220 - LHOKSEUMAWE,GD112200281,BAS173-00, PUSKESMAS MON GEUDONG ,5.174106,97.138876,100,,,,,
11220 - LHOKSEUMAWE,GD112200416,BAS174-00, JL. LISTRIK GG. PRINTIS ,5.193223,97.143123,50,,,,,
11220 - LHOKSEUMAWE,GD112200205,BAS175-00,RS. KASIH IBU,5.182288,97.138071,250,,,,,
11220 - LHOKSEUMAWE,GD112200428,BAS176-00,ULE JALAN 2,5.204916,97.130905,100,,,,,
11220 - LHOKSEUMAWE,GD112200429,BAS177-00,RANGKANG SEMPURNA,5.208355,97.125157,100,,,,,
11220 - LHOKSEUMAWE,GD112200419,BAS178-00,MESJID UTEUN BAYI,5.194785,97.128311,100,,,,,
11220 - LHOKSEUMAWE,GD112200420,BAS179-00,MNS BANDA MASEN,5.199226,97.125869,50,,,,,
11220 - LHOKSEUMAWE,GD112200435,BAS180-00,DEPAN POLSEK BANDA SAKTI,5.176113,97.141279,100,,,,,
11220 - LHOKSEUMAWE,GD112200600,BAS182-00,GH LANCANG GARAM,5.183982,97.14824,50,,,,,
11220 - LHOKSEUMAWE,GD112200436,BAS183-00,JLN SUKA RAMAI,5.176574,97.149589,100,,,,,
11220 - LHOKSEUMAWE,GD112200601,BAS184-00,JLN BLANG RAYEH HAGU BARAT LAOT,5.19663,97.13584,50,,,,,
11220 - LHOKSEUMAWE,GD112200602,BAS185-00,TPI UJONG BLANG,5.211312,97.113713,100,,,,,
11220 - LHOKSEUMAWE,GD112200417,BAS186-00,DEPAN KANTOR RAYON LHOKSEUMAWE KOTA,5.184078,97.148669,100,,,,,
11220 - LHOKSEUMAWE,GD112200603,BAS187-00,PABRIK ES BLANG RAYEUK,,,,,,,,
11220 - LHOKSEUMAWE,GD112200423,BAS188-00,JLN RRI TEMPOK TENGOH,5.18625,97.13819,100,,,,,
11220 - LHOKSEUMAWE,GD112200424,BAS189-00,DEPAN MESJID BAITURAHMAN,5.180708,97.144514,100,,,,,
11220 - LHOKSEUMAWE,GD112200418,BAS190-00,JALAN SUKA RAMAI,5.177514,97.149857,100,,,,,
11220 - LHOKSEUMAWE,GD112200422,BAS191-00,JALAN MUDA LAMKUTA,5.197327,97.130595,100,,,,,
11220 - LHOKSEUMAWE,GD112200487,BAS192-00,SISIP KP. 3,5.177715,97.151902,100,,,,,
11220 - LHOKSEUMAWE,GD112200486,BAS193-00,PMI,5.183139,97.149673,100,,,,,
11220 - LHOKSEUMAWE,GD112200480,BAS194-00,SISIPAN UTEUN BAYI,5.189606,97.131285,100,,,,,
11220 - LHOKSEUMAWE,GD112200479,BAS195-00,RUMAH PAK ADNAN GANTO,5.186171,97.133437,100,,,,,
11220 - LHOKSEUMAWE,GD112200498,BAS196-00,PASAR KOTA PUSONG,5.17442,97.151625,100,,,,,
11220 - LHOKSEUMAWE,GD112200485,BAS197-00,GANG SETIA JL. SAMUDRA,5.185609,97.149917,100,,,,,
11220 - LHOKSEUMAWE,GD112200461,BAS198-00,GANG AMAL DARUSSALAM,5.189232,97.146805,100,,,,,
11220 - LHOKSEUMAWE,GD112200469,BAS199-00,GANG IMAM TEUMPOK TENGEH,5.189023,97.138507,100,,,,,
11220 - LHOKSEUMAWE,GD112200604,BAS200-00,UJONG BLANG DEPAN SMP 12,5.20602,97.122618,100,,,,,
11220 - LHOKSEUMAWE,GD112200605,BAS201-00,UJONG BLANG JLN LPG,5.210773,97.1191,50,,,,,
11220 - LHOKSEUMAWE,GD112200456,BAS202-00,GANG MATERNA LANCANG GARAM ,5.18415,97.14757,100,,,,,
11220 - LHOKSEUMAWE,GD112200478,BAS204-00,BANK BI ( WIKA ),5.18233,97.140452,50,,,,,
11220 - LHOKSEUMAWE,GD112200484,BAS205-00,SISIP PERTAMINA,5.19269,97.1465,100,,,,,
11220 - LHOKSEUMAWE,GD112200468,BAS206-00,SIMPANG BLANG MALO BI II,5.191599,97.143378,100,,,,,
11220 - LHOKSEUMAWE,GD112200467,BAS207-00,PERUM KANTOR PAJAK/JLN. NEK KORA,5.191856,97.139093,160,,,,,
11220 - LHOKSEUMAWE,GD112200483,BAS209-00,KANTOR MPD,5.182188,97.149353,100,,,,,
11220 - LHOKSEUMAWE,GD112200497,BAS210-00,ALFA MART JLN. BARU,5.177645,97.147452,100,,,,,
11220 - LHOKSEUMAWE,GD112200496,BAS211-00,MUTIARA PANGKAS JLN. PASE,5.174847,97.148067,100,,,,,
11220 - LHOKSEUMAWE,GD112200477,BAS212-00,SEJAHTRA SWALAYAN DEKAT KFC,5.181565,97.141986,100,,,,,
11220 - LHOKSEUMAWE,GD112200507,BAS215-00,SISIP HOTEL DIANA,5.177417,97.134903,250,,,,,
11220 - LHOKSEUMAWE,GD112200476,BAS216-00,LR. H FATIMAH BUNAYYA,5.190669,97.128936,100,,,,,
11220 - LHOKSEUMAWE,GD112200607,BAS217-00,BLANG RAYEK,5.195086,97.133763,50,,,,,
11220 - LHOKSEUMAWE,GD112200475,BAS218-00,ACEH KONGSI,5.183786,97.139623,100,,,,,
11220 - LHOKSEUMAWE,GD112200608,BAS219-00,MESJID DARUL BAHAR HBL,5.2016,97.138512,100,,,,,
11220 - LHOKSEUMAWE,GD112200609,BAS220-00,UJONG BLANG LR. MOLI,5.207127,97.119718,100,,,,,
11220 - LHOKSEUMAWE,GD112200458,BAS221-00,BAITURRAHMAN II,5.180725,97.144521,50,,,,,
11220 - LHOKSEUMAWE,GD112200610,BAS222-00,PR. PLN DS. HAGU,5.197515,97.141751,100,,,,,
11220 - LHOKSEUMAWE,GD112200482,BAS223-00,SP. PMI/R. KAPOLRES,5.184045,97.150019,100,,,,,
11220 - LHOKSEUMAWE,GD112200466,BAS224-00,TEUMPOK TEUNGEH,5.187496,97.142347,100,,,,,
11220 - LHOKSEUMAWE,GD112200474,BAS226-00,KD. BANDA MASEN,5.202566,97.124364,100,,,,,
11220 - LHOKSEUMAWE,GD112200473,BAS227-00,UTEN BAYI,5.192098,97.129845,100,,,,,
11220 - LHOKSEUMAWE,GD112200465,BAS228-00,DPN KOMPLEK BI JL. LISTRIK,5.1921,97.1433,100,,,,,
11220 - LHOKSEUMAWE,GD112200464,BAS229-00,SP. BARONA HG TEUNGOH,5.195926,97.142619,100,,,,,
11220 - LHOKSEUMAWE,GD112200481,BAS230-00,AKPER KESREM,5.181708,97.151878,100,,,,,
11220 - LHOKSEUMAWE,GD112200495,BAS231-00,DEPAN ASPOL LC GARAM,5.182882,97.147584,100,,,,,
11220 - LHOKSEUMAWE,GD112200494,BAS232-00,SP PAYA BAKONG LC GARAM,5.181892,97.147219,100,,,,,
11220 - LHOKSEUMAWE,GD112200493,BAS233-00,SP. PASE 2 KOTA,5.174802,97.149064,100,,,,,
11220 - LHOKSEUMAWE,GD112200492,BAS234-00,OPTIK INTERNATIONAL SUKARAMAI,,,100,,,,,
11220 - LHOKSEUMAWE,GD112200459,BAS235-00,DEPAN ASIA MART,5.182745,97.145206,100,,,,,
11220 - LHOKSEUMAWE,GD112200460,BAS236-00,MAN LHOKSEUMAWE,5.188186,97.148062,50,,,,,
11220 - LHOKSEUMAWE,GD112200472,BAS237-00,LR. PLN BD MASEN,5.202038,97.123211,100,,,,,
11220 - LHOKSEUMAWE,GD112200471,BAS238-00,LR. BANTENG TM LAMKUTA,5.192858,97.131111,100,,,,,
11220 - LHOKSEUMAWE,GD112200463,BAS239-00,KOMPLEK  TELKOM BL MALO,5.19274,97.140468,50,,,,,
11220 - LHOKSEUMAWE,GD112200462,BAS240-00,JL.RRI TP TGH,5.186184,97.136537,50,,,,,
11220 - LHOKSEUMAWE,GD112200454,BAS241-00, RS. ABBY 1 ,5.182571,97.147315,200,,,,,
11220 - LHOKSEUMAWE,GD112200455,BAS242-00, RS. ABBY 2 ,5.182569,97.147313,100,,,,,
11220 - LHOKSEUMAWE,GD112200506,BAS243-00,GEDUNG HASBI  MGD,5.178719,97.1369,100,,,,,
11220 - LHOKSEUMAWE,GD112200505,BAS244-00,PT. TASPEN 1,5.177817,97.135235,200,,,,,
11220 - LHOKSEUMAWE,GD112200504,BAS245-00,PT. TASPEN 2,5.17781,97.13523,160,,,,,
11220 - LHOKSEUMAWE,GD112200503,BAS246-00,SETIA MOTOR,5.176769,97.134376,50,,,,,
11220 - LHOKSEUMAWE,GD112200502,BAS247-00,HARUN MART,5.174232,97.132732,250,,,,,
11220 - LHOKSEUMAWE,GD112200491,BAS248-00,LP. MERAH SP.4,5.180614,97.144194,50,,,,,
11220 - LHOKSEUMAWE,GD112200490,BAS249-00,DPN KORAMIL BS,5.17979,97.143707,50,,,,,
11220 - LHOKSEUMAWE,GD112200489,BAS250-00,SUCOFINDO KD ACEH,5.176784,97.143865,100,,,,,
11220 - LHOKSEUMAWE,GD112200501,BAS251-00,MESJID MON GEUDONG,5.177381,97.138838,50,,,,,
11220 - LHOKSEUMAWE,GD112200500,BAS252-00,LAP. TERMINAL MGD,5.179302,97.132677,50,,,,,
11220 - LHOKSEUMAWE,GD112200499,BAS253-00,KTR . LLAJR,5.179495,97.13305,50,,,,,
11220 - LHOKSEUMAWE,GD112200488,BAS254-00,HOTEL ANGGREK KOTA,5.174268,97.149529,250,,,,,
11220 - LHOKSEUMAWE,GD112200470,BAS255-00,BNI LHOKSEUMAWE,5.183017,97.140484,250,,,,,
11220 - LHOKSEUMAWE,GD112200611,BAS256-00,PABRIK ES HBL,5.199383,97.136044,100,,,,,
11220 - LHOKSEUMAWE,GD112200612,BAS257-00,SP. GANG PINANG MERAH,5.198139,97.139589,50,,,,,
11220 - LHOKSEUMAWE,GD112200543,BAS258-00,PERUMAHAN BI,5.184241,97.148046,160,,,,,
11220 - LHOKSEUMAWE,GD112200546,BAS259-00,DEPAN SMA 1,5.187104,97.146529,100,,,,,
11220 - LHOKSEUMAWE,GD112200547,BAS260-00,DEPAN SMA 1 DARUSSALAM,5.187071,97.146523,100,,,,,
11220 - LHOKSEUMAWE,GD112200542,BAS261-00,PIZZA HUT,5.180654,97.144161,100,,,,,
11220 - LHOKSEUMAWE,GD112200631,BAS262-00,FIF,5.180929,97.143321,100,,,,,
11220 - LHOKSEUMAWE,GD112200634,BAS263-00,RYCHEESE FACTORY,5.1764,97.146973,100,,,,,
11220 - LHOKSEUMAWE,GD112200639,BAS264-00,PT.MAHONI PASAR IMPRES,5.185024,97.142234,100,,,,,
11220 - LHOKSEUMAWE,GD112200641,BAS265-00,KANTOR KEJAKSAAN,5.180879,97.146863,100,,,,,
11220 - LHOKSEUMAWE,GD112200642,BAS266-00,JL CUT MEUTIA PUSONG,,,100,,,,,
11220 - LHOKSEUMAWE,GD112200643,BAS267-00,DEPAN LAPANGAN KOREM,5.179673,97.151744,100,,,,,
11220 - LHOKSEUMAWE,GD112200644,BAS268-00,DEPAN TWINSTAR,5.181349,97.142423,50,,,,,
11220 - LHOKSEUMAWE,GD112200658,BAS269-00,PERUMAHAN CENDANA TUMPOK TENGOH,5.189434,97.134284,,,,,,
11220 - LHOKSEUMAWE,GD112200731,BAS280-00,JL DARUSSALAM,5.18482,97.145982,50,,,,,
11220 - LHOKSEUMAWE,GD112200734,BAS281-00,KANTOR RRI,5.18605,97.13946,100,,,,,
,,BAS282-00,,5.17915,97.149929,250,,,,,
,,BAS283-00,,5.181506,97.149094,,,,,,
11220 - LHOKSEUMAWE,GD112200094,BLM101-00,DS.JEULIKAT.,5.114785,97.159104,50,,,,,
11220 - LHOKSEUMAWE,GD112200096,BLM102-00,DS. SEUNEBOK,5.112984,97.159233,250,,,,,
11220 - LHOKSEUMAWE,GD112200097,BLM103-00,BL WEU BAROH 2,5.112958,97.159241,100,,,,,
11220 - LHOKSEUMAWE,GD112200091,BLM104-00,DS.BLANG WEU BAROH.,5.118546,97.159613,100,,,,,
11220 - LHOKSEUMAWE,GD112200093,BLM105-00,DS.BLANG WEU PANJO I,5.119153,97.158363,630,,,,,
11220 - LHOKSEUMAWE,GD112200095,BLM106-00,DS.BLANG WEU PANJO I,5.119175,97.158259,630,,,,,
11220 - LHOKSEUMAWE,GD112200098,BLM107-00,BLANG WE PANJO III,5.11836,97.158391,250,,,,,
11220 - LHOKSEUMAWE,GD112200232,BLM108-00, WATER BOOM CERIA ,5.120672,97.158763,50,,,,,
11220 - LHOKSEUMAWE,GD112200234,BLM109-00, PERUM KOPRI .II. ,5.121327,97.155063,630,,,,,
11220 - LHOKSEUMAWE,GD112200236,BLM110-00, JL. ELAK JEULEKAT ,5.118703,97.155541,50,,,,,
11220 - LHOKSEUMAWE,GD112200238,BLM111-00, KOMPI BRIMOB I ,5.11793,97.156901,100,,,,,
11220 - LHOKSEUMAWE,GD112200240,BLM112-00, KOMPI BRIMOB II ,5.121747,97.158081,50,,,,,
11220 - LHOKSEUMAWE,GD112200090,BLM113-00,INDOSAT BLANG WEU,5.123842,97.156647,50,,,,,
11220 - LHOKSEUMAWE,GD112200092,BLM114-00,EXELCOMINDO,5.120678,97.152446,100,,,,,
11220 - LHOKSEUMAWE,GD112200185,BLM115-00,PDAM BUKIT RATA,5.116601,97.153876,100,,,,,
11220 - LHOKSEUMAWE,GD112200228,BLM116-00, DS.ALUE LIM.I ,5.115182,97.153668,50,,,,,
11220 - LHOKSEUMAWE,GD112200233,BLM117-00, PERUM KOPRI .I. ,5.121021,97.152102,50,,,,,
11220 - LHOKSEUMAWE,GD112200235,BLM118-00, DS. BLANG BULOH ,5.125803,97.155545,160,,,,,
11220 - LHOKSEUMAWE,GD112200613,BLM119-00,PERUMAHAN BUKET RATA,5.128002,97.156779,50,,,,,
11220 - LHOKSEUMAWE,GD112200184,BLM120-00,DS.BUKIT RATA/(SP.AURI),5.127141,97.154783,100,,,,,
11220 - LHOKSEUMAWE,GD112200186,BLM121-00,DEPAN RS CUT MUTIA,5.099769,97.135499,50,,,,,
11220 - LHOKSEUMAWE,GD112200188,BLM122-00,GEDUNG POLITEKNIK .1,5.107384,97.132694,100,,,,,
11220 - LHOKSEUMAWE,GD112200190,BLM123-00,CV.RAMBONG JAYA MESJID PUNTEUT,5.110783,97.128874,50,,,,,
11220 - LHOKSEUMAWE,GD112200191,BLM124-00,GEDUNG POLITEKNIK .2,5.113781,97.123718,50,,,,,
11220 - LHOKSEUMAWE,GD112200193,BLM125-00,"STAIN MALIKUSALEH, BKT RATA",5.114467,97.122342,100,,,,,
11220 - LHOKSEUMAWE,GD112200195,BLM126-00,A U R I,5.116946,97.121833,50,,,,,
11220 - LHOKSEUMAWE,GD112200187,BLM127-00,DEPAN POLTEK,5.120145,97.118444,100,,,,,
11220 - LHOKSEUMAWE,GD112200189,BLM128-00,JL. ALUE RAYA MESJID PUNTEUET,5.125614,97.121372,50,,,,,
11220 - LHOKSEUMAWE,GD112200192,BLM129-00,DEPAN RS CUT MUTIA,5.131067,97.12353,50,,,,,
11220 - LHOKSEUMAWE,GD112200194,BLM130-00,LAP.HELI AURI/SAT RADAR,5.134701,97.11012,50,,,,,
11220 - LHOKSEUMAWE,GD112200196,BLM131-00,PERUMAHAN POLTEK ,5.135512,97.106503,100,,,,,
11220 - LHOKSEUMAWE,GD112200197,BLM132-00,KOMPI BRIMOB I,5.135635,97.105922,50,,,,,
11220 - LHOKSEUMAWE,GD112200229,BLM133-00, B T N ALUE LIEM ,5.165694,97.106134,100,,,,,
11220 - LHOKSEUMAWE,GD112200230,BLM134-00, GUDANG INDOFOT JL. ELAK ,5.164608,97.104479,25,,,,,
11220 - LHOKSEUMAWE,GD112200231,BLM135-00, PERUMNAS RSS/(ALUE LIM) ,5.161657,97.099965,100,,,,,
11220 - LHOKSEUMAWE,GD112200452,BLM136-00,DPN RS CUT MUTIA,5.157168,97.099451,50,,,,,
11220 - LHOKSEUMAWE,GD112200453,BLM137-00,PERUMAHAN BUKET RATA,5.153204,97.098266,100,,,,,
11220 - LHOKSEUMAWE,GD112200617,BLM138-00,DS.BLANG WEU PANJO I,5.152184,97.09615,50,,,,,
11220 - LHOKSEUMAWE,GD112200618,BLM139-00,DS.BLANG WEU P (SPG SEUNEBOK),5.151418,97.093772,100,,,,,
11220 - LHOKSEUMAWE,GD112200619,BLM140-00,MNS DS. SEUNEBOK,5.159291,97.091288,50,,,,,
11220 - LHOKSEUMAWE,GD112200620,BLM141-00,DS. SEUNEBOK,5.160223,97.088648,50,,,,,
11220 - LHOKSEUMAWE,GD112200621,BLM142-00,TPU JEULEKAT,5.145117,97.103209,100,,,,,
11220 - LHOKSEUMAWE,GD112200622,BLM143-00,SISIP JEULEKAT,5.14865,97.103386,100,,,,,
11220 - LHOKSEUMAWE,GD112200623,BLM144-00,DS.JEULIKAT.,5.150175,97.105026,160,,,,,
11220 - LHOKSEUMAWE,GD112200624,BLM145-00,DAYAH NURUL YAKIN JEULEKAT,5.150232,97.107959,50,,,,,
11220 - LHOKSEUMAWE,GD112200625,BLM146-00,INDOSAT BLANG WEU,5.148389,97.087656,50,,,,,
11220 - LHOKSEUMAWE,GD112200626,BLM147-00,EXELCOMINDO,5.146727,97.084009,25,,,,,
11220 - LHOKSEUMAWE,GD112200627,BLM148-00,SP. ELAK KR SEUNONG,5.14587,97.083208,50,,,,,
11220 - LHOKSEUMAWE,GD112200628,BLM149-00,DEPAN DAYAH MUJAHIDDIN,5.142917,97.088322,50,,,,,
11220 - LHOKSEUMAWE,GD112200724,BLM150-00, PERUMAHAN JALAN ELAK I ,5.139763,97.095207,50,,,,,
11220 - LHOKSEUMAWE,GD112200614,BLM151-00,BLK BLANG ADO,5.131309,97.105462,50,,,,,
11220 - LHOKSEUMAWE,GD112200662,BLM152-00,MNS DS ALUE LIEM,5.113318,97.11763,50,,,,,
11220 - LHOKSEUMAWE,GD112200673,BLM153-00,DS BL WEU PANJOE PUSKESMAS,5.149501,97.090807,50,,,,,
11220 - LHOKSEUMAWE,GD112200615,BLM154-00,MESJID PESANTREN MATAQU A.LIEM,5.115359,97.124787,100,,,,,
11220 - LHOKSEUMAWE,GD112200616,BLM155-00,ASRAMA PESANTREN MATAQU A.LIEM,5.115885,97.12405,100,,,,,
11220 - LHOKSEUMAWE,GD112200725,BLM156-00,SD ALUE LIEM,5.117651,97.118047,50,,,,,
11220 - LHOKSEUMAWE,GD112200541,BLM157-00,SPBU JL ELAK,5.131863,97.121565,50,,,,,
11220 - LHOKSEUMAWE,GD112200726,BLM158-00, Kandang Ayam jl. Elak ,5.129882,97.129337,50,,,,,
11220 - LHOKSEUMAWE,GD112200727,BLM159-00, Bengkel Las Jl. Elak ,5.134077,97.112797,25,,,,,
11220 - LHOKSEUMAWE,GD112200629,BLM160-00,PERUMAHAN BLANG WEU,5.166352,97.106739,50,,,,,
11220 - LHOKSEUMAWE,GD112200647,BLM161-00,LAB KOMPUTER POLITEKNIK,5.118171,97.155933,250,,,,,
11220 - LHOKSEUMAWE,GD112200648,BLM162-00,WINGSFOOD,5.131321,97.122714,160,,,,,
11220 - LHOKSEUMAWE,GD112200728,BLM163-00, Perum Bl.Weu Asri ,5.164653,97.104931,100,,,,,
11220 - LHOKSEUMAWE,GD112200732,BLM173-00,DEPAN SPBU ALUE AWE,5.125022,97.155951,100,,,,,
11220 - LHOKSEUMAWE,GD112200256,KUM001-00, ALUE BADE ,5.149709,97.073134,50,,,,,
11220 - LHOKSEUMAWE,GD112200099,KUM002-00,JL. ELAK PULO IBOH,5.149534,97.0593,50,,,,,
11220 - LHOKSEUMAWE,GD112200101,KUM003-00,BLANG GURAH,5.143998,97.078158,50,,,,,
11220 - LHOKSEUMAWE,GD112200105,KUM004-00,MULIENG MANYANG ,5.136844,97.081977,160,,,,,
11220 - LHOKSEUMAWE,GD112200107,KUM005-00,DS. PANTON RAYEK I,5.143022,97.076451,50,,,,,
11220 - LHOKSEUMAWE,GD112200109,KUM006-00,PASAR MINGGU,5.135286,97.072803,100,,,,,
11220 - LHOKSEUMAWE,GD112200111,KUM007-00,DS. SAWEUK,5.134082,97.073508,50,,,,,
11220 - LHOKSEUMAWE,GD112200114,KUM008-00,BLOK 7,5.121514,97.075137,50,,,,,
11220 - LHOKSEUMAWE,GD112200116,KUM009-00,DS. COT AWEE,5.127693,97.08051,100,,,,,
11220 - LHOKSEUMAWE,GD112200118,KUM010-00,PANTON RYK 1 B,5.118185,97.075705,50,,,,,
11220 - LHOKSEUMAWE,GD112200119,KUM011-00,DS. PULO,5.114845,97.066389,25,,,,,
11220 - LHOKSEUMAWE,GD112200122,KUM012-00,DS. SIMPANG 3,5.115961,97.063829,50,,,,,
11220 - LHOKSEUMAWE,GD112200123,KUM013-00,MULIENG,5.120261,97.054651,25,,,,,
11220 - LHOKSEUMAWE,GD112200124,KUM014-00,KEUDE KRUENG III,5.113415,97.076731,100,,,,,
11220 - LHOKSEUMAWE,GD112200100,KUM015-00,PULO RAYEUK,5.112164,97.078323,50,,,,,
11220 - LHOKSEUMAWE,GD112200102,KUM016-00,MNS.K U L A M,5.111463,97.078927,50,,,,,
11220 - LHOKSEUMAWE,GD112200104,KUM017-00,KD.KRUENG 1,5.110415,97.081685,100,,,,,
11220 - LHOKSEUMAWE,GD112200106,KUM018-00,SIDOMULYO,5.109873,97.083915,100,,,,,
11220 - LHOKSEUMAWE,GD112200108,KUM019-00,KUBU TENGKU,5.10598,97.089253,50,,,,,
11220 - LHOKSEUMAWE,GD112200110,KUM020-00,BEVAK,5.103649,97.090189,50,,,,,
11220 - LHOKSEUMAWE,GD112200112,KUM021-00,TELKOMSEL COT SETUI,5.102085,97.090694,50,,,,,
11220 - LHOKSEUMAWE,GD112200135,KUM022-00,KRUENG MANYANG II,5.097783,97.091819,25,,,,,
11220 - LHOKSEUMAWE,GD112200138,KUM023-00,DS. PANTE BAHAGIA CM,5.096374,97.091365,50,,,,,
11220 - LHOKSEUMAWE,GD112200140,KUM024-00,DS.LHOK II CM,5.095226,97.080531,50,,,,,
11220 - LHOKSEUMAWE,GD112200121,KUM025-00,BLOK 5 II,5.09486,97.094612,25,,,,,
11220 - LHOKSEUMAWE,GD112200142,KUM026-00,DS IE TARIK I,5.093005,97.099944,50,,,,,
11220 - LHOKSEUMAWE,GD112200249,KUM027-00, MNS DAYAH SPK ,5.092654,97.101812,50,,,,,
11220 - LHOKSEUMAWE,GD112200250,KUM028-00, DSN COT LHA SPK ,5.090122,97.090069,50,,,,,
11220 - LHOKSEUMAWE,GD112200129,KUM029-00,KEUDE BULOH,5.108858,97.078399,50,,,,,
11220 - LHOKSEUMAWE,GD112200131,KUM030-00,KRUENG MANYANG I,5.108596,97.077886,25,,,,,
11220 - LHOKSEUMAWE,GD112200133,KUM031-00,COT RHEU,5.104931,97.073598,100,,,,,
11220 - LHOKSEUMAWE,GD112200113,KUM032-00,ALUE MBANG TIMU,5.101099,97.070237,25,,,,,
11220 - LHOKSEUMAWE,GD112200115,KUM033-00,BLOK 5 I,5.080248,97.055018,50,,,,,
11220 - LHOKSEUMAWE,GD112200117,KUM034-00,ALUE PUTRO MANO,5.061312,97.053545,50,,,,,
11220 - LHOKSEUMAWE,GD112200120,KUM035-00,DS. KILANG,5.070808,97.051135,50,,,,,
11220 - LHOKSEUMAWE,GD112200144,KUM036-00,DAYAH MENARA,5.064232,97.044464,50,,,,,
11220 - LHOKSEUMAWE,GD112200146,KUM037-00,DS IE TARIK 2,5.057853,97.04118,50,,,,,
11220 - LHOKSEUMAWE,GD112200148,KUM038-00,DS. COT MEURBO III,5.057174,97.040812,25,,,,,
11220 - LHOKSEUMAWE,GD112200132,KUM039-00,DS. IE TAREK,5.042273,97.043648,50,,,,,
11220 - LHOKSEUMAWE,GD112200134,KUM040-00,BABAH LUENG,5.135611,97.068332,50,,,,,
11220 - LHOKSEUMAWE,GD112200136,KUM041-00,MULING,5.138058,97.065077,50,,,,,
11220 - LHOKSEUMAWE,GD112200125,KUM042-00,MEUNASAH MEURIA,5.139355,97.063428,100,,,,,
11220 - LHOKSEUMAWE,GD112200126,KUM043-00,DS. LANGKUTA,5.140555,97.061419,50,,,,,
11220 - LHOKSEUMAWE,GD112200127,KUM044-00,KD.CEMPEDAK,5.140805,97.06093,25,,,,,
11220 - LHOKSEUMAWE,GD112200128,KUM045-00,DS. CEMPEDAK,5.14131,97.059152,100,,,,,
11220 - LHOKSEUMAWE,GD112200130,KUM046-00,DS.BUKET I,5.144543,97.055862,25,,,,,
11220 - LHOKSEUMAWE,GD112200139,KUM048-00,DS.LHOK I CM,5.145883,97.055112,100,,,,,
11220 - LHOKSEUMAWE,GD112200141,KUM049-00,DS BUKET II,5.14054,97.057926,50,,,,,
11220 - LHOKSEUMAWE,GD112200143,KUM050-00,TELKOMSEL BL. ARA,5.13277,97.050266,25,,,,,
11220 - LHOKSEUMAWE,GD112200145,KUM051-00,COT RHEU,5.133484,97.047897,50,,,,,
11220 - LHOKSEUMAWE,GD112200147,KUM052-00,LHOK JOK ,5.122952,97.044666,50,,,,,
11220 - LHOKSEUMAWE,GD112200149,KUM053-00,PANTE BAHAGIA,5.108216,97.034856,50,,,,,
11220 - LHOKSEUMAWE,GD112200150,KUM054-00,CEMPEDAK,5.100037,97.028907,50,,,,,
11220 - LHOKSEUMAWE,GD112200447,KUM055-00,TERNAK AYAM GUHA UKEE,5.079717,97.03137,50,,,,,
11220 - LHOKSEUMAWE,GD112200445,KUM056-00,JL ALUE LIM,5.064852,97.023791,50,,,,,
11220 - LHOKSEUMAWE,GD112200425,KUM057-00,BLOK 5,5.060385,97.018811,50,,,,,
11220 - LHOKSEUMAWE,GD112200427,KUM058-00,KEUDE KRUENG II,5.056261,97.016103,50,,,,,
11220 - LHOKSEUMAWE,GD112200586,KUM059-00,DS. BLOK 5 - 2 ALUE SAGOWENG,5.046505,97.014575,50,,,,,
11220 - LHOKSEUMAWE,GD112200587,KUM060-00,DS. BLOK 7 UJUNG,5.042244,97.01328,50,,,,,
11220 - LHOKSEUMAWE,GD112200588,KUM061-00,DS. BEUVAK,5.055613,97.009299,50,,,,,
11220 - LHOKSEUMAWE,GD112200589,KUM062-00,DS. SIDOMULYO,5.08157,97.007642,50,,,,,
11220 - LHOKSEUMAWE,GD112200590,KUM063-00,DS. ALUE MBANG TIMU,5.055914,96.997032,25,,,,,
11220 - LHOKSEUMAWE,GD112200591,KUM064-00,DS. PASAR MINGGU SIDO MULYO,5.033272,96.994899,100,,,,,
11220 - LHOKSEUMAWE,GD112200592,KUM065-00,DS. SIMPANG 3 PSR MINGGU,5.028134,97.011403,50,,,,,
11220 - LHOKSEUMAWE,GD112200593,KUM066-00,DS. KILANG,5.021374,96.982747,50,,,,,
11220 - LHOKSEUMAWE,GD112200596,KUM067-00,DS.BLANG ADOE,5.125147,97.098781,50,,,,,
11220 - LHOKSEUMAWE,GD112200597,KUM068-00,DS. MNS KRG INONG 2,5.120124,97.09321,50,,,,,
11220 - LHOKSEUMAWE,GD112200598,KUM069-00,DS. MNS BAYU ,5.114919,97.080799,100,,,,,
11220 - LHOKSEUMAWE,GD112200685,KUM070-00,PERUMAHAN PKS DS GUHA ULHEU,5.132715,97.092627,50,,,,,
11220 - LHOKSEUMAWE,GD112200730,KUM071-00, PABRIK KELAPA SAWIT (PKS) GUHA ULHEU ,5.132815,97.090788,800,,,,,
11220 - LHOKSEUMAWE,GD112200595,KUM072-00,DS. KEURESEUEK ,5.152366,97.065452,50,,,,,
11220 - LHOKSEUMAWE,GD112200594,KUM073-00,DS. KRUENG SEUNONG (KDG AYAM),5.147107,97.080723,50,,,,,
11220 - LHOKSEUMAWE,GD112200649,KUM074-00,PULO IBOH,5.149039,97.072889,100,,,,,
11220 - LHOKSEUMAWE,GD112200650,KUM075-00,DS.LANGKUTA,5.13983,97.054619,25,,,,,
11220 - LHOKSEUMAWE,GD112200651,KUM076-00,GOHA ULEE,5.130046,97.097395,250,,,,,
11220 - LHOKSEUMAWE,GD112200652,KUM077-00,GAMPONG GOHA ULEE,5.133269,97.08841,50,,,,,
11220 - LHOKSEUMAWE,GD112200656,KUM078-00,BLG RIEK,5.106962,97.094158,50,,,,,
11220 - LHOKSEUMAWE,GD112200206,MDA001-00,SP.CUNDA,5.173008,97.131231,200,,,,,
11220 - LHOKSEUMAWE,GD112200207,MDA002-00,SAWANG KEPULA,5.169852,97.133208,200,,,,,
11220 - LHOKSEUMAWE,GD112200208,MDA003-00,LIDO GRAHA,5.168879,97.134163,160,,,,,
11220 - LHOKSEUMAWE,GD112200151,MDA004-00,MNS. BLANG,5.160668,97.13801,160,,,,,
11220 - LHOKSEUMAWE,GD112200152,MDA005-00,SP.KANDANG,5.15733,97.139222,250,,,,,
11220 - LHOKSEUMAWE,GD112200153,MDA006-00,KANDANG KD.DUA,5.144824,97.144093,160,,,,,
11220 - LHOKSEUMAWE,GD112200209,MDA007-00,DEPAN SELAT MALAKA,5.174885,97.128276,250,,,,,
11220 - LHOKSEUMAWE,GD112200210,MDA008-00,SERBA GUNA MOI,5.169263,97.132275,100,,,,,
11220 - LHOKSEUMAWE,GD112200211,MDA009-00,JL.REL HAJI NAFI,5.177626,97.124074,160,,,,,
11220 - LHOKSEUMAWE,GD112200212,MDA010-00,SIMPANG BULOH,5.176247,97.126742,200,,,,,
11220 - LHOKSEUMAWE,GD112200021,MDA011-00,PRH. PANGGOI BARU,5.183299,97.11831,200,,,,,
11220 - LHOKSEUMAWE,GD112200022,MDA012-00,PRH. PANGGOI LAMA,5.186044,97.117812,200,,,,,
11220 - LHOKSEUMAWE,GD112200023,MDA013-00,PANGGOI 1,5.186302,97.120467,200,,,,,
11220 - LHOKSEUMAWE,GD112200016,MDA014-00,GUDANG PUSRI       ,5.197919,97.113252,200,,,,,
11220 - LHOKSEUMAWE,GD112200154,MDA018-00,BLANG CRUM KDG (TELKOMSEL),5.140004,97.146778,50,,,,,
11220 - LHOKSEUMAWE,GD112200024,MDA020-00,TELKOMSEL BTN PANGGOI,5.183028,97.117958,100,,,,,
11220 - LHOKSEUMAWE,GD112200155,MDA021-00,PR.ST.CHILDREN MN MANYANG,5.146786,97.143184,100,,,,,
11220 - LHOKSEUMAWE,GD112200200,MDA022-00,PR.BRR BLANG CRUM (SP. POSKA),5.13765,97.141926,50,,,,,
11220 - LHOKSEUMAWE,GD112200213,MDA024-00,TP. DALAM,5.180275,97.11956,160,,,,,
11220 - LHOKSEUMAWE,GD112200214,MDA025-00,PALOH PINENG,5.177975,97.117356,100,,,,,
11220 - LHOKSEUMAWE,GD112200019,MDA026-00,PANGGOI ,5.192494,97.116635,160,,,,,
11220 - LHOKSEUMAWE,GD112200215,MDA027-00,PAYA LHOK,5.17171,97.119649,50,,,,,
11220 - LHOKSEUMAWE,GD112200049,MDA028-00,JL.REL COT SABONG,5.171558,97.128251,160,,,,,
11220 - LHOKSEUMAWE,GD112200050,MDA029-00,JL. REL K API KOMPI,5.17498,97.127559,50,,,,,
11220 - LHOKSEUMAWE,GD112200051,MDA030-00,LHOK MON PUTEH,5.161197,97.120426,100,,,,,
11220 - LHOKSEUMAWE,GD112200052,MDA031-00,PAYA PUNTUET I ,5.169509,97.11301,100,,,,,
11220 - LHOKSEUMAWE,GD112200156,MDA032-00,BLANG CRUM KANDANG,5.142509,97.145566,100,,,,,
11220 - LHOKSEUMAWE,GD112200053,MDA034-00,CUNDA PLAZA,5.175037,97.132081,100,,,,,
11220 - LHOKSEUMAWE,GD112200223,MDA035-00, PERUMNAS ABRI KDG ,5.140945,97.124504,100,,,,,
11220 - LHOKSEUMAWE,GD112200054,MDA036-00,UTUEN KOT CUNDA,5.165294,97.131706,100,,,,,
11220 - LHOKSEUMAWE,GD112200055,MDA037-00,PAYA PUNTUET II,5.173828,97.119708,50,,,,,
11220 - LHOKSEUMAWE,GD112200157,MDA038-00,BL.CRUM KANDANG,5.14943,97.142631,100,,,,,
11220 - LHOKSEUMAWE,GD112200158,MDA039-00,KAMPUS STAIN BKT RATA 2,5.173635,97.123281,100,,,,,
11220 - LHOKSEUMAWE,GD112200056,MDA040-00,PESANTREN/ U.KOT CUNDA,5.166162,97.1284,250,,,,,
11220 - LHOKSEUMAWE,GD112200444,MDA041-00,DUNIA MOTOR,5.165201,97.136094,100,,,,,
11220 - LHOKSEUMAWE,GD112200224,MDA042-00," PT. KUTA LSM GAS, COT GIREK KNDG ",5.133538,97.122295,160,,,,,
11220 - LHOKSEUMAWE,GD112200159,MDA043-00,COT GIREK  KDG,5.158985,97.120297,50,,,,,
11220 - LHOKSEUMAWE,GD112200160,MDA046-00,RRI DS.MNS B KDG,5.152287,97.134189,100,,,,,
11220 - LHOKSEUMAWE,GD112200025,MDA047-00,POLRES CUNDA,5.179703,97.123074,160,,,,,
11220 - LHOKSEUMAWE,GD112200084,MDA049-00,DS.PAYA BILI I,5.180652,97.104993,50,,,,,
11220 - LHOKSEUMAWE,GD112200085,MDA050-00,DS.PAYA BILI II,5.184784,97.102396,50,,,,,
11220 - LHOKSEUMAWE,GD112200161,MDA051-00,KANTOR BLK KANDANG,5.154587,97.137186,100,,,,,
11220 - LHOKSEUMAWE,GD112200057,MDA053-00,PRH.BKT COT SABONG,5.171517,97.123743,100,,,,,
11220 - LHOKSEUMAWE,GD112200162,MDA056-00,PRH.MUTIARA INDAH,5.134358,97.150561,200,,,,,
11220 - LHOKSEUMAWE,GD112200058,MDA057-00,JL.BL ARA/P.PUNTEUT,5.174032,97.117154,100,,,,,
11220 - LHOKSEUMAWE,GD112200198,MDA061-00,PR. TSUNAMI MNS DAYAH,5.122433,97.133844,50,,,,,
11220 - LHOKSEUMAWE,GD112200163,MDA062-00,RRI MNS BLANG,5.155632,97.132934,100,,,,,
11220 - LHOKSEUMAWE,GD112200059,MDA063-00,DEPAN AKLI CUNDA,5.171298,97.132006,50,,,,,
11220 - LHOKSEUMAWE,GD112200164,MDA064-00,KTR.PT.PLN (PERSERO),5.169176,97.135215,200,,,,,
11220 - LHOKSEUMAWE,GD112200017,MDA065-00,SEKOLAH SUKMA,5.1964,97.114238,160,,,,,
11220 - LHOKSEUMAWE,GD112200026,MDA066-00,SERAMBI,5.181693,97.122228,200,,,,,
11220 - LHOKSEUMAWE,GD112200027,MDA068-00,PT. HUTCHISON PANGGOI,5.184988,97.120527,100,,,,,
11220 - LHOKSEUMAWE,GD112200060,MDA069-00,STIE MUSLIM CUNDA,5.175204,97.127904,50,,,,,
11220 - LHOKSEUMAWE,GD112200061,MDA070-00,DEPAN KTR CAMAT MD,5.174711,97.12519,160,,,,,
11220 - LHOKSEUMAWE,GD112200165,MDA071-00,PERUMAHAN ALUE AWE,5.131495,97.150183,100,,,,,
11220 - LHOKSEUMAWE,GD112200028,MDA072-00,PT. SAMPOERNA,5.185797,97.120902,160,,,,,
11220 - LHOKSEUMAWE,GD112200166,MDA073-00,PT.HUTCHISON MNS MEE,5.157014,97.139316,25,,,,,
11220 - LHOKSEUMAWE,GD112200167,MDA074-00,MESJID AS SYURA KANDANG,5.155564,97.137879,100,,,,,
11220 - LHOKSEUMAWE,GD112200062,MDA075-00,TELKOMSEL KD CUNDA,5.173482,97.131684,25,,,,,
11220 - LHOKSEUMAWE,GD112200063,MDA076-00,PAYA PUNTEUET 2,5.172176,97.115109,50,,,,,
11220 - LHOKSEUMAWE,GD112200168,MDA077-00,MNS MANYANG KANDANG,5.154466,97.140852,100,,,,,
11220 - LHOKSEUMAWE,GD112200169,MDA078-00,PENGADILAN ALUE AWE,5.12927,97.144698,400,,,,,
11220 - LHOKSEUMAWE,GD112200020,MDA079-00,JL. BNA MDN PANGGOI 2,5.190742,97.117567,250,,,,,
11220 - LHOKSEUMAWE,GD112200170,MDA080-00,STAIN 2 JL ELAK ALUE AWE,5.128123,97.15109,200,,,,,
11220 - LHOKSEUMAWE,GD112200171,MDA081-00,KOMP. MUTIARA 2 ALUE AWE,5.133656,97.149668,160,,,,,
11220 - LHOKSEUMAWE,GD112200018,MDA082-00,TELKOMSEL PANGGOI ASRI,5.194067,97.115709,50,,,,,
11220 - LHOKSEUMAWE,GD112200064,MDA083-00,TELKOMSEL UTEUNKOT,5.16883,97.129709,50,,,,,
11220 - LHOKSEUMAWE,GD112200172,MDA084-00,COT GIREK  KDG 2,5.151827,97.135983,50,,,,,
11220 - LHOKSEUMAWE,GD112200065,MDA086-00,DPN MESJID CUNDA,5.173269,97.130219,100,,,,,
11220 - LHOKSEUMAWE,GD112200066,MDA087-00,SP. COT SABONG,5.173066,97.129498,100,,,,,
11220 - LHOKSEUMAWE,GD112200173,MDA088-00,SP. ELAK ALUE AWE,5.128133,97.154395,100,,,,,
11220 - LHOKSEUMAWE,GD112200029,MDA089-00,SAMP. POLRES CUNDA,5.180932,97.122314,100,,,,,
11220 - LHOKSEUMAWE,GD112200067,MDA091-00,MESJID MNS MESJID CUNDA,5.177636,97.125158,250,,,,,
11220 - LHOKSEUMAWE,GD112200030,MDA092-00,GRIYA PANGGOI,5.184272,97.116324,50,,,,,
11220 - LHOKSEUMAWE,GD112200174,MDA093-00,KANTOR BNN JL. ELAK,5.129722,97.150148,50,,,,,
11220 - LHOKSEUMAWE,GD112200175,MDA095-00,KAMPUS STAIN BKT RATA 3,5.122479,97.150589,100,,,,,
11220 - LHOKSEUMAWE,GD112200225,MDA096-00, JL. SP KERAMAT SPBE 2 ,5.132402,97.123793,50,,,,,
11220 - LHOKSEUMAWE,GD112200068,MDA097-00,PALOH BATE,5.175267,97.112076,100,,,,,
11220 - LHOKSEUMAWE,GD112200226,MDA098-00, BLANG RAYA KANDANG ,5.13867,97.126434,50,,,,,
11220 - LHOKSEUMAWE,GD112200176,MDA099-00,PASAR IKAN CUNDA,5.176692,97.130007,100,,,,,
11220 - LHOKSEUMAWE,GD112200069,MDA103-00,KTR DISPERINDAGKOP UTEUNKOT,5.168686,97.132796,50,,,,,
11220 - LHOKSEUMAWE,GD112200177,MDA107-00,JL. REL SP ULUMUDDIN ,5.174051,97.11943,50,,,,,
11220 - LHOKSEUMAWE,GD112200178,MDA109-00,BUMI PERSADA,5.129352,97.153781,50,,,,,
11220 - LHOKSEUMAWE,GD112200179,MDA110-00,SAWANG KUPULA,5.168164,97.134504,100,,,,,
11220 - LHOKSEUMAWE,GD112200071,MDA111-00,TK. PANGGOI,5.183029,97.121678,100,,,,,
11220 - LHOKSEUMAWE,GD112200180,MDA113-00,POM BENSIN,5.133199,97.151339,50,,,,,
11220 - LHOKSEUMAWE,GD112200031,MDA115-00,KAPTEN YUSUF,5.180964,97.125047,100,,,,,
11220 - LHOKSEUMAWE,GD112200181,MDA116-00,MENASAH BLANG KANDANG,5.159397,97.135211,100,,,,,
11220 - LHOKSEUMAWE,GD112200072,MDA117-00,PERUMAHAN UTEUNKOT,5.166532,97.128981,100,,,,,
11220 - LHOKSEUMAWE,GD112200182,MDA118-00,MENASAH COT MAMPLAM II,5.152135,97.142052,50,,,,,
11220 - LHOKSEUMAWE,GD112200227,MDA119-00, COT GIREK KANDANG ,5.148557,97.134366,100,,,,,
11220 - LHOKSEUMAWE,GD112200199,MDA120-00,PRUM BNN JL. ELAK,5.129413,97.14684,50,,,,,
11220 - LHOKSEUMAWE,GD112200183,MDA121-00,MAHKAMAH SYARIAH,5.131383,97.152436,100,,,,,
11220 - LHOKSEUMAWE,GD112200014,MDA125-00,ALOSKALA III,5.205134,97.114054,100,,,,,
11220 - LHOKSEUMAWE,GD112200073,MDA126-00,SP. ARDATH,5.177612,97.124056,100,,,,,
11220 - LHOKSEUMAWE,GD112200431,MDA127-00,GRIYA BTN PANGGOI II,5.166009,97.121557,50,,,,,
11220 - LHOKSEUMAWE,GD112200089,MDA128-00,PALOH PUNTI III,5.179384,97.111441,50,,,,,
11220 - LHOKSEUMAWE,GD112200074,MDA129-00,JL. REL UTEUN KOT,5.167132,97.130627,100,,,,,
11220 - LHOKSEUMAWE,GD112200439,MDA131-00,GUDANG GARAM,5.184498,97.121385,160,,,,,
11220 - LHOKSEUMAWE,GD112200440,MDA132-00,RSU MEDICAL CENTER,5.173977,97.129691,160,,,,,
11220 - LHOKSEUMAWE,GD112200441,MDA133-00,SP SELAT MALAKA II,5.175168,97.1285,100,,,,,
11220 - LHOKSEUMAWE,GD112200442,MDA134-00,PERUMAHAN GREEN HIL PANGGOI,5.184184,97.113505,50,,,,,
11220 - LHOKSEUMAWE,GD112200426,MDA135-00,PAYA PUNTEUT,5.168307,97.112022,50,,,,,
11220 - LHOKSEUMAWE,GD112200430,MDA139-00,PERUMAHAN PAK EKA,5.196118,97.111556,50,,,,,
11220 - LHOKSEUMAWE,GD112200451,MDA140-00,GEDUNG TARBIYAH STAIN,5.12306,97.150534,50,,,,,
11220 - LHOKSEUMAWE,GD112200659,MDA141-00,JLN IAIN,5.129639,97.152085,100,,,,,
11220 - LHOKSEUMAWE,GD112200686,MDA142-00,GEDUNG AKADEMIK IAIN,5.127241,97.153127,100,,,,,
11220 - LHOKSEUMAWE,GD112200687,MDA143-00,GEDUNG DAKWAH IAIN,5.125685,97.150535,100,,,,,
11220 - LHOKSEUMAWE,GD112200450,MDA144-00,RUMAH PAK KETUA ,5.141947,97.135654,50,,,,,
11220 - LHOKSEUMAWE,GD112200661,MDA145-00,PERUMAHAN TSUNAMI II,5.13753,97.144338,100,,,,,
11220 - LHOKSEUMAWE,GD112200688,MDA146-00,GUDANG COCACOLA,5.128818,97.139258,50,,,,,
11220 - LHOKSEUMAWE,GD112200666,MDA147-00,GEDUNG SERBAGUNA IAIN,5.127175,97.15054,100,,,,,
11220 - LHOKSEUMAWE,GD112200524,MDA149-00,PERUM BLANG POROH II,5.169366,97.121157,50,,,,,
11220 - LHOKSEUMAWE,GD112200722,MDA150-00,SISIP ALOSKALA ,5.200099,97.111834,100,,,,,
11220 - LHOKSEUMAWE,GD112200523,MDA151-00,PERUM BLANG POROH ALM. PAK YAHYA,5.165904,97.116985,100,,,,,
11220 - LHOKSEUMAWE,GD112200522,MDA153-00,KANTOR KIP,5.168648,97.132748,100,,,,,
11220 - LHOKSEUMAWE,GD112200521,MDA154-00,ISTANA KNALPOT MESJID CUNDA,5.177141,97.125736,50,,,,,
11220 - LHOKSEUMAWE,GD112200674,MDA155-00,ALFAMART MNS. MESJID,5.182157,97.122116,50,,,,,
11220 - LHOKSEUMAWE,GD112200723,MDA156-00,DESA ALUE KOMPLEK ABUYAN ,5.183113,97.113076,50,,,,,
11220 - LHOKSEUMAWE,GD112200694,MDA157-00,LAPANGAN FUTSAL PANGGOI,5.191523,97.117196,50,,,,,
11220 - LHOKSEUMAWE,GD112200695,MDA158-00,DEPAN MESJID PANGGOI,5.19362,97.11597,50,,,,,
11220 - LHOKSEUMAWE,GD112200696,MDA159-00,DEPAN LORONG SD PANGGOI,5.194882,97.115224,50,,,,,
11220 - LHOKSEUMAWE,GD112200698,MDA160-00,GUDANG ES KRIM AICE,5.195972,97.114533,50,,,,,
11220 - LHOKSEUMAWE,GD112200699,MDA161-00,GUDANG PUSRI II,5.197137,97.113771,50,,,,,
11220 - LHOKSEUMAWE,GD112200520,MDA162-00,JALAN COT SABONG ,5.171983,97.128632,50,,,,,
11220 - LHOKSEUMAWE,GD112200519,MDA163-00,JLN. REL UTEUN KOT/BALAI BABUL ULUM,5.170002,97.129092,50,,,,,
11220 - LHOKSEUMAWE,GD112200518,MDA164-00,JLN. REL LORONG MEE,5.166292,97.131061,50,,,,,
11220 - LHOKSEUMAWE,GD112200517,MDA165-00,DEPAN DAYAH ULUMUDDIN,5.166085,97.127909,100,,,,,
11220 - LHOKSEUMAWE,GD112200516,MDA166-00,COT SABONG KUBURAN CINA,5.170934,97.126276,50,,,,,
11220 - LHOKSEUMAWE,GD112200515,MDA167-00,BLANG POROH UJUNG,5.162489,97.121134,50,,,,,
11220 - LHOKSEUMAWE,GD112200700,MDA168-00,PERUM HJ.SUBHAN,5.196284,97.116686,100,,,,,
11220 - LHOKSEUMAWE,GD112200701,MDA169-00,SISIP PR. ABRI KANDANG,5.140997,97.124919,50,,,,,
11220 - LHOKSEUMAWE,GD112200702,MDA170-00,FAKULTAS EKONOMI IAIN,5.125338,97.147064,250,,,,,
11220 - LHOKSEUMAWE,GD112200720,MDA171-00,IAIN CENTER ,5.125703,97.150523,250,,,,,
11220 - LHOKSEUMAWE,GD112200703,MDA172-00,PANGGOI DEKAT MENASAH,5.188373,97.119582,100,,,,,
11220 - LHOKSEUMAWE,GD112200729,MDA173-00, M.Nek Mns.Mee kdg ,5.162861,97.137469,100,,,,,
11220 - LHOKSEUMAWE,GD112200514,MDA174-00,DS MNS. ALUE SP. ASRAMA POLISI,5.179672,97.118601,100,,,,,
11220 - LHOKSEUMAWE,GD112200704,MDA175-00,KOMPLEK PERMATA BIRU PANGGOI,5.186908,97.116785,100,,,,,
11220 - LHOKSEUMAWE,GD112200705,MDA176-00,BTN LAMA II,5.187336,97.119147,100,,,,,
11220 - LHOKSEUMAWE,GD112200706,MDA177-00,POLRES LHOKSEUMAWE,5.18092,97.12229,200,,,,,
11220 - LHOKSEUMAWE,GD112200707,MDA178-00,GRIYA BTN 2,5.18397,97.115395,50,,,,,
11220 - LHOKSEUMAWE,GD112200708,MDA179-00,REL MEUGINTON KD 2 KANDANG ,5.139008,97.147145,100,,,,,
11220 - LHOKSEUMAWE,GD112200709,MDA180-00,KING RESIDEN PANGGOI,5.19159,97.111579,100,,,,,
11220 - LHOKSEUMAWE,GD112200710,MDA181-00,JL. SD PANGGOI,5.192882,97.114012,50,,,,,
11220 - LHOKSEUMAWE,GD112200711,MDA184-00,Rel Meiginton Panggoi ,5.190042,97.118012,50,,,,,
11220 - LHOKSEUMAWE,GD112200712,MDA185-00,PR MUTIARA 3,5.132469,97.148299,50,,,,,
11220 - LHOKSEUMAWE,GD112200713,MDA186-00,Pr. Panggoi Atas ,5.184014,97.119219,50,,,,,
11220 - LHOKSEUMAWE,GD112200714,MDA187-00,Jl. Mdn Bna Panggoi ,5.183846,97.121383,100,,,,,
11220 - LHOKSEUMAWE,GD112200513,MDA189-00,MEUNASAH PY. PUNTEUET,5.175008,97.115731,100,,,,,
11220 - LHOKSEUMAWE,GD112200715,MDA190-00,KOMP. BUMI DAYA BEL. PLN CUNDA ,5.16991,97.136345,50,,,,,
11220 - LHOKSEUMAWE,GD112200716,MDA191-00,Pr. Fiton Alue Liem ,5.136305,97.12518,100,,,,,
11220 - LHOKSEUMAWE,GD112200512,MDA192-00,PR. PALOH BATE,5.175271,97.11263,100,,,,,
11220 - LHOKSEUMAWE,GD112200717,MDA193-00,Mesjid Elak ,5.129852,97.151888,100,,,,,
11220 - LHOKSEUMAWE,GD112200721,MDA194-00,Fak Usuluddin IAIN ,5.128452,97.150931,200,,,,,
11220 - LHOKSEUMAWE,GD112200718,MDA195-00,RUMAH KETUA 2,5.143063,97.137141,50,,,,,
11220 - LHOKSEUMAWE,GD112200511,MDA196-00,LAP. HIRAQ BARU MNS BLANG,5.162105,97.133434,,,,,,
11220 - LHOKSEUMAWE,GD112200510,MDA197-00,LAP. BOLA HIRAQ BARU MNS BLANG,5.159906,97.134595,50,,,,,
11220 - LHOKSEUMAWE,GD112200557,MDA198-00,GRIYA BTN PANGGOI II,5.182713,97.111638,50,,,,,
11220 - LHOKSEUMAWE,GD112200559,MDA199-00,PASAR INDUK ALOSKALA,5.204688,97.114142,200,,,,,
11220 - LHOKSEUMAWE,GD112200549,MDA201-00,SMA 8 KANDANG,5.13497,97.124694,50,,,,,
11220 - LHOKSEUMAWE,GD112200544,MDA202-00,PT. RAJA ACEH MAKMUR,5.179698,97.123079,100,,,,,
11220 - LHOKSEUMAWE,GD112200719,MDA203-00,PR. CUNDA PERMAI UTEUNKOT,5.164896,97.131925,100,,,,,
11220 - LHOKSEUMAWE,GD112200691,MDA204-00,SYAHBANDAR SUKMA,5.196788,97.113975,50,,,,,
11220 - LHOKSEUMAWE,GD112200632,MDA205-00,UNIKI ALUE AWE,5.128127,97.149701,50,,,,,
11220 - LHOKSEUMAWE,GD112200635,MDA206-00,CAPELLA PANGGOI,5.185697,97.120694,160,,,,,
11220 - LHOKSEUMAWE,GD112200638,MDA207-00,PERUMAHAN COT GIREK KANDANG,5.145589,97.131091,50,,,,,
11220 - LHOKSEUMAWE,GD112200630,MDA208-00,PAYA PUNTET,5.173671,97.121612,50,,,,,
11220 - LHOKSEUMAWE,GD112200636,MDA209-00,MEUNASAH MASJID,5.18142,97.126043,100,,,,,
11220 - LHOKSEUMAWE,GD112200640,MDA210-00,JL. REL KA KANDANG,5.154589,97.137437,50,,,,,
11220 - LHOKSEUMAWE,GD112200645,MDA211-00,PT. KUTA RADJA STONE C ,5.121118,97.132137,250,,,,,
11220 - LHOKSEUMAWE,GD112200646,MDA212-00,CUNDA,5.174191,97.129127,100,,,,,
11220 - LHOKSEUMAWE,GD112200653,MDA213-00,PERM PETRO DOLLAR ALUE AWE,5.136644,97.148793,50,,,,,
11220 - LHOKSEUMAWE,GD112200654,MDA214-00,CLUSTER ASIA RESIDENCE,5.163254,97.13281,50,,,,,
11220 - LHOKSEUMAWE,GD112200733,MDA219-00,ALUE AWE,5.132745,97.151572,100,,,,,
11220 - LHOKSEUMAWE,GD112200735,MDA220-00,SYECH KUPI,5.177731,97.123995,100,,,,,
11220 - LHOKSEUMAWE,GD112200561,MRS101-00,LOSKALA 1/ RUMAH BESAR,5.203013,97.109263,100,,,,,
11220 - LHOKSEUMAWE,GD112200562,MRS102-00,MESJID LOSKALA,5.207504,97.105094,50,,,,,
11220 - LHOKSEUMAWE,GD112200563,MRS103-00,LOSKALA II,5.207811,97.104645,50,,,,,
11220 - LHOKSEUMAWE,GD112200564,MRS104-00,LOSKALA  III,5.208961,97.102853,50,,,,,
11220 - LHOKSEUMAWE,GD112200565,MRS105-00,DS.BLANG PANYANG II,5.2114,97.100386,160,,,,,
11220 - LHOKSEUMAWE,GD112200566,MRS106-00,BLANG PANJANG I,5.214808,97.095441,50,,,,,
11220 - LHOKSEUMAWE,GD112200567,MRS107-00,RS. JIWA BL. PANYANG,5.213205,97.09231,50,,,,,
11220 - LHOKSEUMAWE,GD112200568,MRS108-00,DEPAN SIGMA,5.212907,97.087549,100,,,,,
11220 - LHOKSEUMAWE,GD112200569,MRS109-00,JLN. PALOH,5.208284,97.08536,100,,,,,
11220 - LHOKSEUMAWE,GD112200526,MRS110-00,COT PAYA MEURIA PALOH 2,5.203048,97.095361,25,,,,,
11220 - LHOKSEUMAWE,GD112200527,MRS111-00,COT PAYA MEURIA PALOH I,5.2015,97.096788,50,,,,,
11220 - LHOKSEUMAWE,GD112200676,MRS112-00,MIN PALOH,5.207547,97.085783,50,,,,,
11220 - LHOKSEUMAWE,GD112200528,MRS113-00,MNS. MEURIA PALOH II,5.204394,97.086503,100,,,,,
11220 - LHOKSEUMAWE,GD112200531,MRS114-00,PESANTREN MEURIAH PALOH,5.199967,97.085197,160,,,,,
11220 - LHOKSEUMAWE,GD112200678,MRS115-00,DAYAH PALOH LHOK ANGEN,5.200036,97.089579,100,,,,,
11220 - LHOKSEUMAWE,GD112200679,MRS116-00,PALOH,5.21045,97.082659,100,,,,,
11220 - LHOKSEUMAWE,GD112200680,MRS117-00,DS PADANG SAKTI,5.210461,97.083014,100,,,,,
11220 - LHOKSEUMAWE,GD112200533,MRS118-00,PASAR SP. LINE PDG SAKTI,5.208481,97.078104,50,,,,,
11220 - LHOKSEUMAWE,GD112200681,MRS119-00,SP. BUKIT INDAH,5.205774,97.078239,160,,,,,
11220 - LHOKSEUMAWE,GD112200682,MRS120-00,PT.ARUN/GENALI RAYA,5.202716,97.079552,100,,,,,
11220 - LHOKSEUMAWE,GD112200534,MRS121-00,UTEUN RAYEUK,5.202234,97.077214,50,,,,,
11220 - LHOKSEUMAWE,GD112200570,MRS122-00,MNS.DAYAH/P.SAKTI,5.19354,97.072152,50,,,,,
11220 - LHOKSEUMAWE,GD112200571,MRS123-00,DS.BLANG KUMBANG,5.188858,97.062959,50,,,,,
11220 - LHOKSEUMAWE,GD112200538,MRS124-00,JLN.  BUKIT INDAH UNIMA,5.20648,97.077189,50,,,,,
11220 - LHOKSEUMAWE,GD112200539,MRS125-00,FAK. HUKUM UNIMAL BI,5.203321,97.06587,250,,,,,
11220 - LHOKSEUMAWE,GD112200572,MRS126-00,KAMPUS UNIMAL,5.20591,97.063382,630,,,,,
11220 - LHOKSEUMAWE,GD112200573,MRS127-00,KAMPUS BI / JL. SUMATERA,5.202722,97.062658,200,,,,,
11220 - LHOKSEUMAWE,GD112200574,MRS128-00,FAKULTAS TEKNIK UNIMAL,5.202606,97.063623,100,,,,,
11220 - LHOKSEUMAWE,GD112200575,MRS129-00,GEDUNG LAB. E UNIMAL,5.203023,97.063653,160,,,,,
11220 - LHOKSEUMAWE,GD112200576,MRS130-00,GEDUNG LAB. D UNIMAL,5.201701,97.063846,200,,,,,
11220 - LHOKSEUMAWE,GD112200577,MRS131-00,GEDUNG LAB. F UNIMAL,5.200521,97.063579,100,,,,,
11220 - LHOKSEUMAWE,GD112200578,MRS132-00,GEDUNG LAB. F UNIMAL,5.200225,97.063459,250,,,,,
11220 - LHOKSEUMAWE,GD112200579,MRS133-00,LAB. T. INFORMATIKA,5.200124,97.063429,250,,,,,
11220 - LHOKSEUMAWE,GD112200580,MRS134-00,DS. PALOH PUNTI II,5.181102,97.087931,50,,,,,
11220 - LHOKSEUMAWE,GD112200581,MRS135-00,DS. PALOH PUNTI I,5.183018,97.085412,100,,,,,
11220 - LHOKSEUMAWE,GD112200582,MRS136-00,GAPURA DS. COT TRIENG,5.186498,97.081709,50,,,,,
11220 - LHOKSEUMAWE,GD112200583,MRS137-00,COT TRIENG 2,5.184735,97.076602,100,,,,,
11220 - LHOKSEUMAWE,GD112200585,MRS139-00,MEUNASAH DS. COT TRIENG,5.172225,97.070474,50,,,,,
11220 - LHOKSEUMAWE,GD112200657,MRS140-00,PERM SENTOSA PALOH,5.201329,97.111038,100,,,,,
11220 - LHOKSEUMAWE,GD112200684,MRS141-00,JL PR SYAHRUL,5.207229,97.07152,50,,,,,
11220 - LHOKSEUMAWE,GD112200548,MRS142-00,DEPAN PUSKESMAS PALOH,5.209655,97.078843,100,,,,,
11220 - LHOKSEUMAWE,GD112200669,MRS143-00,PR.KANDEH RESIDENT,5.196173,97.083406,100,,,,,
11220 - LHOKSEUMAWE,GD112200668,MRS144-00,PABRIK ES DS. PALOH,5.214051,97.089012,50,,,,,
11220 - LHOKSEUMAWE,GD112200637,MRS145-00,SMK 7 BLANG PANYANG,5.196184,97.083402,50,,,,,
11220 - LHOKSEUMAWE,GD112200239,SPK001-00, BLK ,5.1026,97.116039,100,,,,,
11220 - LHOKSEUMAWE,GD112200252,SPK002-00, KEBON BARO ,5.100483,97.115069,50,,,,,
11220 - LHOKSEUMAWE,GD112200258,SPK003-00, DESA BLANG ABEUK I ,5.096962,97.114638,100,,,,,
11220 - LHOKSEUMAWE,GD112200260,SPK004-00, K M . 6 .  P T P/BATU VI ,5.095126,97.114229,50,,,,,
11220 - LHOKSEUMAWE,GD112200262,SPK005-00, DS. ALUE RAMBE II ,5.092276,97.112939,50,,,,,
11220 - LHOKSEUMAWE,GD112200265,SPK006-00, JL. PTP PASE SENTOSA 2 ,5.08903,97.112726,100,,,,,
11220 - LHOKSEUMAWE,GD112200267,SPK007-00, PT. RAHMANIA FONDATIAN ,5.089653,97.111034,50,,,,,
11220 - LHOKSEUMAWE,GD112200103,SPK008-00,COT SEUTUI  (KD.BERGHANG),5.090219,97.110461,25,,,,,
11220 - LHOKSEUMAWE,GD112200264,SPK009-00, JL.PTP PASE SENTOSA 1 ,5.090277,97.110399,50,,,,,
11220 - LHOKSEUMAWE,GD112200266,SPK010-00, SP. 4 SPK. YAHYA FONDATION ,5.091673,97.106332,50,,,,,
11220 - LHOKSEUMAWE,GD112200259,SPK011-00, K M . 8 .  P T P/BATU VIII ,5.088865,97.114321,50,,,,,
11220 - LHOKSEUMAWE,GD112200253,SPK012-00, DS.MNS.BAROH  ,5.089271,97.123176,50,,,,,
11220 - LHOKSEUMAWE,GD112200255,SPK013-00, JL.PANTI ASUHAN DS.TEUNGOH ,5.091369,97.133055,50,,,,,
11220 - LHOKSEUMAWE,GD112200257,SPK014-00, YONKAF SERBU SPK ,5.085092,97.136456,50,,,,,
11220 - LHOKSEUMAWE,GD112200261,SPK015-00, DS.ALUE RAMBE I ,5.078524,97.128568,100,,,,,
11220 - LHOKSEUMAWE,GD112200263,SPK016-00, DS. ALUE RAMBE III (LHOK JOK) ,5.076819,97.137404,100,,,,,
11220 - LHOKSEUMAWE,GD112200242,SPK017-00, MNS BAYU  ,5.085626,97.120666,50,,,,,
11220 - LHOKSEUMAWE,GD112200244,SPK018-00, PAYA TEUNGOH ,5.083233,97.123141,100,,,,,
11220 - LHOKSEUMAWE,GD112200246,SPK019-00, TELKOMSEL SP.KERAMAT ,5.086653,97.124511,50,,,,,
11220 - LHOKSEUMAWE,GD112200251,SPK020-00, SP KRAMAT (KEUDE) ,5.086739,97.113751,50,,,,,
11220 - LHOKSEUMAWE,GD112200245,SPK021-00, PASAR SIMP KERAMAT ,5.078421,97.118001,50,,,,,
11220 - LHOKSEUMAWE,GD112200247,SPK022-00, INDOSAT SP. KEURAMAT ,5.08664,97.111308,50,,,,,
11220 - LHOKSEUMAWE,GD112200248,SPK023-00, SIMP.3 KD SP. KERAMAT ,5.083305,97.107816,50,,,,,
11220 - LHOKSEUMAWE,GD112200237,SPK024-00, P D A M ,5.071471,97.100196,50,,,,,
11220 - LHOKSEUMAWE,GD112200241,SPK025-00, DS.BLANG ADOE ,5.051767,97.082628,25,,,,,
11220 - LHOKSEUMAWE,GD112200243,SPK026-00, PAYA LEUPAH ,5.048116,97.078449,50,,,,,
11220 - LHOKSEUMAWE,GD112200446,SPK027-00,BAYU,5.056243,97.066098,25,,,,,
11220 - LHOKSEUMAWE,GD112200448,SPK028-00,BLANG ABEUK,5.075507,97.071037,50,,,,,
11220 - LHOKSEUMAWE,GD112200550,SPK030-00,DS. ALUE RAMBE III (LHOK JOK),5.088137,97.082353,25,,,,,
11220 - LHOKSEUMAWE,GD112200551,SPK031-00,K M . 8 .  P T P/BATU VIII,5.037592,97.068219,50,,,,,
11220 - LHOKSEUMAWE,GD112200552,SPK032-00,DS. SIMPANG JAMBE BT.VIII,5.03605,97.064164,50,,,,,
11220 - LHOKSEUMAWE,GD112200553,SPK033-00,JL.PTP PASE SENTOSA 1,5.034796,97.062571,25,,,,,
11220 - LHOKSEUMAWE,GD112200554,SPK034-00,JL. PTP PASE SENTOSA 2,5.026049,97.046409,25,,,,,
11220 - LHOKSEUMAWE,GD112200555,SPK035-00,SP. 4 SPK. YAHYA FONDATION,4.996697,97.035058,50,,,,,
11220 - LHOKSEUMAWE,GD112200736,SPK036-00,MNS DAYAH SPK,5.066821,97.090527,50,,,,,
11221 - KRUENGGEUKUEH,GD112210111,BAB001-00,SIMPANG ELAK DS. PAYA DUA,5.224144,96.988945,100,,,,,
11221 - KRUENGGEUKUEH,GD112210146,BAB002-00,PAYA DUA II,5.218266,96.98478,50,,,,,
11221 - KRUENGGEUKUEH,GD112210147,BAB003-00,PUSKESMAS COT JABET,5.206861,96.978354,50,,,,,
11221 - KRUENGGEUKUEH,GD112210148,BAB004-00,COT JABET,5.203785,96.974461,50,,,,,
11221 - KRUENGGEUKUEH,GD112210150,BAB005-00,KEUDE ULEE NYEU,5.19761,96.969262,50,,,,,
11221 - KRUENGGEUKUEH,GD112210151,BAB006-00,ULEE NYEU,5.194821,96.96768,50,,,,,
11221 - KRUENGGEUKUEH,GD112210163,BAB007-00,ALUE KRUENYAI I,5.191998,96.963411,50,,,,,
11221 - KRUENGGEUKUEH,GD112210152,BAB008-00,ALUE KRUENYAI II,5.191448,96.956385,25,,,,,
11221 - KRUENGGEUKUEH,GD112210153,BAB009-00,JAMUAN,5.18926,96.950497,50,,,,,
11221 - KRUENGGEUKUEH,GD112210157,BAB010-00,SANGKILAN,5.201323,96.981758,50,,,,,
11221 - KRUENGGEUKUEH,GD112210158,BAB011-00,SIMPANG 3 BLANG PALA,5.200227,96.989454,50,,,,,
11221 - KRUENGGEUKUEH,GD112210161,BAB012-00,BLANG PALA,5.197863,96.994049,50,,,,,
11221 - KRUENGGEUKUEH,GD112210162,BAB013-00,PALOH KAYE KUNYET ,5.19505,97.000408,50,,,,,
11221 - KRUENGGEUKUEH,GD112210159,BAB014-00,LAPANGAN BLANG PALA,5.192345,96.989249,50,,,,,
11221 - KRUENGGEUKUEH,GD112210160,BAB015-00,PALOH MAMBU,5.178715,96.983837,50,,,,,
11221 - KRUENGGEUKUEH,GD112210110,BAB016-00,JLN. ELAK DS.SANGKILAN,5.215024,96.994453,50,,,,,
11221 - KRUENGGEUKUEH,GD112210109,BAB017-00,JL. ELAK DS. PAYA BEUYOT,5.203598,97.004983,50,,,,,
11221 - KRUENGGEUKUEH,GD112210165,BAB018-00,DS. KARET JAMUAN,5.156282,96.950325,50,,,,,
11221 - KRUENGGEUKUEH,GD112210166,BAB019-00,JL. LHOK DRIEN DS. KARET JAMUAN,5.145755,96.953001,25,,,,,
11221 - KRUENGGEUKUEH,GD112210164,BAB020-00,DSN. IE DAMA,5.165506,96.964673,25,,,,,
11221 - KRUENGGEUKUEH,GD112210154,BAB022-00,TELKOMSEL SIMPANG COT LAMBIDENG,5.204327,96.970222,25,,,,,
11221 - KRUENGGEUKUEH,GD112210149,BAB023-00,PABRIK GAS PT. FUJI,5.204768,96.974804,100,,,,,
11221 - KRUENGGEUKUEH,GD112210347,BAB024-00,KETAM SANGKILAN,5.199026,96.975041,50,,,,,
11221 - KRUENGGEUKUEH,GD112210277,BAB025-00,BLANG PALA,5.20178,96.98494,50,,,,,
11221 - KRUENGGEUKUEH,GD112210338,BAB026-00,SIMPANG 3 BLANG PALA,5.196703,96.968999,50,,,,,
11221 - KRUENGGEUKUEH,GD112210339,BAB027-00,MAXPOWER,5.188195,96.942791,25,,,,,
11221 - KRUENGGEUKUEH,GD112210344,BAB029-00,PAYA BEUNYOT II,5.209315,97.000548,50,,,,,
11221 - KRUENGGEUKUEH,GD112210356,BAB030-00,SP 4 ELAK ,5.222414,96.987813,100,,,,,
11221 - KRUENGGEUKUEH,GD112210375,BAB032-00,JAMUAN,5.190086,96.952655,50,,,,,
11221 - KRUENGGEUKUEH,GD112210373,BAB033-00,DS.KARET JAMUAN,5.167356,96.954042,50,,,,,
11221 - KRUENGGEUKUEH,GD112210366,BAB034-00,ALUE KRUNYAI III,5.178191,96.958897,50,,,,,
11221 - KRUENGGEUKUEH,GD112210372,BAB035-00,JAMUAN,5.180263,96.949397,50,,,,,
11221 - KRUENGGEUKUEH,GD112210438,BAB036-00,LP BOLA COT LAMBIDEUNG,5.206181,96.966294,50,,,,,
11221 - KRUENGGEUKUEH,GD112210201,DWT001-00,Dpn PLN Krueng Geukueh,5.241302,97.023901,200,,,,,
11221 - KRUENGGEUKUEH,GD112210205,DWT002-00,Dpn SD Krueng Geukueh,5.23997,97.024036,100,,,,,
11221 - KRUENGGEUKUEH,GD112210214,DWT003-00,BTN Tambon Baroh,5.231079,97.028824,100,,,,,
11221 - KRUENGGEUKUEH,GD112210002,DWT004-00,Dpn Abad Jaya,5.230441,97.03258,250,,,,,
11221 - KRUENGGEUKUEH,GD112210079,DWT005-00,Komplek Den Rudal,5.228352,96.998412,250,,,,,
11221 - KRUENGGEUKUEH,GD112210080,DWT006-00,Komplek TNI AL,5.228258,96.995384,160,,,,,
11221 - KRUENGGEUKUEH,GD112210207,DWT007-00,Jln.Bujang Salim,5.24149,97.019896,100,,,,,
11221 - KRUENGGEUKUEH,GD112210211,DWT008-00,Jln.Medan-B.Aceh Depan Studio 14,5.235499,97.028159,100,,,,,
11221 - KRUENGGEUKUEH,GD112210209,DWT009-00,Dpn TELKOM,5.236196,97.026211,160,,,,,
11221 - KRUENGGEUKUEH,GD112210133,DWT010-00,Simp.Paloh Lada,5.238493,97.014858,100,,,,,
,,DWT011-00,,5.230753,97.015111,,,,,,
,,DWT012-00,,5.228891,97.015947,200,,,,,
,,DWT013-00,,5.228391,97.001405,50,,,,,
,,DWT014-00,,5.242693,97.023906,100,,,,,
,,DWT015-00,,5.228618,97.028201,200,,,,,
,,DWT017-00,,5.240951,97.027504,160,,,,,
,,DWT018-00,,5.248153,96.989197,100,,,,,
,,DWT019-00,,5.237272,97.020683,100,,,,,
,,DWT020-00,,5.239418,97.011775,200,,,,,
,,DWT022-00,,5.244968,96.995485,100,,,,,
,,DWT023-00,,5.250181,96.983463,50,,,,,
,,DWT024-00,,5.252202,96.974116,50,,,,,
,,DWT025-00,,5.25473,96.98332,50,,,,,
,,DWT026-00,,5.251449,96.995467,50,,,,,
,,DWT027-00,,5.253157,96.989422,200,,,,,
,,DWT028-00,,5.247649,97.007976,50,,,,,
,,DWT029-00,,5.246317,97.019036,160,,,,,
,,DWT030-00,,5.252236,97.012472,50,,,,,
,,DWT031-00,,5.254871,97.012411,100,,,,,
,,DWT032-00,,5.250614,97.005917,50,,,,,
,,DWT033-00,,5.258027,96.985014,50,,,,,
,,DWT034-00,,5.256213,96.997064,50,,,,,
,,DWT035-00,,5.230082,97.024786,100,,,,,
,,DWT037-00,,5.220892,97.014816,250,,,,,
,,DWT038-00,,5.212626,97.014205,100,,,,,
,,DWT039-00,,5.211816,97.022838,100,,,,,
,,DWT040-00,,5.236644,96.996807,100,,,,,
,,DWT041-00,,5.239944,97.043738,160,,,,,
,,DWT042-00,,5.241997,97.038589,160,,,,,
,,DWT044-00,,5.216924,97.021621,50,,,,,
,,DWT045-00,,5.232711,97.029232,50,,,,,
,,DWT046-00,,5.241605,97.006222,100,,,,,
,,DWT047-00,,5.249025,96.987181,50,,,,,
,,DWT048-00,,5.235222,97.014955,50,,,,,
,,DWT049-00,,5.243323,97.040443,400,,,,,
,,DWT050-00,,5.23252,97.019761,100,,,,,
,,DWT051-00,,5.232129,97.022081,100,,,,,
,,DWT052-00,,5.240389,97.024088,100,,,,,
,,DWT053-00,,5.243654,96.999125,50,,,,,
,,DWT055-00,,5.238206,97.023524,100,,,,,
,,DWT057-00,,5.235281,97.023797,100,,,,,
,,DWT058-00,,5.224449,97.025224,100,,,,,
,,DWT059-00,,5.234715,97.030517,50,,,,,
,,DWT060-00,,5.228008,97.034599,160,,,,,
,,DWT061-00,,5.235777,97.027371,50,,,,,
,,DWT062-00,,5.23778,97.018527,100,,,,,
,,DWT063-00,,5.240246,97.023179,100,,,,,
,,DWT064-00,,5.233965,97.021149,50,,,,,
,,DWT065-00,,5.244475,97.018306,100,,,,,
,,DWT066-00,,5.243834,96.998205,100,,,,,
,,DWT067-00,,5.217705,97.014093,50,,,,,
,,DWT068-00,,5.243444,97.021758,50,,,,,
,,DWT069-00,,5.242456,97.006515,160,,,,,
,,DWT070-00,,5.242348,97.003893,100,,,,,
,,DWT071-00,,5.252717,96.971382,100,,,,,
,,DWT072-00,,5.249554,97.001965,50,,,,,
,,DWT073-00,,5.257332,96.990348,50,,,,,
,,DWT074-00,,5.252629,97.019323,50,,,,,
,,DWT075-00,,5.23919,97.016889,50,,,,,
,,DWT076-00,,5.257727,96.987339,50,,,,,
,,DWT077-00,,5.247406,96.990512,100,,,,,
,,DWT079-00,,5.240358,97.009334,50,,,,,
,,DWT080-00,,5.25112,96.979826,100,,,,,
,,DWT081-00,,5.255227,96.980201,50,,,,,
,,DWT082-00,,5.242829,97.002319,100,,,,,
,,DWT083-00,,5.230728,97.032742,160,,,,,
,,DWT084-00,,5.223819,96.99098,50,,,,,
,,DWT085-00,,5.259932,96.993067,50,,,,,
,,DWT086-00,,5.231855,97.029025,100,,,,,
,,DWT087-00,,5.233353,97.015442,50,,,,,
,,DWT088-00,,5.241335,97.017636,100,,,,,
,,DWT089-00,,5.239254,97.006795,50,,,,,
,,DWT090-00,,5.251156,97.020661,50,,,,,
,,DWT092-00,,5.231099,97.003581,100,,,,,
,,DWT093-00,,5.236804,97.023807,100,,,,,
,,DWT094-00,,5.25168,96.976902,50,,,,,
,,DWT096-00,,5.244947,97.024465,100,,,,,
,,DWT097-00,,5.240672,97.008569,50,,,,,
,,DWT098-00,,5.24204,97.041038,250,,,,,
,,DWT099-00,,5.238108,96.991231,50,,,,,
,,DWT100-00,,5.219948,97.025622,100,,,,,
,,DWT101-00,,5.25684,96.992752,50,,,,,
,,DWT102-00,,5.252726,96.999812,50,,,,,
,,DWT103-00,,5.225747,96.993025,50,,,,,
,,DWT104-00,,5.227214,97.024951,50,,,,,
,,DWT105-00,,5.230729,96.994917,50,,,,,
,,DWT106-00,,5.232391,96.996856,100,,,,,
,,DWT107-00,,5.238356,97.015744,100,,,,,
,,DWT108-00,,5.232357,96.996866,100,,,,,
,,DWT109-00,,5.247869,96.989696,50,,,,,
,,DWT110-00,,5.246095,97.027901,100,,,,,
,,DWT111-00,,5.228519,96.993489,100,,,,,
,,DWT112-00,,5.251043,97.016307,50,,,,,
,,DWT113-00,,5.238137,96.99013,50,,,,,
,,DWT118-00,,5.251751,96.976367,,,,,,
11228 - GANDAPURA,GD112280090,GPR001-00,KEUDE GANDAPURA,5.232536,96.89,200,,,,,
11228 - GANDAPURA,GD112280087,GPR002-00,COT PUUK,5.226428,96.87829,100,,,,,
11228 - GANDAPURA,GD112280084,GPR003-00,COT TUFAH,5.220749,96.864099,100,,,,,
11228 - GANDAPURA,GD112280003,GPR004-00,TEUPIN SIRON,5.235833,96.903321,100,,,,,
11228 - GANDAPURA,GD112280086,GPR005-00,SPBU LEUBU,5.222872,96.871135,50,,,,,
11228 - GANDAPURA,GD112280152,GPR006-00,LHOK MAMBANG,5.234049,96.880444,100,,,,,
11228 - GANDAPURA,GD112280162,GPR008-00,COT MANE,5.232367,96.861298,100,,,,,
11228 - GANDAPURA,GD112280157,GPR009-00,SAMUTI MAKMUR,5.238474,96.857871,100,,,,,
11228 - GANDAPURA,GD112280164,GPR010-00,SAMUTI AMAN,5.240626,96.855125,100,,,,,
11228 - GANDAPURA,GD112280159,GPR011-00,SAMUTI RAYEUK,5.234103,96.853883,100,,,,,
11228 - GANDAPURA,GD112280166,GPR012-00,KEUDE MON KEULAYU,5.251589,96.858236,100,,,,,
11228 - GANDAPURA,GD112280167,GPR013-00,CV. MON KEULAYU,5.25859,96.856861,50,,,,,
11228 - GANDAPURA,GD112280083,GPR014-00,SIMPANG COT TUNONG,5.219055,96.855448,50,,,,,
11228 - GANDAPURA,GD112280088,GPR015-00,GEURUGOK,5.229498,96.88474,100,,,,,
11228 - GANDAPURA,GD112280280,GPR016-00,TAMBAK MON KLAYU,5.267683,96.858453,100,,,,,
11228 - GANDAPURA,GD112280214,GPR017-00,BLANG KUBU,5.187618,96.883753,100,,,,,
11228 - GANDAPURA,GD112280151,GPR018-00,LINGKA KUTA,5.23985,96.891103,160,,,,,
11228 - GANDAPURA,GD112280018,GPR019-00,ALUE MANGKI,5.242352,96.89941,100,,,,,
11228 - GANDAPURA,GD112280019,GPR020-00,IE RHOP,5.245651,96.903381,100,,,,,
11228 - GANDAPURA,GD112280021,GPR021-00,CEUBO,5.228151,96.911636,50,,,,,
11228 - GANDAPURA,GD112280154,GPR022-00,BLANG RHEU,5.237004,96.865193,50,,,,,
11228 - GANDAPURA,GD112280199,GPR023-00,COT JABET,5.223836,96.90239,50,,,,,
11228 - GANDAPURA,GD112280201,GPR024-00,COT RAMBAT,5.205972,96.903167,25,,,,,
11228 - GANDAPURA,GD112280204,GPR025-00,BLANG GURON,5.212316,96.912812,50,,,,,
11228 - GANDAPURA,GD112280205,GPR026-00,DAMAKAWAN,5.203303,96.911122,50,,,,,
11228 - GANDAPURA,GD112280206,GPR027-00,PAYA SEUPAT,5.189861,96.906701,50,,,,,
11228 - GANDAPURA,GD112280211,GPR028-00,PALOH MEE,5.215674,96.893158,50,,,,,
11228 - GANDAPURA,GD112280213,GPR030-00,TANJONG MESJID,5.205229,96.888119,25,,,,,
11228 - GANDAPURA,GD112280004,GPR031-00,SPBU,5.236172,96.906217,100,,,,,
11228 - GANDAPURA,GD112280085,GPR034-00,SPBE COT TUFAH,5.220954,96.866421,100,,,,,
11228 - GANDAPURA,GD112280089,GPR035-00,TELKOMSEL,5.231407,96.888083,50,,,,,
11228 - GANDAPURA,GD112280158,GPR036-00,TSEL SAMUTI,5.238515,96.856499,25,,,,,
11228 - GANDAPURA,GD112280200,GPR037-00,COT TEUBEE II,5.214973,96.89993,100,,,,,
11228 - GANDAPURA,GD112280002,GPR038-00,PUSKESMAS GANDAPURA,5.235076,96.897031,100,,,,,
11228 - GANDAPURA,GD112280198,GPR039-00,PKS COT JABET,5.225625,96.898139,100,,,,,
11228 - GANDAPURA,GD112280165,GPR040-00,MITRATEL MON KEULAYU,5.251172,96.8581,25,,,,,
11228 - GANDAPURA,GD112280202,GPR041-00,TANJONG RAYA,5.199903,96.899138,50,,,,,
11228 - GANDAPURA,GD112280091,GPR042-00,DEPAN KANTOR PLN,5.234004,96.893197,100,,,,,
11228 - GANDAPURA,GD112280153,GPR043-00,LHOK MAMBANG II,5.234372,96.875943,50,,,,,
11228 - GANDAPURA,GD112280197,GPR045-00,PABRIK PADI RAHMAD,5.219747,96.895583,400,,,,,
11228 - GANDAPURA,GD112280017,GPR046-00,TAMBAK ALUE MANGKI,5.23987,96.900978,50,,,,,
11228 - GANDAPURA,GD112280203,GPR047-00,PANTE SIKUMBONG,5.217711,96.910919,50,,,,,
11228 - GANDAPURA,GD112280118,GPR048-00,PJKA COT TUFAH,5.223246,96.868765,100,,,,,
11228 - GANDAPURA,GD112280020,GPR049-00,TAMBAK IE RHOP,5.248621,96.905461,50,,,,,
11228 - GANDAPURA,GD112280127,GPR050-00,PAYA BARO,5.216941,96.863087,100,,,,,
11228 - GANDAPURA,GD112280163,GPR051-00,PABRIK PADI COT MANE,5.230015,96.86119,250,,,,,
11228 - GANDAPURA,GD112280155,GPR052-00,BLANG RHEU II,5.238904,96.865039,100,,,,,
11228 - GANDAPURA,GD112280196,GPR053-00,GLE KUPRAI,5.228696,96.892635,50,,,,,
11228 - GANDAPURA,GD112280217,GPR054-00,IE RHOP,5.248007,96.904344,100,,,,,
11228 - GANDAPURA,GD112280242,GPR055-00,BLANG KEUDE,5.233675,96.88837,100,,,,,
11228 - GANDAPURA,GD112280238,GPR056-00,PALOH KAYE KUNYET,5.189244,96.861627,50,,,,,
11228 - GANDAPURA,GD112280216,GPR057-00,KEUDE LAPANG,5.2354,96.899671,50,,,,,
11228 - GANDAPURA,GD112280243,GPR058-00,SAMUTI,5.237729,96.861573,50,,,,,
11228 - GANDAPURA,GD112280252,GPR059-00,PULO GISA,5.210008,96.891955,100,,,,,
11228 - GANDAPURA,GD112280244,GPR060-00,SAMUTI AMAN,5.243034,96.855534,100,,,,,
11228 - GANDAPURA,GD112280236,GPR061-00,COT TUFAH,5.219803,96.859446,100,,,,,
11228 - GANDAPURA,GD112280251,GPR062-00,COT JABET,5.226674,96.894969,250,,,,,
11228 - GANDAPURA,GD112280262,GPR063-00,MON KEULAYU II,5.252485,96.858285,50,,,,,
11228 - GANDAPURA,GD112280260,GPR064-00,TEUPIN SIRON II,5.233502,96.907609,50,,,,,
11228 - GANDAPURA,GD112280266,GPR065-00,DAMAKAWAN II,5.20244,96.912654,50,,,,,
11228 - GANDAPURA,GD112280291,GPR066-00,COT BATAK,5.221772,96.877974,25,,,,,
11228 - GANDAPURA,GD112280292,GPR067-00,GRUGOK II,5.228229,96.88251,50,,,,,
11228 - GANDAPURA,GD112280293,GPR068-00,STASIUN K.A COT PUUK,5.2268,96.879391,50,,,,,
11228 - GANDAPURA,GD112280298,GPR069-00,COT TUNONG II,5.207938,96.856439,50,,,,,
11228 - GANDAPURA,GD112280278,GPR070-00,PALOH ME II,5.220745,96.892901,50,,,,,
11228 - GANDAPURA,GD112280279,GPR071-00,COT JABET II,5.222569,96.906717,50,,,,,
11228 - GANDAPURA,GD112280281,GPR072-00,MON KLAYU III,5.249106,96.853884,100,,,,,
11228 - GANDAPURA,GD112280282,GPR073-00,MON JAMBE II,5.262607,96.856307,50,,,,,
11228 - GANDAPURA,GD112280283,GPR074-00,MON JAMBE,5.255718,96.85694,100,,,,,
11228 - GANDAPURA,GD112280270,GPR075-00,KEUDE LAPANG TIMU,5.234835,96.895284,50,,,,,
11228 - GANDAPURA,GD112280309,GPR076-00,COT TUNONG III,5.207499,96.856358,100,,,,,
11228 - GANDAPURA,GD112280271,GPR077-00,KANTOR CAMAT GANDAPURA,5.233629,96.892343,100,,,,,
11228 - GANDAPURA,GD112280335,GPR078-00,KILANG PADI NAZARUDDIN,5.236859,96.89614,250,,,,,
11228 - GANDAPURA,GD112280367,GPR079-00,SAMUTI KRUNG,5.236254,96.867636,50,,,,,
11228 - GANDAPURA,GD112280372,GPR080-00,KILANG PADI USAHA MANDIRI,5.207247,96.856332,250,,,,,
,,GPR081-00,,5.203098,96.913594,50,,,,,
,,GPR082-00,,5.216706,96.855266,,,,,,
11228 - GANDAPURA,GD112280328,JGK001-00,ALUE KUTA,5.262427,96.841095,100,,,,,
11228 - GANDAPURA,GD112280329,JGK002-00,ULEE CEU,5.255477,96.834116,100,,,,,
11228 - GANDAPURA,GD112280330,JGK003-00,ALUE BAYEU UTANG,5.260796,96.84552,50,,,,,
11228 - GANDAPURA,GD112280331,JGK004-00,KUALA CEURAPE,5.258249,96.850668,100,,,,,
11228 - GANDAPURA,GD112280332,JGK005-00,TAMBAK ULEE CEU,5.25615,96.829162,160,,,,,
11228 - GANDAPURA,GD112280333,JGK006-00,KUALA CEURAPE II,5.266883,96.851557,50,,,,,
11228 - GANDAPURA,GD112280334,JGK007-00,KUALA CEURAPE III,5.274616,96.844089,100,,,,,
11228 - GANDAPURA,GD112280299,JGK008-00,KUALA CEURAPE IV,5.272191,96.848789,100,,,,,
11228 - GANDAPURA,GD112280171,KTB001-00,KEUDE KUTA BLANG,5.211533,96.83352,160,,,,,
11228 - GANDAPURA,GD112280178,KTB002-00,KULU,5.209924,96.826112,160,,,,,
11228 - GANDAPURA,GD112280169,KTB003-00,PAYA RANGKULUH,5.216757,96.849636,100,,,,,
11228 - GANDAPURA,GD112280174,KTB004-00,BLANG MEE,5.198821,96.827245,160,,,,,
11228 - GANDAPURA,GD112280180,KTB005-00,PULO REUDEP,5.217174,96.824088,100,,,,,
11228 - GANDAPURA,GD112280181,KTB006-00,GEULANGGANG MUNJE,5.21836,96.827111,100,,,,,
11228 - GANDAPURA,GD112280300,KTB007-00,GELANGGANG RAYEUK,5.226314,96.830235,100,,,,,
11228 - GANDAPURA,GD112280190,KTB008-00,COT ARA,5.248045,96.836205,100,,,,,
11228 - GANDAPURA,GD112280160,KTB009-00,COT BAROH,5.224909,96.850642,100,,,,,
11228 - GANDAPURA,GD112280182,KTB010-00,GLE PUTOH,5.211002,96.848116,50,,,,,
11228 - GANDAPURA,GD112280183,KTB011-00,BUKET DALAM,5.200352,96.84896,50,,,,,
11228 - GANDAPURA,GD112280135,KTB012-00,PALOH DAMA,5.202253,96.857124,50,,,,,
11228 - GANDAPURA,GD112280137,KTB013-00,COT MIRAH PATI,5.193032,96.856993,50,,,,,
11228 - GANDAPURA,GD112280138,KTB014-00,TANJONG SIRON,5.174772,96.85034,50,,,,,
11228 - GANDAPURA,GD112280176,KTB015-00,WATER INTEK ARUN,5.190666,96.819648,2000,,,,,
11228 - GANDAPURA,GD112280128,KTB016-00,PALOH PRADI,5.179679,96.82923,25,,,,,
11228 - GANDAPURA,GD112280170,KTB017-00,KUTA BLANG II,5.212864,96.836976,50,,,,,
11228 - GANDAPURA,GD112280189,KTB018-00,KREUMBOK,5.242203,96.833126,50,,,,,
11228 - GANDAPURA,GD112280179,KTB019-00,LHOK NGA,5.208838,96.822303,100,,,,,
11228 - GANDAPURA,GD112280161,KTB020-00,KILANG MINYAK,5.219522,96.849293,200,,,,,
11228 - GANDAPURA,GD112280082,KTB021-00,KILANG MINYAK,5.21864,96.851361,315,,,,,
11228 - GANDAPURA,GD112280185,KTB022-00,IRIGASI TIENGKEUM,5.220824,96.833594,100,,,,,
11228 - GANDAPURA,GD112280173,KTB023-00,IRIGASI KULU,5.209167,96.829097,50,,,,,
11228 - GANDAPURA,GD112280172,KTB024-00,KUTA BLANG III,5.210964,96.829708,100,,,,,
11228 - GANDAPURA,GD112280275,KTB026-00,PDAM BLANG MEE,5.190603,96.819739,160,,,,,
11228 - GANDAPURA,GD112280139,KTB027-00,PALOH RAYA,5.175441,96.844792,50,,,,,
11228 - GANDAPURA,GD112280080,KTB028-00,WATER INTAKE PIM,5.192899,96.820277,2500,,,,,
11228 - GANDAPURA,GD112280188,KTB030-00,RANCONG,5.237734,96.839609,50,,,,,
11228 - GANDAPURA,GD112280136,KTB031-00,PALOH DAMA II,5.19819,96.85812,50,,,,,
11228 - GANDAPURA,GD112280186,KTB032-00,POMPANISASI TIENGKEUM,5.220829,96.833596,100,,,,,
11228 - GANDAPURA,GD112280247,KTB033-00,GLG PANAH,5.223386,96.827541,50,,,,,
11228 - GANDAPURA,GD112280245,KTB034-00,BALEE MEE,5.207495,96.849838,50,,,,,
11228 - GANDAPURA,GD112280237,KTB035-00,PAYA RANGKULUH,5.218139,96.853432,50,,,,,
11228 - GANDAPURA,GD112280246,KTB036-00,KUTA BLANG,5.210907,96.831214,100,,,,,
11228 - GANDAPURA,GD112280248,KTB037-00,COT ARA,5.255047,96.837644,100,,,,,
11228 - GANDAPURA,GD112280284,KTB038-00,KEUDE KUTA BLANG V,5.212387,96.835752,50,,,,,
11228 - GANDAPURA,GD112280301,KTB039-00,TINGKEM BAROE,5.212741,96.827069,50,,,,,
11228 - GANDAPURA,GD112280276,KTB040-00,PALOH PEURADI,5.181459,96.834687,,,,,,
11228 - GANDAPURA,GD112280323,KTB041-00,STATION K.A PAYA RANGKULUH,5.214892,96.844263,50,,,,,
11228 - GANDAPURA,GD112280302,KTB042-00,KRUEM KUMBANG,5.185227,96.855566,50,,,,,
11228 - GANDAPURA,GD112280303,KTB043-00,GELANGGANG PANAH II,5.224808,96.828687,50,,,,,
11228 - GANDAPURA,GD112280304,KTB044-00,KERUMBOK II,5.240054,96.832114,100,,,,,
11228 - GANDAPURA,GD112280285,KTB045-00,BUKIT DALAM II,5.196072,96.850415,50,,,,,
11228 - GANDAPURA,GD112280286,KTB046-00,COT BAROEH II,5.221368,96.849809,50,,,,,
11228 - GANDAPURA,GD112280287,KTB047-00,GLE PUTOH II,5.206839,96.844391,50,,,,,
11228 - GANDAPURA,GD112280305,KTB048-00,KULU KUTA,5.207341,96.833229,100,,,,,
11228 - GANDAPURA,GD112280306,KTB049-00,LHOK NGAA,5.208861,96.819484,50,,,,,
11228 - GANDAPURA,GD112280307,KTB050-00,KP JULO - JULO PAYA RANGKULUH,5.216459,96.84882,250,,,,,
11228 - GANDAPURA,GD112280308,KTB051-00,KERUMBOK III,5.237793,96.831689,50,,,,,
11228 - GANDAPURA,GD112280288,KTB052-00,BABAH SUAK,5.226509,96.8366,100,,,,,
11228 - GANDAPURA,GD112280365,KTB053-00,GLE PUTOH ,5.207159,96.844699,100,,,,,
11228 - GANDAPURA,GD112280289,KTB054-00,BALEE MEE,5.211528,96.84981,50,,,,,
11228 - GANDAPURA,GD112280290,KTB055-00,GLE PUTOH III,5.185098,96.85154,50,,,,,
11228 - GANDAPURA,GD112280326,KTB056-00,KEUDE KUTA BLANG VI,5.211217,96.832752,50,,,,,
11228 - GANDAPURA,GD112280327,KTB057-00,DAYAH MESJID,5.230334,96.831568,50,,,,,
11228 - GANDAPURA,GD112280373,KTB058-00,PAYANIE,5.194951,96.821517,50,,,,,
,,KTB060-00,,5.236258,96.843305,,,,,,
,,KTB061-00,,5.205045,96.828834,,,,,,
11221 - KRUENGGEUKUEH,GD112210056,MBT001-00,JLN.REL DS.BUNGKAH,5.258053,96.97288,100,,,,,
11221 - KRUENGGEUKUEH,GD112210067,MBT002-00,JLN.B.ACEH-MEDAN DS.COT TRUENG,5.255789,96.952315,100,,,,,
11221 - KRUENGGEUKUEH,GD112210071,MBT003-00,JLN.B.ACEH-MEDAN DS.DAKUTA,5.253643,96.941522,50,,,,,
11221 - KRUENGGEUKUEH,GD112210072,MBT004-00,JLN.B.ACEH-MEDAN DS.MNS.DRANG,5.25277,96.936375,50,,,,,
11221 - KRUENGGEUKUEH,GD112210088,MBT005-00,DPN.KOMPLEK BANDARA MALIKUSSALEH,5.229035,96.947819,50,,,,,
11221 - KRUENGGEUKUEH,GD112210054,MBT006-00,DPN.PASAR BUNGKAH,5.255338,96.968247,100,,,,,
11221 - KRUENGGEUKUEH,GD112210065,MBT007-00,JLN.B.ACEH-MEDAN DS.MNS.ARON,5.255803,96.956526,100,,,,,
11221 - KRUENGGEUKUEH,GD112210087,MBT008-00,DPN. KOMPLEK PASKHAS AU,5.231064,96.949804,100,,,,,
11221 - KRUENGGEUKUEH,GD112210070,MBT009-00,JLN.B.ACEH-MEDAN DS.MNS. DAKUTA,5.254205,96.945517,100,,,,,
11221 - KRUENGGEUKUEH,GD112210074,MBT010-00,JLN.B.ACEH-MEDAN DS.MNS.BAROE,5.250567,96.930454,200,,,,,
11221 - KRUENGGEUKUEH,GD112210090,MBT011-00,JLN.IRIGASI DS.COT USI,5.235211,96.936068,100,,,,,
11221 - KRUENGGEUKUEH,GD112210076,MBT012-00,SIMP. 4 UNIMAL DS.REULEUT,5.237958,96.98822,100,,,,,
11221 - KRUENGGEUKUEH,GD112210085,MBT013-00,JLN.BANDARA PINTU MAKMUR,5.235186,96.960382,50,,,,,
11221 - KRUENGGEUKUEH,GD112210045,MBT014-00,JLN.REL DS.MEUNASAH ARON,5.259463,96.957093,100,,,,,
11221 - KRUENGGEUKUEH,GD112210063,MBT015-00,JLN.B.ACEH-MEDAN DS.ULEE MADON,5.255831,96.961918,100,,,,,
11221 - KRUENGGEUKUEH,GD112210046,MBT016-00,JLN.REL DS.COT TRUENG,5.258219,96.950388,100,,,,,
11221 - KRUENGGEUKUEH,GD112210086,MBT018-00,DPN. MENASAH PINTO MAKMUR,5.234415,96.953507,50,,,,,
11221 - KRUENGGEUKUEH,GD112210075,MBT019-00,JLN.B.ACEH-MEDAN DS.MNS.LHOK II,5.248219,96.926019,50,,,,,
11221 - KRUENGGEUKUEH,GD112210092,MBT020-00,DS.TEUPIN BANJA,5.2313,96.932413,100,,,,,
11221 - KRUENGGEUKUEH,GD112210084,MBT021-00,DPN. MESJID REULEUT BARAT,5.238971,96.979476,50,,,,,
11221 - KRUENGGEUKUEH,GD112210089,MBT022-00,DPN. MENASAH PANIGAH,5.234861,96.938487,50,,,,,
11221 - KRUENGGEUKUEH,GD112210062,MBT023-00,JLN.B.ACEH-MEDAN SIMPANG MALIKUSSALEH,5.256478,96.965936,100,,,,,
11221 - KRUENGGEUKUEH,GD112210066,MBT024-00,JLN.B.ACEH-MEDAN SPBU MNS. ARON,5.255903,96.954493,100,,,,,
11221 - KRUENGGEUKUEH,GD112210081,MBT025-00,KAMPUS UNIMA DS.REULEUT,5.233576,96.988273,630,,,,,
11221 - KRUENGGEUKUEH,GD112210055,MBT026-00,JLN. REL BUNGKAH BARU,5.258678,96.969982,50,,,,,
11221 - KRUENGGEUKUEH,GD112210069,MBT027-00,JLN.B.ACEH-MEDAN ANEKA GAS COT TRUENG,5.254604,96.947347,100,,,,,
11221 - KRUENGGEUKUEH,GD112210091,MBT029-00,JLN. DS. TEPIN BANJA,5.234332,96.933188,50,,,,,
11221 - KRUENGGEUKUEH,GD112210082,MBT030-00,UKM UNIMAL,5.233459,96.987932,160,,,,,
11221 - KRUENGGEUKUEH,GD112210083,MBT031-00,LAB PERTANIAN UNIMAL,5.232369,96.981598,250,,,,,
11221 - KRUENGGEUKUEH,GD112210068,MBT032-00,MENASAH COT TRUENG,5.255543,96.950904,50,,,,,
11221 - KRUENGGEUKUEH,GD112210064,MBT033-00,ULEE MADON II,5.255743,96.95918,50,,,,,
11221 - KRUENGGEUKUEH,GD112210044,MBT034-00,PJKA BUNGKAH,5.260094,96.966096,25,,,,,
11221 - KRUENGGEUKUEH,GD112210047,MBT035-00,COT TRUENG PLTD,5.251168,96.951281,50,,,,,
11221 - KRUENGGEUKUEH,GD112210265,MBT036-00,JL REL COT TRUENG,5.258582,96.952216,100,,,,,
11221 - KRUENGGEUKUEH,GD112210270,MBT037-00,MNS BARO,5.249254,96.928145,50,,,,,
11221 - KRUENGGEUKUEH,GD112210267,MBT038-00,LANCANG BARAT,5.258482,96.982209,50,,,,,
11221 - KRUENGGEUKUEH,GD112210269,MBT039-00,MNS DRANG,5.254636,96.935974,100,,,,,
11221 - KRUENGGEUKUEH,GD112210312,MBT040-00,JL. REL ULEE MADON 2,5.260291,96.961507,100,,,,,
11221 - KRUENGGEUKUEH,GD112210314,MBT041-00,MNS. DRANG,5.252238,96.934409,50,,,,,
11221 - KRUENGGEUKUEH,GD112210316,MBT042-00,TAMBAK ABAD JAYA,5.257412,96.946666,50,,,,,
11221 - KRUENGGEUKUEH,GD112210318,MBT043-00,JL REL ULEE MADON 3,5.259668,96.967292,50,,,,,
11221 - KRUENGGEUKUEH,GD112210341,MBT044-00,PINTO MAKMUR II,5.234511,96.958111,50,,,,,
11221 - KRUENGGEUKUEH,GD112210411,MBT045-00,PABRIK ES MNS BARO,5.248988,96.92767,100,,,,,
11221 - KRUENGGEUKUEH,GD112210421,MBT046-00,DEPAN MENASAH PINTO ANGIN,5.236369,96.929145,50,,,,,
11221 - KRUENGGEUKUEH,GD112210379,MBT047-00,BANDARA MALIKUSSALEH,5.228873,96.948362,200,,,,,
11221 - KRUENGGEUKUEH,GD112210410,MBT048-00,DAYAH COT TRUENG,5.255835,96.952681,50,,,,,
11221 - KRUENGGEUKUEH,GD112210409,MBT049-00,SP 3 REL BUNGKAH,5.259168,96.970133,50,,,,,
11221 - KRUENGGEUKUEH,GD112210422,MBT051-00,DAKUTA,5.253784,96.942476,50,,,,,
11221 - KRUENGGEUKUEH,GD112210388,MBT052-00,UNIMAL REULEUT,5.23184,96.988081,160,,,,,
11221 - KRUENGGEUKUEH,GD112210391,MBT053-00,Ulee Madon,5.26021,96.963287,50,,,,,
11221 - KRUENGGEUKUEH,GD112210443,MBT054-00,LAB PERTANIAN UMNIMAL,5.232329,96.981253,250,,,,,
11221 - KRUENGGEUKUEH,GD112210399,MBT055-00,REULEUT,5.232317,96.980453,250,,,,,
11221 - KRUENGGEUKUEH,GD112210400,MBT056-00,GEDUNG KULIAH UMUM UNIMAL,5.231503,96.979133,250,,,,,
11221 - KRUENGGEUKUEH,GD112210423,MBT057-00,GEDUNG F UNIMAL,5.2301,96.978366,250,,,,,
11221 - KRUENGGEUKUEH,GD112210424,MBT058-00,JALAN UNIMAL REULET,5.238401,96.988407,50,,,,,
11221 - KRUENGGEUKUEH,GD112210456,MBT059-00,MNS LHOK,5.247558,96.924676,50,,,,,
11221 - KRUENGGEUKUEH,GD112210455,MBT060-00,JLN UNIMAL REULEUT,5.236307,96.987937,100,,,,,
,,MBT061-00,,5.240568,96.988974,,,,,,
,,MBT062-00,,,,,,,,,
11221 - KRUENGGEUKUEH,GD112210302,MBT091-00,REULUET BARAT,5.238811,96.970012,,,,,,
11221 - KRUENGGEUKUEH,GD112210310,MBT095-00,REULEUT,5.23684,96.965167,,,,,,
11228 - GANDAPURA,GD112280374,MBT101-00,KEUDE MANE,5.245364,96.914952,,,,,,
11228 - GANDAPURA,GD112280012,MBT102-00,MANE TUNONG,5.232797,96.914404,,,,,,
11228 - GANDAPURA,GD112280009,MBT103-00,RAPI BAN,5.246484,96.918626,,,,,,
11228 - GANDAPURA,GD112280010,MBT104-00,PASAR IMPRES,5.237695,96.912497,,,,,,
11228 - GANDAPURA,GD112280005,MBT105-00,KRUENG MANE,5.241373,96.914019,,,,,,
11228 - GANDAPURA,GD112280220,MBT106-00,TANOH ANOE,5.249312,96.912893,,,,,,
11228 - GANDAPURA,GD112280013,MBT107-00,KUALA DUA,5.233449,96.918072,,,,,,
11228 - GANDAPURA,GD112280011,MBT108-00,PASAR IMPRES II,5.236383,96.914186,,,,,,
11228 - GANDAPURA,GD112280375,MBT109-00,COT SEURANI,5.24656,96.917093,,,,,,
11228 - GANDAPURA,GD112280218,MBT110-00,PANTE GURAH,5.244088,96.911381,,,,,,
11228 - GANDAPURA,GD112280219,MBT111-00,KRUENG MANEE,5.240897,96.913906,,,,,,
11228 - GANDAPURA,GD112280319,MBT113-00,JL.KA COT SEURANI,5.250593,96.91999,,,,,,
11228 - GANDAPURA,GD112280320,MBT114-00,COT SEURANI II,5.246776,96.922367,,,,,,
11228 - GANDAPURA,GD112280321,MBT115-00,DS LEUPON,5.236894,96.910937,,,,,,
11228 - GANDAPURA,GD112280007,MBT116-00,STADION KRUENG MANE,5.241086,96.915489,,,,,,
11228 - GANDAPURA,GD112280322,MBT117-00,MANE TUNONG II,5.235263,96.91609,,,,,,
11228 - GANDAPURA,GD112280077,MKM001-00,PAYA DUA,5.213884,96.877736,50,,,,,
11228 - GANDAPURA,GD112280079,MKM002-00,LEUBU COT,5.205168,96.872959,100,,,,,
11228 - GANDAPURA,GD112280093,MKM003-00,LEUBU COT KRUET,5.184837,96.876653,50,,,,,
11228 - GANDAPURA,GD112280099,MKM004-00,ULE GLE,5.161297,96.868537,100,,,,,
11228 - GANDAPURA,GD112280110,MKM005-00,MERBO,5.151179,96.849375,50,,,,,
11228 - GANDAPURA,GD112280113,MKM006-00,PANTON MESJID I,5.133883,96.845999,50,,,,,
11228 - GANDAPURA,GD112280095,MKM007-00,BLANG KHUTANG,5.178676,96.875009,50,,,,,
11228 - GANDAPURA,GD112280115,MKM008-00,SUKARAME,5.118363,96.838811,50,,,,,
11228 - GANDAPURA,GD112280103,MKM009-00,ULE GLE II,5.154497,96.870081,50,,,,,
11228 - GANDAPURA,GD112280104,MKM010-00,PANDAK,5.144804,96.868994,50,,,,,
11228 - GANDAPURA,GD112280107,MKM011-00,ALUE DUA,5.120805,96.863157,50,,,,,
11228 - GANDAPURA,GD112280108,MKM012-00,BATE DABAI,5.113057,96.855188,50,,,,,
11228 - GANDAPURA,GD112280134,MKM013-00,MATANG KUMBANG,5.142947,96.827829,50,,,,,
11228 - GANDAPURA,GD112280078,MKM015-00,LEUBU MEE,5.212735,96.87208,50,,,,,
11228 - GANDAPURA,GD112280096,MKM016-00,SP PANTE BRUEH,5.170908,96.871561,50,,,,,
11228 - GANDAPURA,GD112280101,MKM017-00,PANTE BREUH II,5.164546,96.856577,50,,,,,
11228 - GANDAPURA,GD112280294,MKM019-00,LAPEHAN MASJID,5.170513,96.869465,50,,,,,
11228 - GANDAPURA,GD112280116,MKM020-00,ARA LIPEH,5.118817,96.824338,50,,,,,
11228 - GANDAPURA,GD112280117,MKM021-00,TANJONG MULIA,5.126629,96.826257,50,,,,,
11228 - GANDAPURA,GD112280102,MKM022-00,PULO TEUNGEH,5.161055,96.882798,50,,,,,
11228 - GANDAPURA,GD112280100,MKM023-00,BUKET SELAMAT,5.179358,96.86803,50,,,,,
11228 - GANDAPURA,GD112280234,MKM024-00,LEUBU MESJID,5.201705,96.873893,50,,,,,
11228 - GANDAPURA,GD112280105,MKM025-00,SEUNEBOK BARO,5.135154,96.857248,50,,,,,
11228 - GANDAPURA,GD112280114,MKM026-00,TSEL SUKARAME,5.119714,96.840436,25,,,,,
11228 - GANDAPURA,GD112280097,MKM027-00,XLCOMINDO,5.16476,96.870873,25,,,,,
11228 - GANDAPURA,GD112280092,MKM028-00,LEUBU TRIENGGADENG,5.193983,96.875307,50,,,,,
11228 - GANDAPURA,GD112280098,MKM029-00,TSEL ULE GLE,5.162183,96.869075,25,,,,,
11228 - GANDAPURA,GD112280112,MKM030-00,PANTON MESJID II,5.142976,96.844198,50,,,,,
11222 - GEUDONG,GD112220174,BLM001-00,PABRIK ES 1,5.117311,97.162457,160,LW 08,"4,238,609,784","9,526,666,667","5,211,103,336",45547
11222 - GEUDONG,GD112220175,BLM002-00,PABRIK ES 2,5.117311,97.162522,200,LW 08,"1,085,341,526","3,066,666,667","1,449,275,362",45547
11222 - GEUDONG,GD112220176,BLM003-00,PABRIK ES 3,5.117601,97.162732,400,LW 08,"3,921,651,703",220,"1,515,151,515",45737
11222 - GEUDONG,GD112220177,BLM004-00,MNS MESJID 1,5.117145,97.164753,100,LW 08,"5,750,408,681",96,"8,333,333,333",45832
11222 - GEUDONG,GD112220181,BLM005-00,ULEE BLANG MANE 1,5.116697,97.170283,100,LW 08,"7,739,110,928","1,113,333,333","1,157,684,631",45803
11222 - GEUDONG,GD112220169,BLM006-00,KEUDE PUNTEUT 1,5.115234,97.168357,160,LW 08,"9,024,850,733","2,043,333,333","1,457,313,757",45832
11222 - GEUDONG,GD112220170,BLM007-00,RAYEUK KARENG,5.106074,97.166813,100,LW 08,"9,299,284,561","1,336,666,667","6,317,539,485",45832
11222 - GEUDONG,GD112220171,BLM008-00,MANE KARENG,5.092796,97.172075,50,LW 08,"5,479,823,855","3,833,333,333","2,492,753,623",45832
11222 - GEUDONG,GD112220172,BLM009-00,TUNONG,5.128719,97.16778,50,LW 08,"1,044,657,577","7,266,666,667","4,006,116,208",45861
11222 - GEUDONG,GD112220173,BLM010-00,BLANG CUT,5.137101,97.162498,100,LW 08,"9,783,912,377","1,363,333,333","7,660,961,695",45861
11222 - GEUDONG,GD112220183,BLM011-00,LANGA BAYU 3,5.117048,97.181761,50,LW 08,"9,053,622,021","6,333,333,333","5,614,035,088",45803
11222 - GEUDONG,GD112220185,BLM012-00,JAMBO TIMU,5.141105,97.169016,100,LW 08,"6,704,441,511","9,433,333,333","1,319,199,058",45764
11222 - GEUDONG,GD112220187,BLM013-00,ASAN KARENG 1,5.097767,97.169197,50,LW 08,"7,272,996,811","5,133,333,333","1,082,251,082",45832
11222 - GEUDONG,GD112220189,BLM014-00,BLANG PUNTEUT 1,5.11293,97.168449,100,LW 08,"8,707,385,065","1,243,333,333","8,400,357,462",45803
11222 - GEUDONG,GD112220047,BLM015-00,ULEE BLANG MANE 2,5.116721,97.172866,100,LW 08,"5,714,612,964","8,166,666,667","1,986,394,558","Friday, May 26, 1015"
11222 - GEUDONG,GD112220168,BLM016-00,BALOY,5.125513,97.173913,50,LW 08,"0,926839632","0,666666667","1,333,333,333",45861
11222 - GEUDONG,GD112220178,BLM017-00,KUALA 1,5.14687,97.15505,50,LW 08,"330,382,918",23,"6,956,521,739",45764
11222 - GEUDONG,GD112220182,BLM018-00,BLANG TEU,5.135303,97.173577,50,LW 06,"531,912,803",37,"1,081,081,081",45820
11222 - GEUDONG,GD112220184,BLM019-00,MANE KAREUNG 2,5.084822,97.173137,50,LW 01,"7,172,768,804",51,"1,699,346,405",45806
11222 - GEUDONG,GD112220186,BLM020-00,TEUNGOH 1,5.130596,97.163738,50,LW 08,"5,349,034,774",37,"4,324,324,324",45861
11222 - GEUDONG,GD112220188,BLM021-00,ULEE BLANG MANE 3,5.120387,97.168763,50,LW 08,"8,784,268,876",62,"752,688,172",45861
11222 - GEUDONG,GD112220190,BLM022-00,MNS MESJID 2,5.116909,97.166428,50,LW 08,"1,035,215,976","7,366,666,667","1,387,631,976",45832
11222 - GEUDONG,GD112220110,BLM023-00,KEUDE PUNTEUT 2,5.116927,97.167879,50,LW 08,"73,44",40,"2,333,333,333",45832
11222 - GEUDONG,GD112220048,BLM024-00,MANE KAREUNG 3,5.08825,97.175128,50,LW 01,"5,028,605,375","3,566,666,667","4,423,676,012",45806
11222 - GEUDONG,GD112220204,BLM025-00,MNS MESJID 3,5.117261,97.163416,50,LW 08,"98,728","5,466,666,667","1,260,162,602",45832
11222 - GEUDONG,GD112220205,BLM026-00,JAMBO MESJID 1,5.143688,97.160758,100,LW 08,"2,786,061,459","3,866,666,667","1,091,954,023",45764
11222 - GEUDONG,GD112220263,BLM027-00,KEUDE PUNTEUT 3,5.116977,97.167475,50,LW 08,"7,732,683,095","5,566,666,667","9,181,636,727",45832
11222 - GEUDONG,GD112220264,BLM028-00,TEUNGOH 2,5.134138,97.162351,50,LW 08,"8,693,432,433","6,066,666,667","4,322,344,322",45861
11222 - GEUDONG,GD112220265,BLM029-00,JAMBO MESJID 2,5.142348,97.164032,50,LW 08,"7,264,498,215","50,9","3,300,589,391",45764
11222 - GEUDONG,GD112220266,BLM030-00,KUMBANG PUNTEUT,5.114535,97.163104,50,LW 08,"5,989,431,693","4,333,333,333","9,743,589,744",45832
11222 - GEUDONG,GD112220267,BLM031-00,ASAN KARENG 2,5.09398,97.171316,50,LW 08,"7,095,172,928","5,133,333,333","2,034,632,035",45832
11222 - GEUDONG,GD112220268,BLM032-00,JAMBO MESJID 3,5.142925,97.162392,50,LW 08,"2,419,097,628","1,666,666,667","6,666,666,667",45764
11222 - GEUDONG,GD112220279,BLM033-00,DEPAN BULOG ,5.116755,97.173664,50,LW 08,"8,831,380,658",63,"1,058,201,058",45803
11222 - GEUDONG,GD112220292,BLM034-00,BLANG PUNTEUT 2,5.112073,97.168098,50,LW 08,0,0,#DIV/0!,45483
11222 - GEUDONG,GD112220288,BLM035-01,TEUNGOH 3,5.132373,97.163028,50,LW 08,"6,124,955,046","4,233,333,333","3,989,501,312",45861
11222 - GEUDONG,GD112220289,BLM036-01,Kuala 2,5.146743,97.15525,50,LW 08,"9,917,722,924",70,"6,666,666,667",45764
,,GRP001-00,,5.05281,97.163245,25,,,,,
,,GRP002-00,,5.046713,97.158114,25,,,,,
,,GRP003-00,,5.02229,97.151638,50,,,,,
,,GRP004-00,,5.009372,97.149294,50,,,,,
,,GRP005-00,,4.996711,97.148418,50,,,,,
,,GRP006-00,,4.983253,97.146964,50,,,,,
11222 - GEUDONG,GD112220226,GRP007-00,DS. URAM JALAN,5.004205,97.142799,25,LW 01,"482,664,825","1,666,666,667","6,666,666,667",45831
,,GRP008-00,,5.012284,97.126295,50,,,,,
,,GRP009-00,,5.001189,97.133518,50,,,,,
,,GRP010-00,,4.997924,97.128423,50,,,,,
,,GRP011-00,,4.99181,97.118714,50,,,,,
,,GRP012-00,,4.990065,97.114762,50,,,,,
,,GRP013-00,,4.988224,97.11196,25,,,,,
,,GRP014-00,,4.984407,97.10553,50,,,,,
,,GRP015-00,,4.991026,97.115158,100,,,,,
11222 - GEUDONG,GD112220017,GRP016-00,BUKET SANDI,4.996317,97.091568,50,LW 01,"427,455",23,"2,898,550,725",45831
11222 - GEUDONG,GD112220018,GRP017-00,DS. SP 1,4.992241,97.071091,25,LW 01,"4,578,156,695",16,"2,083,333,333",45831
11222 - GEUDONG,GD112220016,GRP018-00,DS. SP 1,4.99216,97.0694,100,LW 01,"7,835,528,423","1,113,333,333","1,177,644,711",45831
11222 - GEUDONG,GD112220020,GRP019-00,DS. SP 1,4.990689,97.066339,50,LW 01,"3,957,851,565","2,733,333,333","5,528,455,285",45831
11222 - GEUDONG,GD112220015,GRP021-00,DS. SP 2,5.006803,97.052773,50,LW 01,"2,353,741,577","1,633,333,333","2,721,088,435",45711
11222 - GEUDONG,GD112220019,GRP022-00,DS. BUKET SANDI,5.003848,97.101103,50,LW 01,"2,729,250,193",19,"3,157,894,737",45831
11222 - GEUDONG,GD112220304,GRP024-00,PABRIKSAG,5.011479,97.104713,400,LW 01,"1,567,938,994",90,"5,925,925,926",45573
11222 - GEUDONG,GD112220094,MMU001-00,MEURIA BLUEK 1,5.098721,97.20228,100,LW 06,"5,717,249,531","7,966,666,667","6,415,620,642",45830
11222 - GEUDONG,GD112220036,MMU002-00,PAYA ITEK 1,5.081841,97.205794,100,LW 01,"5,826,426,467","8,333,333,333","1,973,333,333",45859
11222 - GEUDONG,GD112220037,MMU003-00,RANGKILEH,5.092954,97.205873,160,LW 01,"8,621,427,232",196,"7,142,857,143",45859
11222 - GEUDONG,GD112220038,MMU004-00,KD. JUNGKA GAJAH 1,5.057173,97.203472,100,LW 01,"6,061,408,026","8,466,666,667","1,364,829,396",45581
11222 - GEUDONG,GD112220039,MMU005-00,PAYA KAMBUK 1,5.067659,97.205501,50,LW 01,"3,340,933,558","2,333,333,333","3,619,047,619",45581
11222 - GEUDONG,GD112220021,MMU006-00,MNS KEEH,5.08491,97.215853,100,LW 01,"6,115,929,137","8,633,333,333","6,692,406,692",45859
11222 - GEUDONG,GD112220032,MMU007-00,TEUNGOH REUBA,5.062967,97.218632,100,LW 01,"4,950,355,168","7,133,333,333","2,647,975,078",45859
11222 - GEUDONG,GD112220040,MMU008-00,PAYA ITEK 2,5.072937,97.206159,50,LW 01,"600,567,448","4,266,666,667","2,760,416,667",45859
11222 - GEUDONG,GD112220033,MMU009-00,DRIEN PUNTONG 1,5.056953,97.21749,50,LW 01,"7,408,635,634","5,233,333,333","2,462,845,011",45859
11222 - GEUDONG,GD112220024,MMU010-00,BEURINGEN 1,5.034612,97.195453,100,LW 01,"5,199,327,849","7,233,333,333","4,301,075,269",45581
11222 - GEUDONG,GD112220041,MMU011-00,PAYA BILI,5.06609,97.208208,100,LW 01,"5,822,769,915","8,133,333,333","1,775,956,284",45581
11222 - GEUDONG,GD112220025,MMU012-00,KUTA BATEE 1,5.048678,97.1994,50,LW 01,"6,267,445,092","4,366,666,667","5,394,402,036",45581
11222 - GEUDONG,GD112220028,MMU013-00,DS.MINYE PEUET MA,5.042653,97.208926,100,LW 01,"5,556,996,341",77,"2,251,082,251",45581
11222 - GEUDONG,GD112220029,MMU014-00,BLANG REUMA 1,5.033299,97.21089,50,LW 01,"261,678,236",18,"1,851,851,852",45581
11222 - GEUDONG,GD112220034,MMU015-00,UJONG REUBA 1,5.070905,97.220484,25,LW 01,"5,889,588,586","2,066,666,667","2,150,537,634",45859
11222 - GEUDONG,GD112220030,MMU016-00,KD. JUNGKA GAJAH 2,5.058601,97.20437,50,LW 01,"1,013,457,569",72,"1,851,851,852",45581
11222 - GEUDONG,GD112220022,MMU017-00,ULEE MEURIA,5.09322,97.214908,50,LW 01,"3,932,640,604","2,766,666,667","2,008,032,129",45859
11222 - GEUDONG,GD112220095,MMU018-00,Kitou 1,5.101334,97.200141,50,LW 06,"37,851,661",53,"1,257,861,635",45830
11222 - GEUDONG,GD112220042,MMU019-00,TUMPOK TEUNGKU,5.085932,97.205013,50,LW 01,"43,116,903","3,033,333,333","380,952,381",45859
11222 - GEUDONG,GD112220043,MMU020-00,MEE 1,5.070923,97.205895,50,LW 01,"2,009,409,877",14,"4,285,714,286",45873
11222 - GEUDONG,GD112220044,MMU021-00,MESJID,5.072781,97.21548,50,LW 01,"1,382,984,835","9,666,666,667","5,747,126,437",45859
11222 - GEUDONG,GD112220026,MMU022-00,NIBONG,5.056053,97.200765,50,LW 01,"6,204,590,893","4,333,333,333","3,794,871,795",45581
11222 - GEUDONG,GD112220031,MMU023-00,RANTO,5.040515,97.21996,50,LW 01,"3,776,794,521",26,"2,051,282,051",45581
11222 - GEUDONG,GD112220096,MMU024-00,PREMIUM UP YUNUS,5.098191,97.202502,160,LW 01,"9,540,352,354",21,"5,396,825,397",45472
11222 - GEUDONG,GD112220045,MMU025-00,MEE 2,5.072645,97.209708,50,LW 01,"5,059,666,819","3,633,333,333","1,039,755,352",45859
11222 - GEUDONG,GD112220023,MMU026-00,RAYEUK MATANG,5.093767,97.207961,50,LW 01,"5,818,420,543",41,"3,739,837,398",45859
11222 - GEUDONG,GD112220027,MMU027-00,UJONG KUTA BATEE,5.04436,97.1982,25,LW 01,"6,861,461,539","2,433,333,333","7,305,936,073",45581
11222 - GEUDONG,GD112220046,MMU028-00,PABRIK PADI PUTRA YUSIMA,5.072217,97.217951,400,LW 01,"2,138,298,513","1,223,333,333","0,726612171",45735
11222 - GEUDONG,GD112220193,MMU030-00,SARAMABA,5.029108,97.208511,50,LW 01,"4,205,881,241",29,"3,218,390,805",45581
11222 - GEUDONG,GD112220195,MMU031-00,PAYA ITEK 3,5.083781,97.205338,50,LW 01,"8,096,606,215","5,733,333,333","1,472,868,217",45859
11222 - GEUDONG,GD112220235,MMU032-00,BEURINGEN 2,5.039223,97.197817,50,LW 01,"4,012,353,431",28,"3,095,238,095",45581
11222 - GEUDONG,GD112220219,MMU033-00,MNS MANYANG,5.088282,97.216611,50,LW 01,"8,109,846,781","5,733,333,333","4,263,565,891",45859
11222 - GEUDONG,GD112220236,MMU034-00,KD. JUNGKA GAJAH 3,5.060492,97.204569,50,LW 01,"4,309,342,409",30,"3,111,111,111",45581
11222 - GEUDONG,GD112220237,MMU035-00,BLANG REUMA 2,5.035977,97.211883,50,LW 01,"9,768,766,555","6,666,666,667","1,033,333,333",45581
11222 - GEUDONG,GD112220238,MMU036-00,DRIEN PUNTONG  2,5.059857,97.21822,50,LW 01,"2,008,909,507","1,366,666,667","3,739,837,398",45859
11222 - GEUDONG,GD112220239,MMU037-00,KUTA BATEE 2,5.055098,97.202216,50,LW 01,"634,777,376","4,433,333,333","350,877,193",45581
11222 - GEUDONG,GD112220240,MMU038-00,PAYA KAMBUK 2,5.070246,97.200761,50,LW 01,"6,506,737,534",46,"2,608,695,652",45859
11222 - GEUDONG,GD112220241,MMU039-00,ULEE CIBREK,5.097865,97.206549,50,LW 01,"5,042,808,191","3,533,333,333","2,327,044,025",45859
11222 - GEUDONG,GD112220253,MMU040-00,MEURIA BLEUK 2,5.108415,97.207413,100,LW 01,"5,177,138,354","7,266,666,667","1,314,984,709",45859
11222 - GEUDONG,GD112220242,MMU041-00,TEUNGGOH JUNGKA GAJAH,5.055853,97.205132,50,LW 01,"3,012,690,685","2,133,333,333","3,541,666,667",45581
11222 - GEUDONG,GD112220243,MMU042-00,KUTA BATEE 3,5.045893,97.198663,50,LW 01,"7,903,617,265","5,533,333,333","1,967,871,486",45581
11222 - GEUDONG,GD112220244,MMU043-00,PAYA ITEK 4,5.075552,97.206455,50,LW 01,"7,996,878,579",57,"2,573,099,415",45859
11222 - GEUDONG,GD112220245,MMU044-00,UJONG REUBA 2,5.072877,97.220125,50,LW 01,"5,965,182,981",42,"1,904,761,905",45859
11222 - GEUDONG,GD112220254,MMU045-00,KITOU 2,5.103554,97.198844,50,LW 06,"2,700,767,579","1,866,666,667","2,976,190,476",45830
11222 - GEUDONG,GD112220246,MMU046-00,LEUBOK TUWE 1,5.029896,97.201656,25,LW 01,"272,447,743","9,333,333,333","1,047,619,048",45581
11222 - GEUDONG,GD112220312,MMU048-01,LEUBOK TUWE 2,5.027397,97.200608,50,LW 01,0,0,#DIV/0!,45581
11222 - GEUDONG,GD112220318,MMU049-00,KITOU 3,5.044794,97.222419,50,LW 01,0,0,#DIV/0!,45581
11222 - GEUDONG,GD112220065,SDR001-00,KD.GEUDONG 1,5.117735,97.208691,160,LW 06,"73,527,361","1,636,666,667","2,172,437,203",45580
11222 - GEUDONG,GD112220066,SDR002-00,POS JAGA GDG,5.122746,97.204659,100,LW 06,"7,290,663,729",103,"8,414,239,482",45858
11222 - GEUDONG,GD112220067,SDR003-00,TEUPIN BLANGAN,5.111947,97.219497,50,LW 06,"7,229,349,131",52,"2,564,102,564",45580
11222 - GEUDONG,GD112220109,SDR004-00,MEUCAT,5.135086,97.223895,25,LW 06,"4,810,205,315","18,4","3,007,246,377",45580
11222 - GEUDONG,GD112220106,SDR005-00,TJ. KLENG,5.101181,97.216705,100,LW 06,"5,377,825,307","7,466,666,667","119,047,619",45859
11222 - GEUDONG,GD112220098,SDR006-00,KUTA KRUENG 1,5.138104,97.212068,100,LW 06,"4,527,715,526","6,433,333,333","127,806,563",45858
11222 - GEUDONG,GD112220122,SDR007-00,MESJID,5.126876,97.220707,50,LW 06,"5,445,336,799",38,"1,228,070,175",45488
11222 - GEUDONG,GD112220068,SDR008-00,BLANG PRIA 1,5.116973,97.207068,160,LW 06,"8,736,500,358",197,"8,121,827,411",45873
11222 - GEUDONG,GD112220127,SDR009-00,KD.KLEP,5.124588,97.235471,100,LW12,"5,997,976,477",86,"1,162,790,698",45807
11222 - GEUDONG,GD112220128,SDR010-00,Manggra,5.139335,97.229761,50,LW12,"4,028,519,238","2,966,666,667","2,172,284,644",45807
11222 - GEUDONG,GD112220107,SDR011-00,Tj. Hagu 1,5.088503,97.230678,50,LW 06,"9,577,779,086",67,"2,089,552,239",45859
11222 - GEUDONG,GD112220069,SDR012-00,TELKOM GDG,5.116987,97.202299,50,LW 06,"2,643,686,883",19,"1,754,385,965",45831
11222 - GEUDONG,GD112220129,SDR013-00,SAWANG 1,5.149304,97.245897,50,LW12,"6,061,985,376","4,333,333,333","8,205,128,205",45807
11222 - GEUDONG,GD112220130,SDR014-00,BLANG NIBONG 1,5.158986,97.263241,25,LW12,"4,601,866,546","1,633,333,333","8,027,210,884",45807
11222 - GEUDONG,GD112220131,SDR015-00,PUUK 1,5.145039,97.235553,50,LW12,"6,046,012,019",44,"2,121,212,121",45807
11222 - GEUDONG,GD112220099,SDR016-00,KUTA GEULUMPANG 1,5.140736,97.221591,50,LW 06,"53,449","2,866,666,667","4,728,682,171",45873
11222 - GEUDONG,GD112220070,SDR017-00,MANCANG 1,5.117152,97.21266,200,LW 06,"65,396,875","1,416,666,667","2,792,156,863",45580
11222 - GEUDONG,GD112220035,SDR018-00,DS.KITOU SD,5.065572,97.229953,50,LW 01,"3,384,042,378","2,333,333,333","6,666,666,667",45581
11222 - GEUDONG,GD112220132,SDR019-00,BLANG NIBONG 2,5.154975,97.256814,25,LW12,"6,833,363,826","2,433,333,333","2,922,374,429",45807
11222 - GEUDONG,GD112220100,SDR020-00,BEURINGEN,5.13204,97.203313,50,LW 06,"8,672,955,744","6,166,666,667","3,387,387,387",45858
11222 - GEUDONG,GD112220071,SDR021-00,BLANG PRIA 2,5.116148,97.203047,100,LW 06,"5,760,454,576","8,033,333,333","2,102,351,314",45831
11222 - GEUDONG,GD112220072,SDR022-00,PDAM GEUDONG 1,5.113589,97.209867,50,LW 06,"9,885,391,309",70,"1,333,333,333",45859
11222 - GEUDONG,GD112220073,SDR023-00,PUSONG 1,5.117078,97.225604,100,LW12,"6,984,976,007","1,016,666,667","6,338,797,814",45807
11222 - GEUDONG,GD112220101,SDR024-00,PIE 1,5.127352,97.203018,100,LW 06,"6,230,032,795","8,866,666,667","1,629,072,682",45858
11222 - GEUDONG,GD112220133,SDR025-00,LAGA BARO,5.1293,97.234083,50,LW12,"5,344,415,972","3,866,666,667","2,701,149,425",45807
11222 - GEUDONG,GD112220074,SDR026-00,PDAM GEUDONG 2,5.113242,97.20973,50,LW 06,"718,454,675",51,"3,921,568,627",45859
11222 - GEUDONG,GD112220123,SDR027-00,UJONG 1,5.12834,97.217935,50,LW 06,"1,864,379,489",13,"6,153,846,154",45580
11222 - GEUDONG,GD112220124,SDR028-00,UJONG 2,5.127378,97.21636,100,LW 06,"37,851,661",53,"1,132,075,472",45580
11222 - GEUDONG,GD112220134,SDR029-00,MATANG ULIM,5.14521,97.248104,100,LW12,"2,857,383,462","4,066,666,667","2,568,306,011",45807
11222 - GEUDONG,GD112220135,SDR030-00,BLANG NIBONG 3,5.156921,97.260142,50,LW12,"5,373,591,405","3,833,333,333","2,492,753,623",45807
11222 - GEUDONG,GD112220136,SDR031-00,Kp. Lama,5.139136,97.226824,100,LW12,"7,255,137,443","1,053,333,333","358,649,789",45807
11222 - GEUDONG,GD112220125,SDR032-00,BLANG KABU,5.122618,97.217405,50,LW 06,"6,149,550,167","4,333,333,333","1,948,717,949",45580
11222 - GEUDONG,GD112220108,SDR033-00,Tj. Hagu 2,5.093335,97.229532,50,LW 06,"6,771,856,777","4,733,333,333","4,694,835,681",45859
11222 - GEUDONG,GD112220075,SDR034-00,MANCANG 2,5.117196,97.2113,50,LW 06,"2,577,291,602",36,"7,407,407,407",45580
11222 - GEUDONG,GD112220102,SDR035-00,KUTA GEULUMPANG 2,5.138985,97.221426,50,LW 06,"3,662,710,108",26,"5,128,205,128",45858
11222 - GEUDONG,GD112220103,SDR036-00,KUTA GEULUMPANG 3,5.137586,97.219896,50,LW 06,"3,151,331,729","2,233,333,333","1,890,547,264",45858
11222 - GEUDONG,GD112220076,SDR038-00,KD.GEUDONG 2,5.116876,97.20933,50,LW 06,"3,447,589,397","2,433,333,333","3,378,995,434",45859
11222 - GEUDONG,GD112220077,SDR039-00,BLANG PRIA 3,5.116043,97.202134,100,LW 06,"6,642,260,887","9,233,333,333","1,251,504,212",45831
11222 - GEUDONG,GD112220078,SDR040-00,ASAN,5.120664,97.208246,100,LW 06,"553,301,706","7,933,333,333","1,736,694,678",45858
11222 - GEUDONG,GD112220137,SDR041-00,KR. BARO LANGGAHAN,5.108511,97.224612,50,LW12,"7,349,437,987",52,"1,153,846,154",45832
11222 - GEUDONG,GD112220079,SDR043-00,KILANG PADI MUTIARA 1,5.115276,97.20768,250,LW 06,"5,769,245,696","2,003,333,333","4,215,196,894",45735
11222 - GEUDONG,GD112220126,SDR044-00,MANCANG 3,5.117948,97.213721,50,LW 06,"643,337,556","4,533,333,333","2,990,196,078",45580
11222 - GEUDONG,GD112220192,SDR045-00,DS KITO,5.050692,97.225783,50,LW 01,"5,638,171,789",39,"1,709,401,709",45581
11222 - GEUDONG,GD112220138,SDR046-00,PDAM  KR. BARO LANGGAHAN,5.108924,97.227727,160,LW12,"5,496,879,744",126,"3,174,603,175",45832
11222 - GEUDONG,GD112220139,SDR047-00, KUALA KERTOW,5.16551,97.26778,50,LW12,"3,562,943,981","2,533,333,333","1,929,824,561",45807
11222 - GEUDONG,GD112220140,SDR048-00,PUUK 2,5.142895,97.230399,50,LW12,"6,379,258,594",46,"5,797,101,449",45807
11222 - GEUDONG,GD112220198,SDR049-00,Kp. Baroe,5.098267,97.222833,25,LW 06,"1,839,976,818","6,333,333,333","2,456,140,351",45859
11222 - GEUDONG,GD112220199,SDR050-00,KUTA KRUENG 2,5.139085,97.214187,25,LW 06,"499,792,883","1,766,666,667","5,408,805,031",45858
11222 - GEUDONG,GD112220196,SDR051-00,PULO KLAT,5.122837,97.23335,100,LW12,"49,859,007","7,166,666,667","719,379,845",45807
11222 - GEUDONG,GD112220200,SDR052-00,MANCANG 4,5.116882,97.219664,25,LW 06,"2,941,253,211","1,066,666,667","2,291,666,667",45580
11222 - GEUDONG,GD112220201,SDR053-00,KUTA KRUENG 3,5.139325,97.215636,100,LW 06,"1,227,908,553","8,666,666,667","2,820,512,821",45858
11222 - GEUDONG,GD112220202,SDR054-00,KUTA GLUMPANG 4,5.14473,97.22116,160,LW 06,"6,089,096,783",139,"2,350,119,904",45858
11222 - GEUDONG,GD112220295,SDR056-00,SAWANG 2,5.15243,97.245118,50,LW12,"7,456,979,097","5,233,333,333","9,341,825,902",45681
11222 - GEUDONG,GD112220255,SDR057-00,TEUPIN ARA,5.114887,97.213228,50,LW 06,"7,994,415,217","5,633,333,333","134,122,288",45580
11222 - GEUDONG,GD112220296,SDR058-00,SAWANG 3,5.149517,97.246311,50,LW12,"7,788,609,091","5,533,333,333","9,236,947,791",45807
11222 - GEUDONG,GD112220256,SDR059-00, KUTA KREUNG 4,5.139013,97.212615,50,LW 06,"2,455,817,105","1,733,333,333","1,794,871,795",45858
11222 - GEUDONG,GD112220257,SDR060-00,BLANG PRIA 4,5.116346,97.205933,100,LW 06,"4,071,762,773","5,833,333,333","1,219,047,619",45860
11222 - GEUDONG,GD112220258,SDR061-00, BLANG PRIA 5,5.11661,97.20699,50,LW 06,"5,187,838,579",36,"5,555,555,556",45831
11222 - GEUDONG,GD112220259,SDR062-00,KD.GEUDONG 3,5.117559,97.210308,100,LW 06,"6,313,710,094","8,833,333,333","7,798,742,138",45580
11222 - GEUDONG,GD112220260,SDR063-00,TEUNGOH,5.132009,97.222252,50,LW 06,"50,177,127","3,633,333,333","1,773,700,306",45580
11222 - GEUDONG,GD112220269,SDR064-00,PUSONG 2,5.116936,97.224997,50,LW12,"2,794,375,303",20,"2,666,666,667",45807
11222 - GEUDONG,GD112220300,SDR065-00,UJONG 3,5.128334,97.216439,50,LW 06,"5,832,623,359",41,"1,138,211,382",45580
11222 - GEUDONG,GD112220261,SDR066-00,KUTA GLUMPANG 5,5.138732,97.220344,50,LW 06,"724,863,263","5,166,666,667","1,333,333,333",45858
11222 - GEUDONG,GD112220262,SDR067-00,PIE 2,5.130979,97.202303,50,LW 06,"386,000,994","2,733,333,333","406,504,065",45858
11222 - GEUDONG,GD112220287,SDR068-01,Matang Tunong,5.125793,97.234971,50,LW12,"6,042,663,387",43,"2,015,503,876",45807
11222 - GEUDONG,GD112220286,SDR069-01,Kd Ayam Blang Nibong,5.160268,97.267111,100,LW12,"1,045,234,927","14,6","200,913,242",45812
11222 - GEUDONG,GD112220301,SDR070-00,KILANG PADI MUTIARA 2,5.11506,97.207669,160,LW 06,"4,786,702,829",109,"244,648,318",45735
11222 - GEUDONG,GD112220302,SDR071-00,KILANG PADI MUTIARA 3,5.114991,97.207629,200,LW 01,"3,829,362,263",109,"244,648,318",45735
11222 - GEUDONG,GD112220080,SYA001-00,KD.TEUPIN PUNTI,5.112841,97.229965,100,LW12,"6,264,635,321","1,005,220,705","1,179,091,663",45832
11222 - GEUDONG,GD112220141,SYA002-00,PANTE 1,5.107226,97.230206,100,LW12,"4,592,244,041","6,466,666,667","1,683,848,797",45832
11222 - GEUDONG,GD112220081,SYA003-00,SP.CIBREK 1,5.103578,97.245316,200,LW12,"6,050,919,496",170,"1,254,901,961",45832
11222 - GEUDONG,GD112220082,SYA004-00,SP. MULING,5.103276,97.255586,100,LW12,"6,052,151,177","8,433,333,333","163,372,859",45861
11222 - GEUDONG,GD112220147,SYA005-00,AWE 1,5.109043,97.252517,100,LW12,"4,633,572,698","6,433,333,333","1,070,811,744",45861
11222 - GEUDONG,GD112220148,SYA006-00,MNS. AMPEH,5.119317,97.251002,100,LW12,"8,365,805,401","1,166,666,667","1,961,904,762",45873
11222 - GEUDONG,GD112220144,SYA007-00,MONCRANG 1,5.096227,97.254318,100,LW12,"8,237,826,091","1,166,666,667","3,619,047,619",45861
11222 - GEUDONG,GD112220142,SYA008-00,BLANG,5.0896,97.240004,100,LW12,"5,926,385,043",84,"1,904,761,905",45832
11222 - GEUDONG,GD112220145,SYA009-00,KD. ARON,5.092977,97.251269,100,LW12,"4,071,474,098","5,733,333,333","2,480,620,155",45861
11222 - GEUDONG,GD112220143,SYA010-00,KUMBANG 1,5.098989,97.235811,50,LW12,"5,250,769,758",37,"5,045,045,045",45832
11222 - GEUDONG,GD112220146,SYA011-00,MONCRANG 2,5.098265,97.253627,50,LW12,"9,704,334,265",69,"193,236,715",45861
11222 - GEUDONG,GD112220083,SYA012-00,PULO,5.104922,97.266392,25,LW12,"2,772,666,933","9,666,666,667","5,057,471,264",45861
11222 - GEUDONG,GD112220084,SYA013-00,DS. KEUTAPANG,5.113277,97.228165,50,LW12,"5,370,743,144",38,"4,035,087,719",45832
11222 - GEUDONG,GD112220149,SYA014-00,ARA 1,5.113811,97.251471,50,LW12,"2,211,405,491","1,533,333,333","115,942,029",45861
11222 - GEUDONG,GD112220085,SYA015-00,PANTE 2,5.110911,97.232892,100,LW12,"4,703,788,113",67,"1,890,547,264",45832
11222 - GEUDONG,GD112220150,SYA016-00,DAYAH KUPI,5.107086,97.239905,100,LW12,"5,456,037,024","7,733,333,333","183,908,046",45832
11222 - GEUDONG,GD112220086,SYA017-00, DAYAH TEUNGKU,5.103244,97.256781,100,LW12,"2,858,114,773","3,966,666,667","2,577,030,812",45861
11222 - GEUDONG,GD112220151,SYA018-00,KULAM,5.122804,97.250217,50,LW12,"4,754,402,487","3,366,666,667","1,254,125,413",45765
11222 - GEUDONG,GD112220087,SYA019-00,CIBREK BAROH 1,5.103416,97.24888,50,LW12,"7,231,196,652","5,066,666,667","1,228,070,175",45832
11222 - GEUDONG,GD112220152,SYA020-00,TANJONG,5.105487,97.254628,50,LW12,"7,858,891,864","5,533,333,333","1,526,104,418",45861
11222 - GEUDONG,GD112220270,SYA021-00,DAYAH ARON 1,5.093192,97.253992,50,LW12,"5,491,755,761","3,866,666,667","2,298,850,575",45736
11222 - GEUDONG,GD112220271,SYA022-00,LAP. BOLA SP MULING,5.103409,97.250581,50,LW12,"1,016,021,004",7,"5,714,285,714",45861
11222 - GEUDONG,GD112220272,SYA023-00,MEUCAT,5.101185,97.254561,100,LW12,"4,886,115,328",70,"6,666,666,667",45861
11222 - GEUDONG,GD112220273,SYA024-00,AWE 2,5.111119,97.252331,50,LW12,"731,448,905","5,133,333,333","1,255,411,255",45861
11222 - GEUDONG,GD112220274,SYA025-00,SP. CIBREK 2,5.105383,97.242666,50,LW12,"9,958,137,443",7,"5,714,285,714",45832
11222 - GEUDONG,GD112220276,SYA026-00,MESJID TP. PUNTI 1,5.103638,97.231393,50,LW12,"4,223,779,099","2,966,666,667","2,546,816,479",45832
11222 - GEUDONG,GD112220277,SYA027-00,CIBREK BAROH 2,5.103431,97.250009,50,LW12,"5,067,980,663",35,"2,857,142,857",45861
11222 - GEUDONG,GD112220278,SYA028-00,KEUTAPANG 2,5.108429,97.228692,50,LW12,"3,074,775,084","2,166,666,667","1,128,205,128",45832
11222 - GEUDONG,GD112220297,SYA029-00,DAYAH ARON 2,5.092864,97.251738,50,LW12,"9,145,228,264","6,666,666,667","2,433,333,333",45861
11222 - GEUDONG,GD112220303,SYA030-00,PANTE 3,5.109074,97.235116,50,LW12,"1,202,890,041","8,666,666,667","1,025,641,026",45832
11222 - GEUDONG,GD112220284,SYA031-00,PUSKESMAS SP. MULING,5.10323,97.253448,50,LW12,"4,127,746,505","2,866,666,667","1,782,945,736",45861
11222 - GEUDONG,GD112220294,SYA032-00,PANTE 4,5.110519,97.233269,50,LW 12,"1,802,833,951",13,"4,102,564,103",45832
11222 - GEUDONG,GD112220309,SYA033-01,MESJID TP. PUNTI 2,5.101056,97.232572,50,LW 12,"4,450,215,875","3,133,333,333","3,333,333,333",45832
11222 - GEUDONG,GD112220310,SYA034-01,KUMBANG 2,5.096261,97.239297,50,LW 12,"5,884,161,493","4,166,666,667","1,066,666,667",45832
11222 - GEUDONG,GD112220311,SYA035-01,ARA 2,5.115338,97.251613,50,LW 12,"5,198,115,414","3,633,333,333","2,324,159,021",45861
,,SYA036-01,,5.12053,97.25067,50,,,,,
11222 - GEUDONG,GD112220002,SYB001-00,ULEE GAMPONG,5.099474,97.190529,50,LW 01,"1,013,596,133","7,333,333,333","1,212,121,212",45806
11222 - GEUDONG,GD112220179,SYB002-00,LANGA BAYU 1,5.117007,97.179304,100,LW 08,"7,477,494,276","1,063,333,333","2,612,330,199",45803
11222 - GEUDONG,GD112220111,SYB003-00,BEUNOT 1,5.117878,97.188359,200,LW 06,"5,175,598,753",146,"1,141,552,511",45805
11222 - GEUDONG,GD112220091,SYB004-00,BIE BAYU 1,5.109698,97.196284,100,LW 06,"5,091,190,144",71,"1,784,037,559",45873
11222 - GEUDONG,GD112220088,SYB005-00,LANCOK 1,5.139945,97.183328,100,LW 06,"742,985,903","1,062,666,667","1,020,493,517",45804
11222 - GEUDONG,GD112220112,SYB006-00,DAYAH TUHA 1,5.124712,97.19226,50,LW 06,"5,171,210,891",36,"2,407,407,407",45861
11222 - GEUDONG,GD112220049,SYB007-00,BLANG AWE 1,5.097837,97.183279,100,LW 01,"2,496,924,444","3,533,333,333","3,081,761,006",45806
11222 - GEUDONG,GD112220003,SYB008-00,KAYEE PANYANG,5.086238,97.191802,50,LW 01,"5,528,706,178",40,"1,333,333,333",45806
11222 - GEUDONG,GD112220089,SYB009-00,TPI LANCOK,5.13122,97.19221,25,LW 06,"2,696,456,697","0,933333333","7,619,047,619",45804
11222 - GEUDONG,GD112220006,SYB010-00,BLANG MAJRON 1,5.077257,97.185261,50,LW 01,"8,332,165,125","6,033,333,333","2,467,771,639",45806
11222 - GEUDONG,GD112220007,SYB011-00,BLANG SEREUKUY 1,5.07184,97.189334,100,LW 01,"5,178,062,114","7,333,333,333","2,878,787,879",45806
11222 - GEUDONG,GD112220113,SYB013-00,KD.BAYU 1,5.117528,97.190113,200,LW 06,"4,475,330,612","1,233,333,333","1,693,693,694",45860
11222 - GEUDONG,GD112220114,SYB014-00,BEURANDANG BAYU 1,5.116521,97.194539,100,LW 06,"4,931,802,979","6,866,666,667","7,443,365,696",45830
11222 - GEUDONG,GD112220050,SYB015-00,SEUNEBOK BAROE,5.078987,97.174363,50,LW 01,"6,574,095,065","4,666,666,667","3,666,666,667",45806
11222 - GEUDONG,GD112220051,SYB016-00,BUKET GLUMPANG,5.065223,97.170833,50,LW 01,"2,629,638,026","1,866,666,667","9,523,809,524",45831
11222 - GEUDONG,GD112220009,SYB020-00,SIREN TUJOH,5.056952,97.179148,25,LW 01,"1,388,719,847","7,333,333,333","303,030,303",45806
,,SYB022-00,,,,,,,,,
11222 - GEUDONG,GD112220060,SYB029-00,SP. COT MATAHE,5.083732,97.179277,50,LW 01,"4,432,125,566","3,266,666,667","4,013,605,442",45806
11222 - GEUDONG,GD112220115,SYB030-00,PDAM Bayu,5.117642,97.189657,50,LW 06,"2,763,737,249","1,933,333,333","9,195,402,299",45805
11222 - GEUDONG,GD112220090,SYB031-00,LANCOK 2,5.139594,97.187389,100,LW 06,"2,130,226,194","29,9","1,984,392,419",45804
11222 - GEUDONG,GD112220061,SYB032-00,ULEE MERIA BAYU,5.090134,97.184272,50,LW 01,"7,166,302,481","5,133,333,333","1,904,761,905",45806
11222 - GEUDONG,GD112220062,SYB033-00,ALUE MAJRON 1,5.073183,97.17688,50,LW 01,"5,237,952,582",37,"3,063,063,063",45806
11222 - GEUDONG,GD112220180,SYB035-00,LANGA BAYU 2,5.117098,97.18265,100,LW 08,"5,968,531,613","8,466,666,667","2,073,490,814",45803
11222 - GEUDONG,GD112220010,SYB036-00,TUMPEUN 1,5.056042,97.191772,50,LW 01,"8,608,369,494","6,233,333,333","1,996,434,938",45806
11222 - GEUDONG,GD112220116,SYB039-00,BEUNOT 2,5.117526,97.184732,50,LW 06,"5,685,495,266","3,923,333,333","4,803,171,906",45805
11222 - GEUDONG,GD112220117,SYB040-00,BLANG RIMUENG 1,5.120572,97.188786,50,LW 06,"661,414,008","4,706,666,667","1,690,273,843",45804
11222 - GEUDONG,GD112220011,SYB041-00,CUT NEUHEN,5.052294,97.191671,50,LW 01,"8,445,364,268",61,"1,420,765,027",45806
11222 - GEUDONG,GD112220119,SYB045-00,PUNTI,5.12465,97.18081,50,LW 06,"6,684,403,608","4,756,666,667","0,934361131",45804
11222 - GEUDONG,GD112220120,SYB046-00,PUNTI SEUMATANG 1,5.131141,97.178213,50,LW 06,"3,487,249,512","2,463,333,333","1,344,158,773",45804
11222 - GEUDONG,GD112220191,SYB047-00,LANCOK 3,5.141142,97.176846,50,LW 08,"8,563,913,523","5,966,666,667","1,415,270,019",45861
11222 - GEUDONG,GD112220092,SYB048-00,GLONG BAYU,5.115633,97.189427,100,LW 06,"5,761,262,866","8,233,333,333","4,588,394,062",45830
11222 - GEUDONG,GD112220097,SYB049-00,BEURANDANG BAYU 2,5.113602,97.194972,50,LW 06,"7,951,229,417","5,566,666,667","3,313,373,253",45830
11222 - GEUDONG,GD112220004,SYB050-00,TRIENG MEUDURO,5.094877,97.190256,50,LW 01,"6,720,472,603","4,766,666,667","7,459,207,459",45806
11222 - GEUDONG,GD112220121,SYB052-00,KD. BAYU 2,5.117159,97.19148,100,LW 06,"7,846,267,138","1,093,333,333","1,382,113,821",45830
11222 - GEUDONG,GD112220064,SYB054-00,DAYAH TUHA 2,5.121655,97.191487,100,LW 06,"4,822,799,249","6,666,666,667","2,666,666,667",45861
11222 - GEUDONG,GD112220093,SYB056-00,BALEE BAYU,5.106462,97.197385,50,LW 06,"6,217,023,169","4,366,666,667","9,669,211,196",45873
11222 - GEUDONG,GD112220005,SYB057-00,GAROT BAYU,5.100247,97.186347,50,LW 01,"7,448,588,273","5,466,666,667","1,382,113,821",45806
11222 - GEUDONG,GD112220197,SYB059-00,BIE BAYU 2,5.110977,97.196356,100,LW 06,"490,625","5,233,333,333","1,486,199,575",45830
11222 - GEUDONG,GD112220194,SYB060-00,PULO U,5.078445,97.191346,50,LW 01,"5,933,274,756","4,633,333,333","1,774,580,336",45806
11222 - GEUDONG,GD112220248,SYB061-00, BEURANDANG BAYU 3,5.1162,97.196344,50,LW 06,"108,064","5,866,666,667","4,166,666,667",45830
11222 - GEUDONG,GD112220249,SYB063-00,PUNTI SEUMATANG 2,5.128741,97.180752,250,LW 06,"5,681,680,905","20,4","7,516,339,869",45806
11222 - GEUDONG,GD112220250,SYB064-00,DAYAH BAROE,5.123332,97.194481,50,LW 06,"6,355,933,643",44,"9,090,909,091",45861
11222 - GEUDONG,GD112220247,SYB065-00,RHENG BAYU,5.091314,97.191255,50,LW 01,"4,420,771,011",31,"1,290,322,581",45806
11222 - GEUDONG,GD112220228,SYB067-00,TEUMPEUN 2,5.057764,97.191753,50,LW 01,"1,597,874,605","1,133,333,333","7,450,980,392",45806
11222 - GEUDONG,GD112220251,SYB068-00,BLANG BAYU,5.118885,97.190437,50,LW 06,"5,936,084,528",84,"7,936,507,937",45861
11222 - GEUDONG,GD112220229,SYB069-00,PULO BLANG TRIENG,5.0956,97.183607,50,LW 01,"3,353,134,893","2,366,666,667","1,220,657,277",45806
11222 - GEUDONG,GD112220230,SYB070-00,BLANG AWE 2,5.101459,97.18277,50,LW 01,"4,276,664,384","3,033,333,333","2,344,322,344",45806
11222 - GEUDONG,GD112220232,SYB072-00,ALUE MAJRON 2,5.070352,97.174768,50,LW 01,"5,874,538,989","4,166,666,667","3,626,666,667",45806
11222 - GEUDONG,GD112220252,SYB073-00,BLANG RIMEUNG 2,5.120916,97.188472,100,LW 06,"5,832,242,308","8,273,333,333","2,017,190,438",45804
11222 - GEUDONG,GD112220233,SYB074-00,BLANG SEREKUY 2,5.07013,97.190646,50,LW 01,"9,216,819,697",65,"4,615,384,615",45806
,,SYB076-00,,,,,,,,,
11222 - GEUDONG,GD112220281,SYB078-00,LANCOK 4,5.140477,97.191982,50,LW 06,"5,017,004,483","3,526,666,667","183,994,959",45804
11222 - GEUDONG,GD112220291,SYB079-00,BLANG AWE 3,5.099607,97.182998,50,LW 01,"9,868,532,681",72,"1,388,888,889",45806
11222 - GEUDONG,GD112220316,SYB080-01,BLANG MAJRON 2,5.081599,97.186047,50,LW 01,"2,011,950,218","1,466,666,667","1,212,121,212",45806
11222 - GEUDONG,GD112220317,SYB081-01,LANGA BAYU 4,5.116904,97.176958,50,LW 08,"4,067,933,017","2,933,333,333","1,666,666,667",45803
11222 - GEUDONG,GD112220153,TPR001-00,PALOH,5.127517,97.249444,100,LW12,"6,682,165,413",93,"5,017,921,147",45613
11222 - GEUDONG,GD112220154,TPR002-00,KUMBANG,5.133589,97.256796,50,LW12,"7,361,985,733","5,166,666,667","111,827,957",45613
11222 - GEUDONG,GD112220155,TPR003-00,TP.GAPEUH 1,5.14231,97.27036,50,LW12,"6,872,777,604",48,"1,388,888,889",45613
11222 - GEUDONG,GD112220156,TPR004-00,MEE. MERBO 1,5.130823,97.276651,50,LW12,"4,056,324,427","28,7","2,392,566,783",45812
11222 - GEUDONG,GD112220157,TPR005-00,BLANG 1,5.125616,97.242914,100,LW12,"7,953,577,308","1,093,333,333","1,056,910,569",45613
11222 - GEUDONG,GD112220158,TPR006-00,CANGGUK 1,5.137001,97.25917,50,LW12,"3,926,289,751","2,733,333,333","406,504,065",45613
11222 - GEUDONG,GD112220159,TPR007-00,CIBREK 1,5.147947,97.276516,50,LW12,"2,218,487,654","1,533,333,333","115,942,029",45613
11222 - GEUDONG,GD112220160,TPR008-00,PANDE 1,5.134141,97.246092,100,LW12,"494,379,262",69,"5,797,101,449",45613
11222 - GEUDONG,GD112220161,TPR010-00,KD.TANAH PASIR,5.130184,97.248018,100,LW12,"6,055,826,974",85,"1,333,333,333",45613
11222 - GEUDONG,GD112220162,TPR012-00, MATANG JANENG,5.143137,97.254927,50,LW12,"4,644,513,486","3,233,333,333","8,934,707,904",45613
11222 - GEUDONG,GD112220163,TPR013-00,PRIE,5.133087,97.265159,50,LW12,"5,273,324,909","3,666,666,667","8,484,848,485",45613
11222 - GEUDONG,GD112220164,TPR014-00,CIBREK 2,5.146048,97.273221,50,LW12,"9,530,128,443","6,666,666,667","3,666,666,667",45873
11222 - GEUDONG,GD112220165,TPR015-00,CANGGUK 2,5.132452,97.252753,25,LW12,"6,003,980,919",21,"3,492,063,492",45613
11222 - GEUDONG,GD112220166,TPR016-00,PANDE 2,5.132509,97.246829,100,LW12,"374,812,908","5,233,333,333","9,341,825,902",45873
11222 - GEUDONG,GD112220167,TPR017-00,TP.GAPEUH 2,5.141744,97.266595,50,LW12,"3,800,465,882",27,"2,222,222,222",45613
11222 - GEUDONG,GD112220282,TPR018-00,MEE MERBO 2,5.127605,97.273451,50,LW12,"92,218,234","6,333,333,333","701,754,386",45613
11222 - GEUDONG,GD112220298,TPR019-00,BLANG 2,5.12766,97.242886,50,LW12,"3,722,754,536",26,"3,846,153,846",45613
11222 - GEUDONG,GD112220283,TPR021-00,CANGGUK 3,5.133131,97.253968,50,LW12,"1,397,495,572","9,666,666,667","5,057,471,264",45613
11222 - GEUDONG,GD112220290,TPR022-00,Keutapang,5.138081,97.260686,50,LW 12,"3,554,630,137","2,466,666,667","3,603,603,604",45613
11223 - LHOKSUKON,GD112230025,BKB238-00,DS. BABUSALAM-5 UNIT V RW-IV,4.998079,97.4453,50,,,,,
11223 - LHOKSUKON,GD112230350,BKB258-00,DS. BABUSALAM-4 UNIT V RW-IV,4.998207,97.446552,50,,,,,
11223 - LHOKSUKON,GD112230019,BKB264-00,DS. BABUSALAM-6 UNIT V RW-II,4.999483,97.442067,50,,,,,
11223 - LHOKSUKON,GD112230020,BKB275-00,CINTA MAKMUR-1,5.017639,97.411959,50,,,,,
11223 - LHOKSUKON,GD112230021,BKB276-00,CINTA MAKMUR-2,5.028374,97.413149,50,,,,,
11223 - LHOKSUKON,GD112230023,BKB278-00,DS. BABUSALAM-1 UNIT V RW-II,5.004117,97.441454,50,,,,,
11223 - LHOKSUKON,GD112230024,BKB279-00,DS. BABUSALAM-2 UNIT V RW-I,4.995717,97.442082,50,,,,,
11223 - LHOKSUKON,GD112230022,BKB280-00,DS. BABUSALAM-3 UNIT V RW-III,5.008411,97.441892,50,,,,,
11223 - LHOKSUKON,GD112230026,BKB281-00,DS. BABUSALAM-4 UNIT V RW-V,4.999127,97.448047,50,,,,,
11223 - LHOKSUKON,GD112230153,COT017-00,DS TEUNGOH - BATU VIII (LUAR),4.971557,97.341856,100,,,,,
11223 - LHOKSUKON,GD112230156,COT018-00,DS U BAROH - BATU XI,4.955975,97.353778,50,,,,,
11223 - LHOKSUKON,GD112230160,COT019-00,BATU XII-1,4.943117,97.364187,100,,,,,
11223 - LHOKSUKON,GD112230176,COT020-00,KP.BANTAN-1 LUAR,4.942729,97.381487,50,,,,,
11223 - LHOKSUKON,GD112230178,COT021-00,SP. IV (COT GIREK),4.919477,97.374747,160,,,,,
11223 - LHOKSUKON,GD112230014,COT027-00,ALUE LEUHOP-1,4.947797,97.427261,100,,,,,
11223 - LHOKSUKON,GD112230185,COT029-00,COT GIREK LAMA-1,4.914986,97.35878,100,,,,,
11223 - LHOKSUKON,GD112230187,COT030-00,PDAM COT GIREK LAMA-2,4.917242,97.357427,50,,,,,
11223 - LHOKSUKON,GD112230183,COT035-00,KTR. PABRIK GULA,4.91946,97.370712,25,,,,,
11223 - LHOKSUKON,GD112230193,COT036-00,MNS.GEUDUBANG (C.GIREK),4.912109,97.391365,50,,,,,
11223 - LHOKSUKON,GD112230154,COT038-00,DS LHOK REUHAT-1 BATU VIII (DALAM),4.970397,97.341095,50,,,,,
11223 - LHOKSUKON,GD112230016,COT040-00,ALUE LEUHOP-2,4.951872,97.439538,25,,,,,
11223 - LHOKSUKON,GD112230184,COT042-00,AFDELING-1,4.930134,97.365868,100,,,,,
11223 - LHOKSUKON,GD112230170,COT047-00,MTG.TEUNGOH CEMPEDAK,4.95719,97.37276,50,,,,,
11223 - LHOKSUKON,GD112230169,COT053-00,ALUE DRIEN,4.965514,97.357673,50,,,,,
11223 - LHOKSUKON,GD112230194,COT055-00,SUKA JADI-1,4.894284,97.401951,50,,,,,
11223 - LHOKSUKON,GD112230195,COT056-00,DS. SUKA JADI-2 (ABONG-ABONG),4.890433,97.398549,50,,,,,
11223 - LHOKSUKON,GD112230171,COT057-00,LHOK KAREUNG,4.975296,97.372266,25,,,,,
11223 - LHOKSUKON,GD112230157,COT058-00,POM BENSIN DS. BATU  XII - 2 CG,4.948899,97.359267,50,,,,,
11223 - LHOKSUKON,GD112230196,COT062-00,BUKIT LEUBAK,4.905542,97.407629,50,,,,,
11223 - LHOKSUKON,GD112230197,COT063-00,ALUR PANGE,4.918239,97.423117,50,,,,,
11223 - LHOKSUKON,GD112230198,COT065-00,RIMBA KARYA-1,4.928716,97.424781,25,,,,,
11223 - LHOKSUKON,GD112230199,COT066-00,RIMBA KARYA-2,4.926265,97.413615,50,,,,,
11223 - LHOKSUKON,GD112230166,COT071-00,BUKIT SELAMAT,4.95233,97.348105,50,,,,,
11223 - LHOKSUKON,GD112230168,COT072-00,PUCUK RINTIS-1,4.922362,97.330056,50,,,,,
11223 - LHOKSUKON,GD112230165,COT084-00,TRIENG BATU X,4.965502,97.342684,50,,,,,
11223 - LHOKSUKON,GD112230158,COT094-00,PKS MINI DS.BATU XII - 4 DI DALAM CG,4.94657,97.349252,25,,,,,
11223 - LHOKSUKON,GD112230155,COT095-00,TELKOMSEL DS. GEULUMPANG KM-IX,4.968373,97.343714,25,,,,,
11223 - LHOKSUKON,GD112230173,COT097-00,ULEE GAMPONG-1,4.942753,97.370086,50,,,,,
11223 - LHOKSUKON,GD112230189,COT100-00,LUBUK TILAM TIMUR,4.881343,97.352301,25,,,,,
11223 - LHOKSUKON,GD112230190,COT101-00,LUBUK TILAM BARAT,4.882467,97.342561,50,,,,,
11223 - LHOKSUKON,GD112230180,COT102-00,BUKIT ANTARA,4.916492,97.374745,50,,,,,
11223 - LHOKSUKON,GD112230159,COT103-00,DS BATU XII-3,4.945351,97.362341,50,,,,,
11223 - LHOKSUKON,GD112230175,COT107-00,KP.BANTAN-2,4.952057,97.384121,25,,,,,
11223 - LHOKSUKON,GD112230182,COT108-00,R.JAYA-2,4.911648,97.378973,100,,,,,
11223 - LHOKSUKON,GD112230177,COT116-00,PKS COT GIREK,4.929161,97.37086,500,,,,,
11223 - LHOKSUKON,GD112230013,COT118-00,DS. ALUE LEUHOP-3 PATOK II,4.950336,97.432055,50,,,,,
11223 - LHOKSUKON,GD112230186,COT119-00,BUKIT PAYOENG,4.912357,97.357697,50,,,,,
11223 - LHOKSUKON,GD112230191,COT120-00,BATEE ULEU-1,4.873629,97.336131,25,,,,,
11223 - LHOKSUKON,GD112230192,COT121-00,BATEE ULEU-2,4.872555,97.328121,16,,,,,
11223 - LHOKSUKON,GD112230015,COT126-00,DS.ALUE LEUHOP-4 PTK-I,4.94345,97.419317,50,,,,,
11223 - LHOKSUKON,GD112230017,COT127-00,DS.ALUE LEUHOP-5 PTK-IV,4.958689,97.435486,50,,,,,
11223 - LHOKSUKON,GD112230179,COT128-00,PANDAN WANGI,4.920818,97.38307,50,,,,,
11223 - LHOKSUKON,GD112230167,COT129-00,PUCUK RINTIS-2,4.938028,97.340956,25,,,,,
11223 - LHOKSUKON,GD112230172,COT136-00,ULEE GAMPONG-2,4.94274,97.367775,100,,,,,
11223 - LHOKSUKON,GD112230188,COT137-00,PDAM COT GIREK LAMA-3,4.917432,97.357396,160,,,,,
11223 - LHOKSUKON,GD112230291,COT141-00,DS. U BAROH-2 (BATU-XI),4.953955,97.356735,100,,,,,
11223 - LHOKSUKON,GD112230292,COT144-00,RS COTGIREK,4.911559,97.375168,50,,,,,
11223 - LHOKSUKON,GD112230351,COT160-00,DS. BATU XII - II,4.944628,97.362897,50,,,,,
11223 - LHOKSUKON,GD112230352,COT164-00,DS. LHOK MERBO KM-12,4.942746,97.388361,50,,,,,
11223 - LHOKSUKON,GD112230353,COT165-00,DS. R JAYA-3,4.915982,97.379431,50,,,,,
11223 - LHOKSUKON,GD112230354,COT167-00,CRUSHER DS. BATU ALUE LEUHOB ,4.962025,97.425097,50,,,,,
11223 - LHOKSUKON,GD112230355,COT175-00,DS. GEULEUMPANG KM IX,4.96493,97.345705,50,,,,,
11223 - LHOKSUKON,GD112230356,COT176-00,DS. MATANG TENGOH (CEMPEDAK)-II,4.955538,97.365844,50,,,,,
11223 - LHOKSUKON,GD112230357,COT179-00,KP. BANTAN-3,4.942757,97.377955,50,,,,,
11223 - LHOKSUKON,GD112230358,COT180-00,PERUMAHAN PT. SAP ALUE LEUHOP PT.VI,4.940607,97.408553,50,,,,,
11223 - LHOKSUKON,GD112230359,COT181-00,PT. SAP ALUE LEUHOP PT. VI,4.940325,97.408466,800,,,,,
11223 - LHOKSUKON,GD112230484,COT182-00,DS ALUE DRIEN BATU XI-I (DALAM) - 2,4.97027,97.353654,100,,,,,
11223 - LHOKSUKON,GD112230486,COT183-00,Perum. Cemara Indah Batu XII,4.948184,97.359896,100,,,,,
11223 - LHOKSUKON,GD112230086,LAP001-00,GEULANGGANG BAROE,5.150157,97.288454,100,,,,,
11223 - LHOKSUKON,GD112230088,LAP002-00,MATANG TUNONG,5.1593,97.29667,100,,,,,
11223 - LHOKSUKON,GD112230094,LAP003-00,KUALA CANGKOY-1,5.171141,97.297491,100,,,,,
11223 - LHOKSUKON,GD112230085,LAP005-00,DS. MERBO JURONG - I,5.140089,97.28751,25,,,,,
11223 - LHOKSUKON,GD112230083,LAP006-00,LUENG BAROE,5.119822,97.290122,100,,,,,
11223 - LHOKSUKON,GD112230090,LAP007-00,MATANG BAROEH-1,5.16757,97.293727,50,,,,,
11223 - LHOKSUKON,GD112230092,LAP008-00,KUALA KERTO-1,5.168397,97.28387,50,,,,,
11223 - LHOKSUKON,GD112230084,LAP009-00,TANJUNG DAMA,5.13685,97.278074,25,,,,,
11223 - LHOKSUKON,GD112230093,LAP010-00,KUALA KERTO-2,5.165974,97.277818,50,,,,,
11223 - LHOKSUKON,GD112230095,LAP011-00,KUALA CANGKOY-2,5.175668,97.305373,50,,,,,
11223 - LHOKSUKON,GD112230096,LAP012-00,KUALA CANGKOY-3,5.176008,97.298724,50,,,,,
11223 - LHOKSUKON,GD112230091,LAP013-00,MATANG BAROEH-2,5.159554,97.283066,100,,,,,
11223 - LHOKSUKON,GD112230089,LAP016-00,MATANG TUNONG-2,5.163974,97.297268,25,,,,,
11223 - LHOKSUKON,GD112230360,LAP017-00,DS. MATANG TUNONG 3,5.162551,97.297323,50,,,,,
11223 - LHOKSUKON,GD112230361,LAP018-00,DS. MATANG BAROEH-3,5.164141,97.289125,50,,,,,
11223 - LHOKSUKON,GD112230362,LAP019-00,DS. KUALA KERTO -3,5.169094,97.286251,50,,,,,
11223 - LHOKSUKON,GD112230363,LAP020-00,DS. MERBO JURONG - II,5.144661,97.292171,25,,,,,
11223 - LHOKSUKON,GD112230445,LAP021-00,PUSKESMAS LAPANG,5.168219,97.295174,100,,,,,
11223 - LHOKSUKON,GD112230018,LKH074-00,BOLA MAS,4.955214,97.449882,100,,,,,
11223 - LHOKSUKON,GD112230055,LSK001-00,KANTOR PLN,5.041148,97.322329,200,,,,,
11223 - LHOKSUKON,GD112230364,LSK002-00,PT.TELKOM  LHOKSUKON,5.040292,97.321321,160,,,,,
11223 - LHOKSUKON,GD112230365,LSK003-00,MNS.CEBREK SP.COT GIREK ,5.041566,97.325535,100,,,,,
11223 - LHOKSUKON,GD112230057,LSK004-00,MNS. PANTE JLN. LAPANG,5.045234,97.321588,160,,,,,
11223 - LHOKSUKON,GD112230056,LSK005-00,KANTOR POS,5.043132,97.320637,200,,,,,
11223 - LHOKSUKON,GD112230101,LSK006-00,MNSH DAYAH,5.041398,97.317649,160,,,,,
11223 - LHOKSUKON,GD112230103,LSK007-00,MNS.TEUNGOH MTG.KUPILA,5.041158,97.308348,100,,,,,
11223 - LHOKSUKON,GD112230114,LSK008-00,ASAN ARA KEMUDI,5.027305,97.311233,100,,,,,
11223 - LHOKSUKON,GD112230060,LSK009-00,TUTONG-1,5.053351,97.315337,100,,,,,
11223 - LHOKSUKON,GD112230066,LSK010-00,ALUE MUDEM,5.068338,97.308982,100,,,,,
11223 - LHOKSUKON,GD112230031,LSK011-00,MUNYEE ALMUSLIMUN,5.044392,97.339583,100,,,,,
11223 - LHOKSUKON,GD112230115,LSK012-00,PDAM ASAN ARA KEMUDI,5.02568,97.311704,250,,,,,
11223 - LHOKSUKON,GD112230034,LSK013-00,SMA DS. ALUE BUKET MTG.UBI,5.050562,97.336334,100,,,,,
11223 - LHOKSUKON,GD112230040,LSK014-00,NGA-1 LUAR,5.065856,97.341825,50,,,,,
11223 - LHOKSUKON,GD112230001,LSK015-00,DS. JOK (BATU-II),5.022278,97.328528,100,,,,,
11223 - LHOKSUKON,GD112230150,LSK016-00,MNS. DAYAH I LKS TGH (BATU-VI),4.990051,97.333591,100,,,,,
11223 - LHOKSUKON,GD112230044,LSK023-00,BINTANG HUE-1 LUAR,5.086949,97.346136,100,,,,,
11223 - LHOKSUKON,GD112230005,LSK024-00,DS. SNB.DLM BKT.HG GAMPONG,5.00863,97.370958,100,,,,,
11223 - LHOKSUKON,GD112230006,LSK025-00,BUKIT HAGU-1,4.990853,97.406409,100,,,,,
11223 - LHOKSUKON,GD112230011,LSK026-00,DS. BUKIT HAGU-2   PATOK  V,4.975281,97.421836,50,,,,,
11223 - LHOKSUKON,GD112230077,LSK031-00,RAMBOT-1 AB,5.056886,97.318634,100,,,,,
11223 - LHOKSUKON,GD112230079,LSK032-00,DS. ARA (BUNGKOK) JL.LAPANG,5.073069,97.311014,50,,,,,
11223 - LHOKSUKON,GD112230081,LSK033-00,DS. LEUBOK JLN.LAPANG,5.086532,97.305635,50,,,,,
11223 - LHOKSUKON,GD112230082,LSK034-00,TRIENG PANTANG 1,5.098569,97.297942,100,,,,,
11223 - LHOKSUKON,GD112230202,LSK037-00,DESA MANYANG KM1,5.029537,97.32377,50,,,,,
11223 - LHOKSUKON,GD112230146,LSK039-00,BABAH GEUDEBANG,5.007743,97.33004,50,,,,,
11223 - LHOKSUKON,GD112230064,LSK041-00,DS. RANTO POMPA BENSIN ,5.0613,97.312304,100,,,,,
11223 - LHOKSUKON,GD112230161,LSK043-00,ALUE EMPOK,4.985771,97.345101,25,,,,,
11223 - LHOKSUKON,GD112230162,LSK044-00,BUKIT KRUENG,4.985894,97.350475,25,,,,,
11223 - LHOKSUKON,GD112230163,LSK045-00,DS. GRONG GRONG-I,4.985534,97.355703,50,,,,,
11223 - LHOKSUKON,GD112230164,LSK046-00,ALUE ABEE,4.979758,97.363358,50,,,,,
11223 - LHOKSUKON,GD112230047,LSK048-00,COT U SIBAK-I,5.078396,97.363207,25,,,,,
11223 - LHOKSUKON,GD112230048,LSK049-00,BLANG AMAN,5.068295,97.378018,50,,,,,
11223 - LHOKSUKON,GD112230049,LSK050-00,BUKIT SENTANG,5.043835,97.373121,25,,,,,
11223 - LHOKSUKON,GD112230043,LSK051-00,COT ARA,5.087821,97.341375,25,,,,,
11223 - LHOKSUKON,GD112230149,LSK052-00,DS. MEREUBO (BATU-IV) DALAM,4.999425,97.339275,50,,,,,
11223 - LHOKSUKON,GD112230039,LSK054-00,POLRES LSK DS. REUDEUP-3,5.05996,97.340054,100,,,,,
11223 - LHOKSUKON,GD112230009,LSK059-00,BUKIT HAGU KP.LALANG,4.976588,97.412991,50,,,,,
11223 - LHOKSUKON,GD112230148,LSK060-00,DS. ARA LT  (BATU-VI) DIDALAM,4.994897,97.330642,50,,,,,
11223 - LHOKSUKON,GD112230147,LSK061-00,DS. TUHA (BATU-VI) DALAM,5.006068,97.328106,50,,,,,
11223 - LHOKSUKON,GD112230201,LSK067-00,DS. MNS BLANG  LT-I,5.033807,97.327209,100,,,,,
11223 - LHOKSUKON,GD112230003,LSK068-00,ULEE GUNONG,5.00992,97.36473,50,,,,,
11223 - LHOKSUKON,GD112230038,LSK069-00,REUDEUP-1 DALAM,5.059255,97.344682,50,,,,,
11223 - LHOKSUKON,GD112230036,LSK070-00,REUDEUP-2 LUAR,5.055515,97.338394,100,,,,,
11223 - LHOKSUKON,GD112230102,LSK073-00,GEULINGGANG MTG.KUPILA,5.041462,97.311981,100,,,,,
11223 - LHOKSUKON,GD112230046,LSK077-00,COT BIEK,5.087445,97.350677,16,,,,,
11223 - LHOKSUKON,GD112230053,LSK082-00,KP. BARU 1 LSK,5.038937,97.323208,100,,,,,
11223 - LHOKSUKON,GD112230037,LSK083-00,PDAM  MNS.REUDEUP,5.058283,97.340095,200,,,,,
11223 - LHOKSUKON,GD112230029,LSK085-00,TRIENG-1 MU,5.045251,97.330023,100,,,,,
11223 - LHOKSUKON,GD112230028,LSK086-00,TELKOMSEL TRIENG MU,5.042055,97.326243,100,,,,,
11223 - LHOKSUKON,GD112230151,LSK088-00,INDOSAT DESA KUMBANG - BATU VII,4.984415,97.336399,25,,,,,
11223 - LHOKSUKON,GD112230116,LSK089-00,PDAM DS.ASAN ARA KEMUDI - 2,5.025685,97.311671,160,,,,,
11223 - LHOKSUKON,GD112230032,LSK091-00,PT. HUTCHISON CPT MUNYE MU,5.04868,97.334163,50,,,,,
11223 - LHOKSUKON,GD112230008,LSK092-00,TELKOMSEL BUKIT HAGU-3,4.98567,97.411683,25,,,,,
11223 - LHOKSUKON,GD112230045,LSK093-00,BINTANG HUE-2 LUAR,5.094266,97.350095,50,,,,,
11223 - LHOKSUKON,GD112230065,LSK096-00,DINKES DS ALUE MUDEM,5.067283,97.309758,50,,,,,
11223 - LHOKSUKON,GD112230325,LSK098-00,DS BUKIT HAGU IV - PATOK III,4.985675,97.411624,50,,,,,
11223 - LHOKSUKON,GD112230326,LSK104-00,DS BUKIT HAGU V - PATOK VI,4.972601,97.424503,50,,,,,
11223 - LHOKSUKON,GD112230327,LSK105-00,DS BUKIT HAGU VI - PATOK IV,4.98056,97.41663,50,,,,,
11223 - LHOKSUKON,GD112230328,LSK106-00,DS ALUE TINGKEUM,5.02863,97.333537,50,,,,,
11223 - LHOKSUKON,GD112230058,LSK109-00,INDOMARET,5.041191,97.32077,50,,,,,
11223 - LHOKSUKON,GD112230059,LSK110-00,GEUMATA,5.045899,97.317566,100,,,,,
11223 - LHOKSUKON,GD112230343,LSK111-00,DS BERINGIN - JLN MTG KULI,5.033357,97.320103,100,,,,,
11223 - LHOKSUKON,GD112230062,LSK112-00,SMA UNGGUL,5.059318,97.310339,100,,,,,
11223 - LHOKSUKON,GD112230329,LSK113-00,DS MATA IE BLANG RUBEK,5.021657,97.373998,50,,,,,
11223 - LHOKSUKON,GD112230076,LSK114-00,ASAN AB,5.049583,97.320179,50,,,,,
11223 - LHOKSUKON,GD112230098,LSK115-00,MABRIGIF-1,5.05123,97.386235,100,,,,,
11223 - LHOKSUKON,GD112230033,LSK117-00,KTR KEJARI,5.049543,97.335174,50,,,,,
11223 - LHOKSUKON,GD112230035,LSK122-00,MTG TEUNGOH,5.052126,97.332406,50,,,,,
11223 - LHOKSUKON,GD112230061,LSK124-00,TUTONG-2,5.054737,97.315146,100,,,,,
11223 - LHOKSUKON,GD112230030,LSK125-00,DS. MUNYE DALAM,5.046058,97.336017,50,,,,,
11223 - LHOKSUKON,GD112230078,LSK130-00,RAMBOT-2 AB,5.062543,97.315604,50,,,,,
11223 - LHOKSUKON,GD112230330,LSK131-00,MNS ULEE TANOH - BATU III,5.015254,97.33099,50,,,,,
11223 - LHOKSUKON,GD112230331,LSK132-00,MNS CIBREK LSK - BATU I,5.037891,97.326594,100,,,,,
11223 - LHOKSUKON,GD112230099,LSK133-00,MABRIGIF-2,5.047886,97.388681,100,,,,,
11223 - LHOKSUKON,GD112230344,LSK134-00,DS ULEE BARAT MTG KUPILA,5.040868,97.304254,50,,,,,
11223 - LHOKSUKON,GD112230042,LSK135-00,NGA-2 LUAR,5.071746,97.342417,50,,,,,
11223 - LHOKSUKON,GD112230067,LSK139-00,ALUE DRIEN,5.074106,97.306106,100,,,,,
11223 - LHOKSUKON,GD112230301,LSK140-00,KAMPUNG BARU 2,5.040627,97.323052,100,,,,,
11223 - LHOKSUKON,GD112230332,LSK142-00,DS TUALANG TUHA - UNIT VI,5.013607,97.402368,50,,,,,
11223 - LHOKSUKON,GD112230302,LSK143-00,DEPAG LHOKSUKON,5.070966,97.307903,50,,,,,
11223 - LHOKSUKON,GD112230311,LSK145-00,PERUMAHAN POLRES (AUT),5.056951,97.348313,50,,,,,
11223 - LHOKSUKON,GD112230366,LSK146-00,DS. TRIENG MTG.UBI 2,5.043013,97.327342,100,,,,,
11223 - LHOKSUKON,GD112230345,LSK147-00,DS BERINGIN II,5.035496,97.319414,50,,,,,
11223 - LHOKSUKON,GD112230310,LSK148-00,PENGADILAN NEGERI,5.057767,97.338914,100,,,,,
11223 - LHOKSUKON,GD112230303,LSK149-00,KANTOR SAMSAT,5.057273,97.314077,50,,,,,
11223 - LHOKSUKON,GD112230312,LSK150-00,POLRES II (AUT),5.059703,97.341807,100,,,,,
11223 - LHOKSUKON,GD112230304,LSK151-00,PAJAK IKAN LHOKSUKON,5.043259,97.321802,100,,,,,
11223 - LHOKSUKON,GD112230333,LSK152-00,TPA BUKIT HAGU,4.991763,97.386676,25,,,,,
11223 - LHOKSUKON,GD112230305,LSK153-00,PASAR INPRES LHOKSUKON,5.04419,97.32359,160,,,,,
11223 - LHOKSUKON,GD112230306,LSK154-00,PENDOPO BUPATI AU,5.040645,97.322459,50,,,,,
11223 - LHOKSUKON,GD112230334,LSK155-00,SPG ALUE TINGKEUM,5.031059,97.32392,50,,,,,
11223 - LHOKSUKON,GD112230367,LSK156-00,DS.MNS RAMBOT - 3 AB,5.061169,97.316501,50,,,,,
11223 - LHOKSUKON,GD112230368,LSK157-00,DS. MANCANG AB,5.077153,97.308279,50,,,,,
11223 - LHOKSUKON,GD112230369,LSK159-00,DS. COT U SIBAK - II,5.076925,97.367275,50,,,,,
11223 - LHOKSUKON,GD112230370,LSK161-00,DS. MEUNYE LUAR,5.046862,97.331992,50,,,,,
11223 - LHOKSUKON,GD112230371,LSK162-00,KOMPI BRIGIF DS. BLANG AMAN,5.056177,97.388542,100,,,,,
11223 - LHOKSUKON,GD112230335,LSK163-00,DS TEUPIN KEUBEU - KM III,4.997928,97.37171,50,,,,,
11223 - LHOKSUKON,GD112230323,LSK166-00,DS JEULIKAT KM - 07,4.983188,97.333918,50,,,,,
11223 - LHOKSUKON,GD112230372,LSK168-00,KANTOR BUPATI AU,5.075592,97.301588,1000,,,,,
11223 - LHOKSUKON,GD112230373,LSK169-00,KOMPLEK TERMINAL LSK,5.041145,97.324273,100,,,,,
11223 - LHOKSUKON,GD112230374,LSK170-00,KANTOR KIP,5.067435,97.309328,100,,,,,
11223 - LHOKSUKON,GD112230375,LSK171-00,DS. ARONGAN,5.101012,97.305392,50,,,,,
11223 - LHOKSUKON,GD112230376,LSK172-00,DS. ALUE DRIEN LANDENG,5.073623,97.306767,50,,,,,
11223 - LHOKSUKON,GD112230377,LSK173-00,DS. BINTANG HUE-3 LUAR,5.068608,97.342089,50,,,,,
11223 - LHOKSUKON,GD112230378,LSK174-00,DS. TRIENG PANTANG-II,5.0953,97.301181,50,,,,,
11223 - LHOKSUKON,GD112230336,LSK177-00,DS BLANG LT II,5.036386,97.327076,100,,,,,
11223 - LHOKSUKON,GD112230346,LSK178-00,DS DAYAH JL. REL,5.041572,97.314831,50,,,,,
11223 - LHOKSUKON,GD112230337,LSK180-00,DS ULEE TANOH - KM III,5.015087,97.335899,50,,,,,
11223 - LHOKSUKON,GD112230338,LSK181-00,DS BUKIT HAGU - PATOK I,4.995547,97.40077,50,,,,,
11223 - LHOKSUKON,GD112230379,LSK182-00,DS. COT BERINGIN-I,5.077864,97.344044,50,,,,,
11223 - LHOKSUKON,GD112230380,LSK183-00,DS. TRIENG MTG.UBI 3,5.043393,97.327817,50,,,,,
11223 - LHOKSUKON,GD112230340,LSK184-00,DS GRONG GRONG II,4.98377,97.360103,50,,,,,
11223 - LHOKSUKON,GD112230381,LSK185-00,KP. BARU 3 LSK,5.039041,97.323206,100,,,,,
11223 - LHOKSUKON,GD112230347,LSK186-00,KILANG PADI,5.026201,97.304023,100,,,,,
11223 - LHOKSUKON,GD112230382,LSK187-00,RS YAKESNA,5.090907,97.299484,100,,,,,
11223 - LHOKSUKON,GD112230383,LSK188-00,RS PRATAMA,5.066516,97.307207,250,,,,,
11223 - LHOKSUKON,GD112230341,LSK189-00,DS DAYAH II - KM VI,4.992162,97.333291,50,,,,,
11223 - LHOKSUKON,GD112230384,LSK190-00,DS. COT BERINGIN-II,5.067104,97.354047,100,,,,,
11223 - LHOKSUKON,GD112230385,LSK191-00,DS. ASAN AB-II,5.048593,97.32033,50,,,,,
11223 - LHOKSUKON,GD112230349,LSK192-00,DESA MEUREUBO-2,5.003104,97.334309,25,,,,,
11223 - LHOKSUKON,GD112230339,LSK193-00,DS BUKIT HAGU VII - PATOK V,4.977581,97.41953,50,,,,,
11223 - LHOKSUKON,GD112230324,LSK194-00,KTR KEJARI II - DS ALUE BUKIT MU,5.049477,97.334721,50,,,,,
11223 - LHOKSUKON,GD112230386,LSK195-00,KANTOR DPRK LANDING,5.07598,97.301223,315,,,,,
11223 - LHOKSUKON,GD112230435,LSK196-00,SPBU DESA TRIENG MU,5.043006,97.327327,100,,,,,
11223 - LHOKSUKON,GD112230436,LSK197-00,DS. SEUNEBOK DALAM II ,4.998391,97.382837,50,,,,,
11223 - LHOKSUKON,GD112230442,LSK198-00,KFC LHOKSUKON,5.042673,97.32695,160,,,,,
11223 - LHOKSUKON,GD112230443,LSK199-00,PS GH LHOKSUKON,5.040722,97.322716,50,,,,,
11223 - LHOKSUKON,GD112230441,LSK200-00,DS. BUKET MEE KM-VII,4.986764,97.346084,50,,,,,
11223 - LHOKSUKON,GD112230448,LSK201-00,PERUMAHAN POLRES-2 (AUT),5.057588,97.347542,100,,,,,
11223 - LHOKSUKON,GD112230449,LSK202-00,DS. MATA IE-2,5.014432,97.372406,50,,,,,
11223 - LHOKSUKON,GD112230450,LSK203-00,RSU AZ-ZAHRA,5.060318,97.339449,100,,,,,
11223 - LHOKSUKON,GD112230453,LSK204-00,AULA BRIGIF,5.051207,97.386238,100,,,,,
11223 - LHOKSUKON,GD112230455,LSK205-00,MASJID DS RANTO,5.061878,97.311487,160,,,,,
11223 - LHOKSUKON,GD112230456,LSK206-00,POLSEK LHOKSUKON,5.041189,97.321412,50,,,,,
11223 - LHOKSUKON,GD112230459,LSK207-00,KANTOR BPKAD ACEH UTARA,5.073558,97.303103,160,,,,,
11223 - LHOKSUKON,GD112230460,LSK208-00,MNS TUHA-2 BATU VI,5.00048,97.328629,50,,,,,
11223 - LHOKSUKON,GD112230464,LSK209-00,VIDEOTRON DINKES,5.07688,97.30233,50,,,,,
11223 - LHOKSUKON,GD112230467,LSK210-00,MIXUE KOTA LSK,5.041252,97.319754,50,,,,,
11223 - LHOKSUKON,GD112230468,LSK211-00,DS. ASAN LB,5.027256,97.305232,50,,,,,
11223 - LHOKSUKON,GD112230470,LSK212-00,BLANG AMAN LUAR,5.064962,97.375898,50,,,,,
11223 - LHOKSUKON,GD112230471,LSK213-00,PDAM DS ASAN ARA KEMUDI,5.025214,97.311987,400,,,,,
11223 - LHOKSUKON,GD112230485,LSK214-00,MASJID RAYA LHOKSUKON,5.04174,97.32233,100,,,,,
,,LSK215-00,,4.984127,97.336541,,,,,,
,,LSK216-00,,4.99809,97.38302,,,,,,
11223 - LHOKSUKON,GD112230108,MKL001-00,KD.MATANG KULI,5.035285,97.277335,160,,,,,
11223 - LHOKSUKON,GD112230118,MKL002-00,MEE- 1 MATANG KULI,5.035182,97.272515,100,,,,,
11223 - LHOKSUKON,GD112230097,MKL003-00,PARANG X,5.037005,97.26714,100,,,,,
11223 - LHOKSUKON,GD112230111,MKL004-00,DS. TRIENG TEUPIN KEUBEU-I,5.027432,97.297737,100,,,,,
11223 - LHOKSUKON,GD112230105,MKL005-00,GLANG GLONG,5.040344,97.297153,100,,,,,
11223 - LHOKSUKON,GD112230278,MKL006-00,DS. AROUN GLP - VII,5.065141,97.300289,50,,,,,
11223 - LHOKSUKON,GD112230205,MKL009-00,TUTONG MK,5.023653,97.258288,50,,,,,
11223 - LHOKSUKON,GD112230207,MKL010-00,SEURIWEUK,5.024299,97.250681,50,,,,,
11223 - LHOKSUKON,GD112230120,MKL013-00,ALUE THO,5.024606,97.270683,50,,,,,
11223 - LHOKSUKON,GD112230124,MKL014-00,DS. MESJID PIERAK,5.00848,97.266841,50,,,,,
11223 - LHOKSUKON,GD112230106,MKL015-00,TEUMPOK PERLAK,5.037801,97.288727,100,,,,,
11223 - LHOKSUKON,GD112230121,MKL016-00,SIEREN,5.023598,97.280194,50,,,,,
11223 - LHOKSUKON,GD112230110,MKL017-00,PUNTI TEUPIN KEUBEE,5.029678,97.287133,50,,,,,
11223 - LHOKSUKON,GD112230109,MKL041-00,TELKOMSEL ,5.03237,97.277853,100,,,,,
11223 - LHOKSUKON,GD112230438,MKL049-00,DS. KUNYET MUELEE,5.01604,97.256953,50,,,,,
11223 - LHOKSUKON,GD112230126,MKL051-00,DS. BOENIE-1 DIDALAM,5.006404,97.250169,50,,,,,
11223 - LHOKSUKON,GD112230119,MKL054-00,DS. HAGU MTG KULI,5.031641,97.270028,100,,,,,
11223 - LHOKSUKON,GD112230125,MKL059-00,BOENIE- 2 LUAR,5.010342,97.254725,50,,,,,
11223 - LHOKSUKON,GD112230122,MKL062-00,BERINGIN PIRAK,5.016455,97.272631,50,,,,,
11223 - LHOKSUKON,GD112230107,MKL065-00,UDE MK,5.034723,97.27936,160,,,,,
11223 - LHOKSUKON,GD112230123,MKL071-00,RAYEUK PIRAK,5.01751,97.26293,50,,,,,
11223 - LHOKSUKON,GD112230063,MKL073-00,ARON GLP VII,5.06071,97.300317,50,,,,,
11223 - LHOKSUKON,GD112230117,MKL074-00,MEE 2 MATANG KULI,5.03325,97.273091,100,,,,,
11223 - LHOKSUKON,GD112230204,MKL078-00,TELKOMSEL MEURIA,5.033521,97.264008,25,,,,,
11223 - LHOKSUKON,GD112230295,MKL080-00,KEUDE MATANG KULI II,5.034991,97.278098,50,,,,,
11223 - LHOKSUKON,GD112230299,MKL082-00,DAYAH BONIE 3,5.00992,97.254001,160,,,,,
11223 - LHOKSUKON,GD112230313,MKL083-00,DS SEURIWEUK 3,5.019217,97.247779,50,,,,,
11223 - LHOKSUKON,GD112230297,MKL086-00,MAN MATANG KULI,5.030058,97.286202,50,,,,,
11223 - LHOKSUKON,GD112230388,MKL091-00,DS. MEURIA,5.033723,97.264396,100,,,,,
11223 - LHOKSUKON,GD112230389,MKL094-00,DS. JEUMPA GLP VII,5.045735,97.296889,100,,,,,
11223 - LHOKSUKON,GD112230390,MKL096-00,DS. DAYAH BARO,5.025681,97.253646,50,,,,,
11223 - LHOKSUKON,GD112230391,MKL097-00,DS. TRIENG TEUPIN KEUBEU-II,5.028328,97.292871,50,,,,,
11223 - LHOKSUKON,GD112230387,MKL102-00,DS. PARANG IX - II,5.03704,97.268637,50,,,,,
11223 - LHOKSUKON,GD112230440,MKL103-00,DS. RAYEUK MATANG KULI,5.034831,97.2827,50,,,,,
11223 - LHOKSUKON,GD112230447,MKL104-00,DS. JEUMPA GLUMPANG VII,5.05706,97.300166,100,,,,,
11223 - LHOKSUKON,GD112230451,MKL105-00,PT. SAS CLUSTER IV ,5.026914,97.260023,100,,,,,
11223 - LHOKSUKON,GD112230392,MMU078-00,DESA LUBOK TEUWE,5.016213,97.196019,50,,,,,
11223 - LHOKSUKON,GD112230247,NBG005-00,DS. SUMBOK RAYEUK ,5.068075,97.247703,200,,,,,
11223 - LHOKSUKON,GD112230243,NBG006-00,DS. NIBONG WAKEH,5.078828,97.255181,50,,,,,
11223 - LHOKSUKON,GD112230251,NBG015-00,KEUDEE SP.PAYA ,5.058996,97.237614,100,,,,,
11223 - LHOKSUKON,GD112230268,NBG016-00,DS.SEULEUNYOK ,5.032826,97.223108,100,,,,,
11223 - LHOKSUKON,GD112230266,NBG027-00,DS. MUNJEE LHE ,5.049405,97.233828,50,,,,,
11223 - LHOKSUKON,GD112230245,NBG033-00,DS. KEUPOK NIBONG ,5.074071,97.25563,50,,,,,
11223 - LHOKSUKON,GD112230246,NBG034-00,DS. KEH NIBONG ,5.070683,97.252621,50,,,,,
11223 - LHOKSUKON,GD112230267,NBG038-00,TELKOMSEL DS.RANTO ,5.04009,97.228135,25,,,,,
11223 - LHOKSUKON,GD112230249,NBG039-00,DS. MATANG MUNJEE,5.07234,97.24476,50,,,,,
11223 - LHOKSUKON,GD112230248,NBG043-00,MITRATEL-2 DS.SUMBOK RAYEK,5.06798,97.24655,25,,,,,
11223 - LHOKSUKON,GD112230265,NBG046-00,DS. KEULILE,5.052937,97.23663,50,,,,,
11223 - LHOKSUKON,GD112230317,NBG053-00,MESJID NIBONG,5.076045,97.256527,50,,,,,
11223 - LHOKSUKON,GD112230318,NBG054-00,DS. KEUPOK NIBONG-2,5.073273,97.254547,25,,,,,
11223 - LHOKSUKON,GD112230393,NBG059-00,DS. RANTO NIBONG,5.03937,97.227625,50,,,,,
11223 - LHOKSUKON,GD112230394,NBG060-00,DS. NIBONG BAROH - I,5.084639,97.252363,50,,,,,
11223 - LHOKSUKON,GD112230395,NBG066-00,DS. ALUE PANAH,5.014637,97.183261,50,,,,,
11223 - LHOKSUKON,GD112230396,NBG068-00,DS. BUMBAN,5.005796,97.190648,50,,,,,
11223 - LHOKSUKON,GD112230397,NBG071-00,DS. NIBONG BAROH - II,5.082862,97.253232,50,,,,,
11223 - LHOKSUKON,GD112230398,NBG072-00,DS. MAMPLAM,5.065098,97.236426,50,,,,,
11223 - LHOKSUKON,GD112230210,PBK011-00,GEUREUGEK,5.00574,97.24079,50,,,,,
11223 - LHOKSUKON,GD112230212,PBK012-00,KEUDEE PAYA BAKONG,4.992784,97.228602,100,,,,,
11223 - LHOKSUKON,GD112230127,PBK018-00,DS. BLANG ARA PB-I,5.002127,97.250835,50,,,,,
11223 - LHOKSUKON,GD112230222,PBK020-00,DS. TANJUNG DRIEN  PB,4.971442,97.216924,50,,,,,
11223 - LHOKSUKON,GD112230220,PBK021-00,BLANG GUNCI,4.984955,97.230872,100,,,,,
11223 - LHOKSUKON,GD112230231,PBK022-00,DS. BUKIT GURU-I,4.984834,97.246373,50,,,,,
11223 - LHOKSUKON,GD112230234,PBK032-00,ALUE LEUKOT,4.959305,97.232096,50,,,,,
11223 - LHOKSUKON,GD112230233,PBK033-00,KEBON PIRAK PB,4.963241,97.23992,50,,,,,
11223 - LHOKSUKON,GD112230235,PBK034-00,ALUE BIENG,4.962855,97.229362,50,,,,,
11223 - LHOKSUKON,GD112230236,PBK035-00,PEUREUPOK ALUE BIENG,4.956505,97.22397,50,,,,,
11223 - LHOKSUKON,GD112230237,PBK036-00,BLANG MANEE,4.950521,97.218721,50,,,,,
11223 - LHOKSUKON,GD112230213,PBK037-00,KOMPI,4.9912,97.228755,100,,,,,
11223 - LHOKSUKON,GD112230228,PBK038-00,PANTE KIRO,4.95529,97.18609,100,,,,,
11223 - LHOKSUKON,GD112230217,PBK042-00,DS. LEUHONG SEULEMAK I,4.999218,97.22772,25,,,,,
11223 - LHOKSUKON,GD112230214,PBK043-00,MEURIA SEULEMAK,5.01277,97.23835,50,,,,,
11223 - LHOKSUKON,GD112230215,PBK044-00,DS. TEUNGOH SEULEMAK - I,5.026981,97.241558,25,,,,,
11223 - LHOKSUKON,GD112230216,PBK045-00,ALUE ENTOK,5.031552,97.249211,25,,,,,
11223 - LHOKSUKON,GD112230211,PBK047-00,INDOSAT PAYA BAKONG,4.9941,97.230321,25,,,,,
11223 - LHOKSUKON,GD112230224,PBK048-00,DS. ALUE BAY PY. BAKONG,4.969976,97.215056,50,,,,,
11223 - LHOKSUKON,GD112230232,PBK050-00,TANJUNG SERKUY,4.98259,97.254844,25,,,,,
11223 - LHOKSUKON,GD112230218,PBK052-00,BLANG PAKU,4.997604,97.238289,50,,,,,
11223 - LHOKSUKON,GD112230221,PBK053-00,BLANG SIALET,4.991588,97.245804,50,,,,,
11223 - LHOKSUKON,GD112230227,PBK055-00,DS. LUENG PANTE BAHGIA,4.960589,97.199517,100,,,,,
11223 - LHOKSUKON,GD112230219,PBK057-00,NGA PAYA BAKONG,4.978605,97.233314,50,,,,,
11223 - LHOKSUKON,GD112230226,PBK061-00,DS. PUCUK ALUE SP. PARABOLA,4.959347,97.206781,50,,,,,
11223 - LHOKSUKON,GD112230209,PBK064-00,TUNONG KRUENG,5.016148,97.245565,50,,,,,
11223 - LHOKSUKON,GD112230225,PBK066-00,COT TUFAH,4.961136,97.213126,50,,,,,
11223 - LHOKSUKON,GD112230229,PBK075-00,PANTE KIRO-1,4.953648,97.180506,50,,,,,
11223 - LHOKSUKON,GD112230230,PBK076-00,PANTE KIRO-2,4.949844,97.178572,25,,,,,
11223 - LHOKSUKON,GD112230315,PBK081-00,SARAH PANYANG,4.977548,97.222498,50,,,,,
11223 - LHOKSUKON,GD112230314,PBK087-00,DS MAMPRE PB,4.983746,97.227819,50,,,,,
11223 - LHOKSUKON,GD112230401,PBK089-00,DS. LEUHONG SEULEMAK II,5.001854,97.228659,25,,,,,
11223 - LHOKSUKON,GD112230402,PBK090-00,DS. BLANG DALAM PB,5.002439,97.235977,50,,,,,
11223 - LHOKSUKON,GD112230403,PBK092-00,DS. BLANG ARA PB-II,5.001645,97.249242,50,,,,,
11223 - LHOKSUKON,GD112230404,PBK093-00,DS. PERPOK PB,4.949047,97.226955,50,,,,,
11223 - LHOKSUKON,GD112230406,PBK099-00,DS. CEMPEDAK,4.991279,97.233248,50,,,,,
11223 - LHOKSUKON,GD112230399,PBK100-00,DS. TEUNGOH SEULEMAK - II,5.024833,97.241157,50,,,,,
11223 - LHOKSUKON,GD112230400,PBK103-00,KEUDE PAYA BAKONG-II,4.993962,97.230265,50,,,,,
11223 - LHOKSUKON,GD112230437,PBK104-00,DS. ALUE KAJEUNG PB,4.917345,97.182098,50,,,,,
11223 - LHOKSUKON,GD112230446,PBK105-00,DS. TJ. BEUREUNYONG,4.994114,97.224585,50,,,,,
11223 - LHOKSUKON,GD112230465,PBK106-00,DS. KEUBON PIRAK - II,4.963234,97.243349,50,,,,,
11223 - LHOKSUKON,GD112230112,PRT007-00,PANGEE I,5.019433,97.294551,50,,,,,
11223 - LHOKSUKON,GD112230113,PRT008-00,DS LEUPEE,5.013475,97.284046,100,,,,,
11223 - LHOKSUKON,GD112230132,PRT019-00,KEUDEE ALUE BUNGKOH,4.993411,97.275938,50,,,,,
11223 - LHOKSUKON,GD112230143,PRT023-00,DS. ASAN KRUENG KREH,5.022214,97.310489,50,,,,,
11223 - LHOKSUKON,GD112230144,PRT024-00,REUNGKAM,5.002764,97.301073,50,,,,,
11223 - LHOKSUKON,GD112230145,PRT025-00,BILI BARO,4.982738,97.306174,50,,,,,
11223 - LHOKSUKON,GD112230050,PRT026-00,BRANDANG KRUENG,4.969078,97.307946,50,,,,,
11223 - LHOKSUKON,GD112230135,PRT027-00,ULEE BLANG,4.981409,97.274736,50,,,,,
11223 - LHOKSUKON,GD112230141,PRT028-00,BLANG SIEREN-1,4.960363,97.276692,50,,,,,
11223 - LHOKSUKON,GD112230139,PRT029-00,ALUE LHOK,4.952847,97.260522,50,,,,,
11223 - LHOKSUKON,GD112230131,PRT030-00,JLN.LINE  DS. ALUE BUNGKOH,4.999118,97.271702,50,,,,,
11223 - LHOKSUKON,GD112230128,PRT031-00,MATANG PEUSANGAN-1,5.002595,97.256604,50,,,,,
11223 - LHOKSUKON,GD112230140,PRT046-00,ALUE RIMEE,4.965603,97.276654,50,,,,,
11223 - LHOKSUKON,GD112230134,PRT056-00,BUKET CIBREK MUNJEE VII,4.97741,97.26241,50,,,,,
11223 - LHOKSUKON,GD112230129,PRT063-00,MATANG PEUSANGAN-2,4.991604,97.255608,50,,,,,
11223 - LHOKSUKON,GD112230052,PRT067-00,BRANDANG DAYAH,4.96129,97.31644,50,,,,,
11223 - LHOKSUKON,GD112230142,PRT068-00,BLANG SIEREN-2,4.95299,97.275006,25,,,,,
11223 - LHOKSUKON,GD112230051,PRT069-00,BRANDANG ASAN,4.963728,97.311976,50,,,,,
11223 - LHOKSUKON,GD112230133,PRT070-00,TEUPIN U,4.998505,97.278569,50,,,,,
11223 - LHOKSUKON,GD112230130,PRT072-00,PDAM MUNJEE TUJOH,4.999968,97.27055,100,,,,,
11223 - LHOKSUKON,GD112230138,PRT079-00,BUKIT PIDIE,4.962651,97.257014,50,,,,,
11223 - LHOKSUKON,GD112230298,PRT084-00,DESA MATANG KEH,5.016521,97.287198,50,,,,,
11223 - LHOKSUKON,GD112230300,PRT085-00,DESA ALUE DRIEN,4.973977,97.283843,50,,,,,
11223 - LHOKSUKON,GD112230409,PRT088-00,DS. MENYE VII,4.995873,97.264087,50,,,,,
11223 - LHOKSUKON,GD112230410,PRT095-00,DS. ALUE BUNGKOH,4.994525,97.27583,25,,,,,
11223 - LHOKSUKON,GD112230407,PRT101-00,DS. ARA TON-TON - II,4.989432,97.289712,50,,,,,
11223 - LHOKSUKON,GD112230408,PRT104-00,DS. PANGE-II,5.021205,97.294748,50,,,,,
11223 - LHOKSUKON,GD112230439,PRT105-00,DS. BLANG KUTA,4.996854,97.256509,50,,,,,
11223 - LHOKSUKON,GD112230454,PRT106-00,PTP BERANDANG ASAN,4.954361,97.315909,50,,,,,
11223 - LHOKSUKON,GD112230458,PRT107-00,DESA LEUBOK PIRAK,5.001126,97.265601,50,,,,,
,,PRT108-00,,4.980996,97.295149,,,,,,
11223 - LHOKSUKON,GD112230288,SDR301-00,DS. TANJUNG MESJID ,5.070777,97.231384,100,,,,,
11223 - LHOKSUKON,GD112230290,SDR302-00,PDAM TJG MESJID -1 ,5.068175,97.230666,160,,,,,
11223 - LHOKSUKON,GD112230289,SDR303-00,PDAM TJG MESJID -2,5.068319,97.230732,200,,,,,
11223 - LHOKSUKON,GD112230250,SDR304-00,DS. TEUPIN JOK,5.07511,97.23876,50,,,,,
11223 - LHOKSUKON,GD112230411,SDR305-00,KILANG PADI,5.071188,97.232181,400,,,,,
11223 - LHOKSUKON,GD112230412,SDR306-00,DS. TANJUNG MESJID-1 ,5.071276,97.231486,100,,,,,
11223 - LHOKSUKON,GD112230239,SYA045-00,DS. CALONG PRUEPOK-2,5.09715,97.27006,50,,,,,
11223 - LHOKSUKON,GD112230417,SYA073-00,DS. MANYANG TUNONG,5.087148,97.264235,50,,,,,
11223 - LHOKSUKON,GD112230244,SYA201-00,DS. MEE AROEN  -1,5.089994,97.250617,100,,,,,
11223 - LHOKSUKON,GD112230240,SYA202-00,DS. U PEUREUPOK DALAM,5.093373,97.266411,50,,,,,
11223 - LHOKSUKON,GD112230074,SYA203-00,PRUEPOK-1,5.106305,97.273676,100,,,,,
11223 - LHOKSUKON,GD112230238,SYA204-00,DS. CALONG,5.09781,97.27488,100,,,,,
11223 - LHOKSUKON,GD112230075,SYA205-00,PRUEPOK-2,5.106409,97.272238,50,,,,,
11223 - LHOKSUKON,GD112230308,SYA206-00,PEURUPOK 3,5.105947,97.270401,50,,,,,
11223 - LHOKSUKON,GD112230316,SYA207-00,SMKN SA PEURUPOK,5.103588,97.275615,50,,,,,
11223 - LHOKSUKON,GD112230413,SYA208-00,DS. PEURUPOK-4 LUAR,5.10574,97.278925,50,,,,,
11223 - LHOKSUKON,GD112230241,SYA212-00,DS. TUTOENG PERUPOK,5.081813,97.263107,50,,,,,
11223 - LHOKSUKON,GD112230416,SYA221-00,PABRIK ES ARWANA JAYA,5.10594,97.283488,400,,,,,
11223 - LHOKSUKON,GD112230487,SYA222-00,Pompanisasi Peureupok,5.107937,97.276347,50,,,,,
11223 - LHOKSUKON,GD112230264,TLS001-00,DS. BLANG BIDUEK ,5.047818,97.269086,25,,,,,
11223 - LHOKSUKON,GD112230256,TLS002-00,DS. RAYEUK MUNYEE 1,5.05765,97.267296,100,,,,,
11223 - LHOKSUKON,GD112230254,TLS003-00,DS. SB JAMAN-1 BLG JRUEN,5.0647,97.2684,50,,,,,
11223 - LHOKSUKON,GD112230252,TLS004-00,DS. ALUE TL TGK.DIBALE-1,5.06897,97.2646,100,,,,,
11223 - LHOKSUKON,GD112230274,TLS007-00,DS. JEUMPA ,5.068741,97.272519,100,,,,,
11223 - LHOKSUKON,GD112230276,TLS008-00,DS. MATANG BEN-1 ,5.071669,97.289026,100,,,,,
11223 - LHOKSUKON,GD112230277,TLS009-00,DS. HUENG ,5.07387,97.29903,100,,,,,
11223 - LHOKSUKON,GD112230068,TLS010-00,SP LANDING,5.078007,97.302496,100,,,,,
11223 - LHOKSUKON,GD112230263,TLS011-00,DS. SUPENG ,5.05048,97.27502,100,,,,,
11223 - LHOKSUKON,GD112230275,TLS013-00,DS. UJG BAROEH BERGANG ,5.074584,97.279278,100,,,,,
11223 - LHOKSUKON,GD112230261,TLS017-00,DS. UJONG BAROEH SB,5.054067,97.258021,50,,,,,
11223 - LHOKSUKON,GD112230280,TLS018-00,DS. KEUTAPANG BAYI,5.043584,97.248015,100,,,,,
11223 - LHOKSUKON,GD112230282,TLS019-00,DS. MATANG BALOY,5.03252,97.2349,50,,,,,
11223 - LHOKSUKON,GD112230283,TLS020-00,DS. ALUE GAMPONG ,5.019798,97.225379,50,,,,,
11223 - LHOKSUKON,GD112230285,TLS021-00,DS. HAGU BAYI ,5.01252,97.2116,100,,,,,
11223 - LHOKSUKON,GD112230286,TLS022-00,DS. TEUPIN MEE MNS BLANG ,5.029238,97.238855,50,,,,,
11223 - LHOKSUKON,GD112230269,TLS023-00,DS. ALUE IE MIRAH-I,5.022623,97.214179,50,,,,,
11223 - LHOKSUKON,GD112230279,TLS024-00,DS. SB JMN TUNONG (KLASTER-3),5.041394,97.257866,25,,,,,
11223 - LHOKSUKON,GD112230271,TLS025-00,DS. ALUE NGOM ,5.014003,97.191067,50,,,,,
11223 - LHOKSUKON,GD112230273,TLS026-00,DS. BLANG PIE ,5.001947,97.194,50,,,,,
11223 - LHOKSUKON,GD112230258,TLS028-00,DS. MATANG BEN-2 ,5.07041,97.29211,50,,,,,
11223 - LHOKSUKON,GD112230272,TLS029-00,DS. PAYA SUTRA ,5.018187,97.171797,50,,,,,
11223 - LHOKSUKON,GD112230284,TLS030-00,DS. LEUHOENG (BAYI) ,5.00865,97.22149,50,,,,,
11223 - LHOKSUKON,GD112230069,TLS031-00,SP. LANDENG BESCLOR CAMP,5.07461,97.302613,630,,,,,
11223 - LHOKSUKON,GD112230253,TLS032-00,KD BL JRUEN TGK.DIBALE-2,5.067409,97.264707,100,,,,,
11223 - LHOKSUKON,GD112230262,TLS035-00,SMK RAYEUK MUNJEE ,5.055151,97.267338,50,,,,,
11223 - LHOKSUKON,GD112230259,TLS037-00,DS. SIMPANG RANGKAYA,5.054761,97.262772,100,,,,,
11223 - LHOKSUKON,GD112230270,TLS040-00,DS. MADDI,5.017236,97.197835,50,,,,,
11223 - LHOKSUKON,GD112230242,TLS041-00,DS. AMPEH ALUE MASYIK TL,5.072151,97.261922,100,,,,,
11223 - LHOKSUKON,GD112230257,TLS042-00,DS.RAYEK NALEUNG,5.060138,97.278178,100,,,,,
11223 - LHOKSUKON,GD112230255,TLS044-00,DS. SB JAMAN-2 BLG JRUEN,5.06163,97.26926,100,,,,,
11223 - LHOKSUKON,GD112230287,TLS048-00,DS. TEUPIN MEE 2,5.022775,97.234762,50,,,,,
11223 - LHOKSUKON,GD112230260,TLS049-00,DS. SIMPANG RANGKAYA 2,5.05678,97.259997,100,,,,,
11223 - LHOKSUKON,GD112230319,TLS050-00,DS TRIENG TL,5.052558,97.255861,50,,,,,
11223 - LHOKSUKON,GD112230419,TLS051-00,DS. PAYA BEURANDANG-2,5.087717,97.301051,50,,,,,
11223 - LHOKSUKON,GD112230321,TLS052-00,BLANG BIDUEK 2,5.04876,97.27064,100,,,,,
11223 - LHOKSUKON,GD112230420,TLS055-00,DS.ALUE KEUJRUEN,5.098506,97.293822,50,,,,,
11223 - LHOKSUKON,GD112230307,TLS056-00,DESA PULO U 2,5.090904,97.299369,50,,,,,
11223 - LHOKSUKON,GD112230320,TLS057-00,MANYANG BAYI,5.046694,97.250951,50,,,,,
11223 - LHOKSUKON,GD112230322,TLS058-00,MATANG BALOY,5.024411,97.22841,50,,,,,
11223 - LHOKSUKON,GD112230421,TLS061-00,DS. PAYA BLANG BIDOK,5.052616,97.266052,50,,,,,
11223 - LHOKSUKON,GD112230422,TLS062-00,DS. UJONG BAROEH SB - II,5.055642,97.259249,50,,,,,
11223 - LHOKSUKON,GD112230423,TLS063-00,DS. RAYEUK KUTA-I,5.040489,97.266044,50,,,,,
11223 - LHOKSUKON,GD112230424,TLS064-00,DS. MATANG BEN - III,5.071814,97.287765,50,,,,,
11223 - LHOKSUKON,GD112230425,TLS065-00,DS. RAWA PULO AGAM,5.056924,97.283567,50,,,,,
11223 - LHOKSUKON,GD112230426,TLS067-00,DS. RAYEUK KUTA-II,5.046034,97.267593,50,,,,,
11223 - LHOKSUKON,GD112230427,TLS069-00,DS. ALUE IE MIRAH-II,5.019925,97.209751,50,,,,,
11223 - LHOKSUKON,GD112230428,TLS070-00,DS. TENGOH BEUREUGANG,5.07093,97.27607,50,,,,,
11223 - LHOKSUKON,GD112230429,TLS074-00,DS. KEUTAPANG,5.072719,97.301388,50,,,,,
11223 - LHOKSUKON,GD112230430,TLS075-00,DS. MANYANG SB,5.045848,97.253931,50,,,,,
11223 - LHOKSUKON,GD112230431,TLS076-00,POMPANISASI ALUE IE MIRAH-I,5.015206,97.202322,100,,,,,
11223 - LHOKSUKON,GD112230432,TLS077-00,POMPANISASI ALUE IE MIRAH-II,5.016079,97.200569,50,,,,,
11223 - LHOKSUKON,GD112230434,TLS078-00,SP RANGKAYA-3,5.056836,97.259472,100,,,,,
11223 - LHOKSUKON,GD112230444,TLS079-00,KD. BLANG JRUEN DS. TGK. DIBALE-3,5.067796,97.263959,100,,,,,
11223 - LHOKSUKON,GD112230457,TLS080-00,ALFAMART SP. RANGKAYA,5.055341,97.26084,100,,,,,
,,TLS081-00,,5.074226,97.266734,,,,,,
,,TLS082-00,,5.014617,97.219178,,,,,,
11223 - LHOKSUKON,GD112230072,TPR104-00,ULEE TANOH SP DAMA-1,5.105855,97.29067,100,,,,,
11223 - LHOKSUKON,GD112230073,TPR115-00,ULEE TANOH SP DAMA-2,5.114756,97.285142,50,,,,,
11223 - LHOKSUKON,GD112230433,TPR122-00,DS. ULEE TANOH II,5.109767,97.288033,50,,,,,
11224 - PANTONLABU,GD112240005,BKB006-00,SAMPOINET,5.120593,97.367872,160,,,,,
11224 - PANTONLABU,GD112240006,BKB008-00,MTG. SIJUK TIMUR,5.11498,97.348157,100,,,,,
11224 - PANTONLABU,GD112240007,BKB009-00,MTG. SIJUK BARAT,5.107243,97.324612,100,,,,,
11224 - PANTONLABU,GD112240011,BKB014-00,MTG. PANYANG,5.102539,97.353964,50,,,,,
11224 - PANTONLABU,GD112240014,BKB022-00,MTG. PAYA,5.153414,97.351051,100,,,,,
11224 - PANTONLABU,GD112240015,BKB027-00,COT MURONG,5.164695,97.332391,50,,,,,
11224 - PANTONLABU,GD112240016,BKB028-00,MNS. HAGU,5.16572,97.319004,50,,,,,
11224 - PANTONLABU,GD112240017,BKB029-00,SPBU SINGGAH MATA,5.109929,97.357385,100,,,,,
11224 - PANTONLABU,GD112240018,BKB031-00,COT LABA,5.159153,97.348517,25,,,,,
11224 - PANTONLABU,GD112240369,BKB035-02,SSP KILANG PADI SAMLAKO ,5.114442,97.429397,,,,,,
11224 - PANTONLABU,GD112240107,BKB036-00,LANG NIBONG,5.111882,97.368439,50,,,,,
11224 - PANTONLABU,GD112240108,BKB037-00,MTG. TEUNGOH,5.098371,97.373792,25,,,,,
11224 - PANTONLABU,GD112240109,BKB038-00,MTG. RAYA BL. SIALET,5.087916,97.365376,50,,,,,
11224 - PANTONLABU,GD112240110,BKB039-00,COT KUPOK II,5.084694,97.372695,50,,,,,
11224 - PANTONLABU,GD112240021,BKB042-00,SINGGAH MATA I,5.105295,97.364523,50,,,,,
11224 - PANTONLABU,GD112240022,BKB043-00,BLANG SEUNONG,5.127005,97.370661,50,,,,,
11224 - PANTONLABU,GD112240023,BKB045-00,LHOK EUNCIN,5.168553,97.313008,25,,,,,
11224 - PANTONLABU,GD112240024,BKB050-00,COT TANOH TIMOH I,5.128042,97.356504,25,,,,,
11224 - PANTONLABU,GD112240348,BKB050-01,DESA LHOK IBOH,5.132421,97.350421,50,,,,,
11224 - PANTONLABU,GD112240025,BKB051-00,COT TANOH TIMOH II,5.134717,97.343614,50,,,,,
11224 - PANTONLABU,GD112240026,BKB057-00,SINGGAH MATA II,5.117881,97.362519,100,,,,,
11224 - PANTONLABU,GD112240027,BKB058-00,LHOK IBOH,5.128566,97.362193,50,,,,,
11224 - PANTONLABU,GD112240028,BKB059-00,MTG. BAYU (PDAM),5.125915,97.380017,200,,,,,
11224 - PANTONLABU,GD112240029,BKB060-00,KEUDE SAMPOINET,5.121023,97.364886,100,,,,,
11224 - PANTONLABU,GD112240030,BKB061-00,MATANG SIJEUK TEUNGOH,5.112149,97.337233,100,,,,,
11224 - PANTONLABU,GD112240032,BKB065-00,COT MURONG II,5.166151,97.340923,25,,,,,
11224 - PANTONLABU,GD112240035,BKB072-00,MEURANDEH PAYA,5.164859,97.32362,50,,,,,
11224 - PANTONLABU,GD112240114,BKB076-00,MATANG RAYA BLS,5.089831,97.377895,25,,,,,
11224 - PANTONLABU,GD112240038,BKB079-00,COT LABA II,5.13954,97.359135,50,,,,,
11224 - PANTONLABU,GD112240115,BKB080-00,MATANG RAYA BLS II,5.081621,97.386179,25,,,,,
11224 - PANTONLABU,GD112240042,BKB085-00,SINGGAH MATA III,5.112369,97.358557,100,,,,,
11224 - PANTONLABU,GD112240234,BKB086-00,DS. MATANG BAYU,5.123486,97.372258,100,,,,,
11224 - PANTONLABU,GD112240242,BKB092-00,LHOK IBOH,5.142346,97.360659,200,,,,,
11224 - PANTONLABU,GD112240310,BKB102-00,DS. PAYA BATEUNG,5.166956,97.317184,50,,,,,
11224 - PANTONLABU,GD112240331,BKB107-00,MATANG TEUGOH,5.101781,97.373134,50,,,,,
11224 - PANTONLABU,GD112240314,BKB110-00,LHOK INCIN,5.179185,97.308811,50,,,,,
11224 - PANTONLABU,GD112240329,BKB113-00,SISIP SINGGAH MATA,5.09882,97.352198,50,,,,,
11224 - PANTONLABU,GD112240298,BKB117-00,DS. MATANG SIJUK TEUGOH,5.109313,97.329464,50,,,,,
11224 - PANTONLABU,GD112240330,BKB118-00,SINGAH MATA,5.112046,97.361748,50,,,,,
11224 - PANTONLABU,GD112240327,BKB121-00,MEUNASAH PANTE,5.162467,97.346148,50,,,,,
11224 - PANTONLABU,GD112240236,BKB123-00,BLANG REU,5.160682,97.31186,100,,,,,
11224 - PANTONLABU,GD112240326,BKB123-01,SISIP BLANG REU,5.15852,97.313601,100,,,,,
11224 - PANTONLABU,GD112240328,BKB124-00,MATANG BAYU,5.126161,97.380473,100,,,,,
11224 - PANTONLABU,GD112240366,BKB124-01,KANDANG AYAM MATANG BAYU,5.134491,97.381399,100,,,,,
11224 - PANTONLABU,GD112240384,BKB126-00,KEUDE SAMPOINIP II,5.119187,97.365086,100,,,,,
11224 - PANTONLABU,GD112240385,BKB127-00,COT HUSEN,5.104069,97.319191,50,,,,,
11224 - PANTONLABU,GD112240121,BKY001-00,PANTE BREUH,5.126235,97.443514,160,,,,,
11224 - PANTONLABU,GD112240001,BKY002-00,ALUE IE PUTEH,5.13236,97.406959,200,,,,,
11224 - PANTONLABU,GD112240002,BKY003-00,MTG. KUMBANG,5.129957,97.399746,100,,,,,
11224 - PANTONLABU,GD112240003,BKY004-00,LHOK SETUY,5.135074,97.415955,160,,,,,
11224 - PANTONLABU,GD112240004,BKY005-00,ALUE BILI RAYEK,5.130722,97.428211,50,,,,,
11224 - PANTONLABU,GD112240087,BKY007-00,MNS. GEUDONG,5.150501,97.440735,100,,,,,
11224 - PANTONLABU,GD112240008,BKY010-00,COT KUMBANG,5.136611,97.406285,100,,,,,
11224 - PANTONLABU,GD112240009,BKY011-00,ALUE ANOE,5.143425,97.402636,100,,,,,
11224 - PANTONLABU,GD112240122,BKY012-00,ALUE DAMA,5.126302,97.435969,100,,,,,
11224 - PANTONLABU,GD112240010,BKY013-00,ALUE BILI GLP,5.127462,97.419947,50,,,,,
11224 - PANTONLABU,GD112240101,BKY015-00,MTG. RAWA/ PUCOK ALUE,5.119566,97.40913,50,,,,,
11224 - PANTONLABU,GD112240102,BKY016-00,KD.MINYE PHET,5.098383,97.414914,100,,,,,
11224 - PANTONLABU,GD112240012,BKY017-00,MTG. KARENG,5.120378,97.401583,50,,,,,
11224 - PANTONLABU,GD112240365,BKY017-01,MATANG KARING,5.123849,97.400555,100,,,,,
11224 - PANTONLABU,GD112240013,BKY018-00,MTG. KUMBANG II,5.127585,97.385779,100,,,,,
11224 - PANTONLABU,GD112240043,BKY019-00,MTG. RAYA BARAT,5.162258,97.376631,100,,,,,
11224 - PANTONLABU,GD112240045,BKY021-00,TJG. GELUMPANG,5.177755,97.356034,50,,,,,
11224 - PANTONLABU,GD112240046,BKY023-00,MTG. CUT,5.173921,97.375057,25,,,,,
11224 - PANTONLABU,GD112240371,BKY023-01,TAMBAK UDANG MATANG CUT,5.172176,97.372006,50,,,,,
11224 - PANTONLABU,GD112240047,BKY024-00,ALUE BUYA,5.173734,97.379781,50,,,,,
11224 - PANTONLABU,GD112240104,BKY026-00,ALUE TAREK,5.107523,97.405954,50,,,,,
11224 - PANTONLABU,GD112240133,BKY032-00,MTG. CEMPEDAK,5.078298,97.405021,50,,,,,
11224 - PANTONLABU,GD112240134,BKY033-00,BUKIT MONSUKON,5.081223,97.418649,50,,,,,
11224 - PANTONLABU,GD112240105,BKY034-00,GLP SAMLAKO I,5.115828,97.41628,50,,,,,
11224 - PANTONLABU,GD112240106,BKY035-00,GLP SAMLAKO II,5.115402,97.426141,25,,,,,
11224 - PANTONLABU,GD112240322,BKY035-01,KILANG PADI GLUMPANG SEULAKO SISIP,5.115404,97.426126,,,,,,
11224 - PANTONLABU,GD112240370,BKY035-02,SSP KILANG PADI SAMLAKO ,5.115329,97.426754,100,,,,,
11224 - PANTONLABU,GD112240019,BKY040-00,MTG. LAWANG,5.109285,97.400838,50,,,,,
11224 - PANTONLABU,GD112240020,BKY041-00,MTG. TUNONG,5.123469,97.391969,50,,,,,
11224 - PANTONLABU,GD112240347,BKY041-01,DS. MATANG KUMBANG,5.126336,97.397992,100,,,,,
11224 - PANTONLABU,GD112240088,BKY044-00,ALUE JAMOK,5.141138,97.434207,100,,,,,
11224 - PANTONLABU,GD112240111,BKY046-00,MTG. ULIM,5.093633,97.401938,25,,,,,
11224 - PANTONLABU,GD112240112,BKY047-00,MTG. PINEUNG,5.091864,97.387473,50,,,,,
11224 - PANTONLABU,GD112240113,BKY048-00,MTG. CIBREK,5.103323,97.381331,50,,,,,
11224 - PANTONLABU,GD112240089,BKY052-00,KRUENG LINGKA,5.151516,97.431464,100,,,,,
11224 - PANTONLABU,GD112240090,BKY053-00,MNS. BUJUK,5.137814,97.443595,50,,,,,
11224 - PANTONLABU,GD112240048,BKY055-00,ALUE GEUDONG,5.168393,97.408534,50,,,,,
11224 - PANTONLABU,GD112240049,BKY056-00,PULAU SEUKE,5.156854,97.410313,25,,,,,
11224 - PANTONLABU,GD112240123,BKY063-00,SIMPANG RAMBONG DALAM,5.124101,97.444603,200,,,,,
11224 - PANTONLABU,GD112240031,BKY064-00,KEUDE ALUE IE PUTEH II,5.134149,97.41028,50,,,,,
11224 - PANTONLABU,GD112240033,BKY066-00,MATANG KUMBANG III,5.129258,97.395191,100,,,,,
11224 - PANTONLABU,GD112240135,BKY067-00,DS LUENG BATA,5.086292,97.425298,25,,,,,
11224 - PANTONLABU,GD112240034,BKY068-00,UPT INDUSTRI ALUE BILIE,5.130671,97.431978,50,,,,,
11224 - PANTONLABU,GD112240136,BKY070-00,BUKIT DARA BAROE I,5.072578,97.424306,25,,,,,
11224 - PANTONLABU,GD112240124,BKY073-00,ALUE BILLI PABRIK PADI (TRAFO PELANGGAN),5.132237,97.437931,1000,,,,,
11224 - PANTONLABU,GD112240051,BKY075-00,MATANG KEULAYU II,5.165546,97.391905,25,,,,,
11224 - PANTONLABU,GD112240037,BKY078-00,ALUE BILLI GLUMPANG II,5.13218,97.413618,100,,,,,
11224 - PANTONLABU,GD112240039,BKY081-00,ALUE BILLI RAYEK,5.131805,97.421592,50,,,,,
11224 - PANTONLABU,GD112240040,BKY082-00,ALUE IE PUTEH III,5.131646,97.405313,50,,,,,
11224 - PANTONLABU,GD112240137,BKY083-00,UJONG DAMA,5.061831,97.424717,16,,,,,
11224 - PANTONLABU,GD112240041,BKY084-00,ALUE BILI IV,5.129372,97.431203,250,,,,,
11224 - PANTONLABU,GD112240235,BKY087-00,COT KUMBANG,5.135376,97.406921,25,,,,,
11224 - PANTONLABU,GD112240241,BKY089-00,LHOK SETUY,5.138663,97.420721,50,,,,,
11224 - PANTONLABU,GD112240237,BKY090-00,MNS BUJUK,5.132655,97.443985,50,,,,,
11224 - PANTONLABU,GD112240238,BKY093-00,MNS GEUDONG,5.143596,97.442611,50,,,,,
11224 - PANTONLABU,GD112240244,BKY095-00,MNS BUJUK,5.134047,97.441497,200,,,,,
11224 - PANTONLABU,GD112240254,BKY096-00,MON SUKON,5.085726,97.417517,400,,,,,
11224 - PANTONLABU,GD112240275,BKY097-00,ALUE BILIE,5.131171,97.439786,100,,,,,
11224 - PANTONLABU,GD112240249,BKY098-00,ALUE ANOE TIMUR,5.145628,97.411545,50,,,,,
11224 - PANTONLABU,GD112240251,BKY099-00,PUCOK ALUE,5.121542,97.407145,200,,,,,
11224 - PANTONLABU,GD112240276,BKY103-00,DS. MATANG RAWA,5.11609,97.410488,50,,,,,
11224 - PANTONLABU,GD112240351,BKY104-01,ARONGAN LISE,5.107013,97.414209,50,,,,,
11224 - PANTONLABU,GD112240285,BKY105-00,MATANG REUDEUP,5.091679,97.413034,100,,,,,
11224 - PANTONLABU,GD112240332,BKY106-00,MATANG CIBREK,5.097527,97.38356,25,,,,,
11224 - PANTONLABU,GD112240321,BKY108-00,DS. MATANG CEMPEUDAK,5.081893,97.407308,50,,,,,
11224 - PANTONLABU,GD112240334,BKY109-00,MATANG KAREUNG,5.11705,97.402152,50,,,,,
11224 - PANTONLABU,GD112240333,BKY111-00,SISIP MATANG ULIM,5.092285,97.39496,50,,,,,
11224 - PANTONLABU,GD112240068,BKY114-00,MEUNASAH BUJOK,5.135179,97.443965,50,,,,,
11224 - PANTONLABU,GD112240311,BKY115-00,DS. UJONG DAMA,5.057053,97.430698,50,,,,,
11224 - PANTONLABU,GD112240316,BKY116-00,DS. ALUE SERDANG,5.150074,97.377134,100,,,,,
11224 - PANTONLABU,GD112240296,BKY119-00,ALUE KEUTAPANG,5.13851,97.449056,50,,,,,
11224 - PANTONLABU,GD112240309,BKY120-00,ALUE SERDANG,5.147487,97.385586,50,,,,,
11224 - PANTONLABU,GD112240349,BKY120-01,DS. ALUE SERDANG,5.148559,97.384109,100,,,,,
11224 - PANTONLABU,GD112240372,BKY125-00,KANDANG AYAM FERDINAL,5.149784,97.386991,100,,,,,
11224 - PANTONLABU,GD112240354,BKY126-00,"KILANG PADI SINARJAYA, ALUE SERDANG, BAKTIYA",5.155011,97.378509,100,,,,,
11224 - PANTONLABU,GD112240355,BKY127-00,"DS LHOK SEUTUY, KEC. BAKTIYA, KAB. ACEH UTARA",5.139545,97.422392,50,,,,,
11224 - PANTONLABU,GD112240359,BKY128-00,MATANG LINYA,5.099287,97.407167,50,,,,,
11224 - PANTONLABU,GD112240362,BKY129-00,Tanjong Geulumpang II,5.180587,97.364231,50,,,,,
11224 - PANTONLABU,GD112240363,BKY130-00,Matang Cut II,5.134056,97.38141,50,,,,,
,,BKY132-00,,5.141014,97.443217,50,,,,,
11224 - PANTONLABU,GD112240210,LKH018-00,ALUE DUA,5.072929,97.483676,50,,,,,
11224 - PANTONLABU,GD112240211,LKH025-00,SIMP. TIGA,5.042159,97.493527,200,,,,,
11224 - PANTONLABU,GD112240212,LKH026-00,ALUE KRAK KAYE I,5.006906,97.487932,50,,,,,
11224 - PANTONLABU,GD112240213,LKH027-00,TANJONG SELAMAT,4.971504,97.480297,50,,,,,
11224 - PANTONLABU,GD112240214,LKH029-00,RUMOH RAYEUK I,4.937044,97.469256,50,,,,,
11224 - PANTONLABU,GD112240186,LKH030-00,BUKIT LINTEUNG,4.916979,97.45906,50,,,,,
11224 - PANTONLABU,GD112240187,LKH031-00,SERKE BLOK B,4.891886,97.430699,50,,,,,
11224 - PANTONLABU,GD112240188,LKH032-00,SERKE BLOK A I,4.873515,97.450369,100,,,,,
11224 - PANTONLABU,GD112240215,LKH033-00,BANTAYAN ,5.077694,97.490861,50,,,,,
11224 - PANTONLABU,GD112240208,LKH044-00,MTG. TEUNGOH,5.023994,97.497386,25,,,,,
11224 - PANTONLABU,GD112240216,LKH047-00,PAYA TUKAI ,5.06762,97.49583,50,,,,,
11224 - PANTONLABU,GD112240206,LKH053-00,TJ. JAWA I,5.009163,97.492562,50,,,,,
11224 - PANTONLABU,GD112240207,LKH054-00,TJ. JAWA II,5.005842,97.502143,50,,,,,
11224 - PANTONLABU,GD112240189,LKH055-00,TANOH MIRAH,4.847976,97.472797,50,,,,,
11224 - PANTONLABU,GD112240209,LKH056-00,MTG. RUBEK,5.033431,97.50585,25,,,,,
11224 - PANTONLABU,GD112240203,LKH058-00,GEDUMBAK,4.954956,97.482175,50,,,,,
11224 - PANTONLABU,GD112240190,LKH059-00,MTG. SELEMAK/ L..PUSAKA,4.847236,97.459041,50,,,,,
11224 - PANTONLABU,GD112240191,LKH060-00,SERKE BLOK C,4.900826,97.423568,25,,,,,
11224 - PANTONLABU,GD112240192,LKH061-00,SERKE BLOK A II,4.877627,97.450397,100,,,,,
11224 - PANTONLABU,GD112240193,LKH064-00,BUKIT RAMPAH,4.903814,97.476144,25,,,,,
11224 - PANTONLABU,GD112240194,LKH075-00,SIMP. V TANOH MIRAH,4.863896,97.472511,50,,,,,
11224 - PANTONLABU,GD112240367,LKH075-01,PGE SIMPANG V LANGKAHAN ,4.858976,97.467404,630,,,,,
11224 - PANTONLABU,GD112240218,LKH080-00,ALUE KRAK KAYE II,4.99292,97.485454,50,,,,,
11224 - PANTONLABU,GD112240350,LKH080-01,ALUE KRAK KAYE,4.990225,97.484962,50,,,,,
11224 - PANTONLABU,GD112240205,LKH083-00,TJG.DLM.SELATAN II,4.974476,97.488769,25,,,,,
11224 - PANTONLABU,GD112240195,LKH085-00,DSN.ISTIMEWA BLOK B,4.862888,97.415668,25,,,,,
11224 - PANTONLABU,GD112240219,LKH086-00,PADANG MEURIA,5.023665,97.490836,50,,,,,
11224 - PANTONLABU,GD112240220,LKH087-00,LANGKAHAN II (DPN POLSEK),4.950661,97.471521,50,,,,,
11224 - PANTONLABU,GD112240196,LKH088-00,SERKE BLOK B II,4.892437,97.434221,50,,,,,
11224 - PANTONLABU,GD112240221,LKH090-00,ALUE DUA II,5.072128,97.484225,25,,,,,
11224 - PANTONLABU,GD112240197,LKH097-00,DSN PATEUNG,4.8987,97.488852,25,,,,,
11224 - PANTONLABU,GD112240198,LKH098-00,DSN KAREUENG,4.894782,97.481756,25,,,,,
11224 - PANTONLABU,GD112240224,LKH103-00,LANGKAHAN III (TELKOMSEL),4.9466,97.468744,25,,,,,
11224 - PANTONLABU,GD112240225,LKH105-00,LEUBOK MANE,5.033616,97.492336,25,,,,,
11224 - PANTONLABU,GD112240226,LKH109-00,TANJUNG DALAM SELATAN III,4.977358,97.482613,50,,,,,
11224 - PANTONLABU,GD112240227,LKH112-00,SIMPANG TIGA LKH II (PDAM),5.052538,97.497889,100,,,,,
11224 - PANTONLABU,GD112240200,LKH114-00,MATANG SELEMAK II,4.841757,97.454863,25,,,,,
11224 - PANTONLABU,GD112240228,LKH118-00,COT BADA,5.081768,97.476763,25,,,,,
11224 - PANTONLABU,GD112240368,LKH118-01,KANDANG AYAM COT BADA,5.079392,97.480385,50,,,,,
11224 - PANTONLABU,GD112240229,LKH120-00,SIMPANG TIGA LKH II,5.052175,97.496725,50,,,,,
11224 - PANTONLABU,GD112240202,LKH121-00,RUMOH RAYEUK II,4.931343,97.464489,50,,,,,
11224 - PANTONLABU,GD112240269,LKH122-00,SSP RUMOH RAYEUK,4.924154,97.462607,25,,,,,
11224 - PANTONLABU,GD112240230,LKH125-00,TANJUNG DALAM SELATAN IV,4.986165,97.476625,50,,,,,
11224 - PANTONLABU,GD112240231,LKH126-00,MATANG KETAPANG,5.061998,97.492623,50,,,,,
11224 - PANTONLABU,GD112240204,LKH127-00,GEDUMBAK II,4.953819,97.486318,25,,,,,
11224 - PANTONLABU,GD112240268,LKH130-00,BUKIT GEUDUMBAK,4.960909,97.475464,25,,,,,
11224 - PANTONLABU,GD112240270,LKH140-00,SSP SEUREUKE BLOK A,4.870776,97.449757,50,,,,,
11224 - PANTONLABU,GD112240271,LKH141-00,SSP BUKET LINTEUNG,4.912308,97.454726,50,,,,,
11224 - PANTONLABU,GD112240305,LKH143-00,DS. MEUNASAH BLANG,4.999507,97.486627,100,,,,,
11224 - PANTONLABU,GD112240339,LKH145-00,PAYA TUKAI,5.067144,97.500747,25,,,,,
11224 - PANTONLABU,GD112240344,LKH147-00,SISIP DUSUN KAREUNG,4.897819,97.479205,50,,,,,
11224 - PANTONLABU,GD112240313,LKH169-00,SISIP TANJUNG DALAM SELATAN,4.985852,97.486879,25,,,,,
11224 - PANTONLABU,GD112240338,LKH171-00,ALUE DUA III,5.071527,97.485946,50,,,,,
11224 - PANTONLABU,GD112240345,LKH172-00,TRANSLOCK,4.844191,97.430358,100,,,,,
11224 - PANTONLABU,GD112240346,LKH173-00,ALUR SEPUI,4.818567,97.428933,50,,,,,
11224 - PANTONLABU,GD112240356,LKH174-00,"Bendungan Langkahan, Desa Rumoh Rayeuk, Kec. Langkahan, Kab. Aceh Utara",4.935616,97.470198,50,,,,,
11224 - PANTONLABU,GD112240358,LKH175-00,DUSUN ISTIMEWA II,4.862589,97.414888,50,,,,,
11224 - PANTONLABU,GD112240378,LKH176-00,SEURKE BLOK B III,4.893941,97.435095,100,,,,,
11224 - PANTONLABU,GD112240091,SND001-00,KD. SEUNEUDON,5.175868,97.43417,100,,,,,
11224 - PANTONLABU,GD112240066,SND002-00,MTG. JEULIKAT,5.180526,97.41223,100,,,,,
11224 - PANTONLABU,GD112240067,SND003-00,ALUE CAMPLI,5.183237,97.408622,25,,,,,
11224 - PANTONLABU,GD112240081,SND004-00,ULEE TITI,5.191955,97.437188,50,,,,,
11224 - PANTONLABU,GD112240069,SND005-00,ULEE MATANG I,5.209176,97.440588,50,,,,,
11224 - PANTONLABU,GD112240070,SND006-00,ULEE RUBEK TIMUR,5.218276,97.427769,100,,,,,
11224 - PANTONLABU,GD112240375,SND006-01,BANTAYAN,5.223412,97.427936,100,,,,,
11224 - PANTONLABU,GD112240092,SND007-00,ALUE KIRAN,5.170387,97.423172,50,,,,,
11224 - PANTONLABU,GD112240053,SND009-00,LHOK PUUK,5.209774,97.396144,100,,,,,
11224 - PANTONLABU,GD112240054,SND010-00,DARUL AMAN,5.180609,97.391458,50,,,,,
11224 - PANTONLABU,GD112240055,SND011-00,COT TRUENG,5.182811,97.370032,50,,,,,
11224 - PANTONLABU,GD112240364,SND011-01,COT TRUNG,5.181372,97.366773,50,,,,,
11224 - PANTONLABU,GD112240056,SND012-00,MTG.  PUNTONG I,5.195704,97.367858,50,,,,,
11224 - PANTONLABU,GD112240057,SND013-00,COT PETISAH,5.186954,97.387773,25,,,,,
11224 - PANTONLABU,GD112240058,SND014-00,MNS. SAGOE,5.189359,97.353073,100,,,,,
11224 - PANTONLABU,GD112240059,SND015-00,MTG. PANYANG,5.188466,97.369008,50,,,,,
11224 - PANTONLABU,GD112240071,SND016-00,TEUPIN KUYUN I,5.222174,97.440309,50,,,,,
11224 - PANTONLABU,GD112240078,SND017-00,MTG. ANOE,5.192225,97.454325,50,,,,,
11224 - PANTONLABU,GD112240082,SND018-00,PAYA DUA URAM,5.187945,97.419076,50,,,,,
11224 - PANTONLABU,GD112240072,SND019-00,MTG. LADA I,5.210368,97.419664,50,,,,,
11224 - PANTONLABU,GD112240083,SND022-00,PAYA DUA UJUNG,5.184757,97.442185,25,,,,,
11224 - PANTONLABU,GD112240093,SND023-00,BLANG PHA,5.1817,97.424127,100,,,,,
11224 - PANTONLABU,GD112240094,SND025-00,BLANG TUE,5.162646,97.428632,50,,,,,
11224 - PANTONLABU,GD112240073,SND027-00,MATANG LADA II,5.214958,97.428075,50,,,,,
11224 - PANTONLABU,GD112240095,SND028-00,MANE KAWAN,5.164211,97.437397,100,,,,,
11224 - PANTONLABU,GD112240084,SND029-00,LHOK GEUREUTUT,5.187371,97.444809,25,,,,,
11224 - PANTONLABU,GD112240060,SND031-00,MTG. PUNTONG II,5.189336,97.360634,50,,,,,
11224 - PANTONLABU,GD112240085,SND034-00,LHOK RAMBIDENG,5.196447,97.439294,50,,,,,
11224 - PANTONLABU,GD112240076,SND034-01,SISIP LIPAH TUTONG,5.201663,97.425399,25,,,,,
11224 - PANTONLABU,GD112240096,SND035-00,ALUE BAROH,5.175578,97.431542,50,,,,,
11224 - PANTONLABU,GD112240062,SND036-00,MTG.PANYANG II SND,5.188274,97.370365,50,,,,,
11224 - PANTONLABU,GD112240097,SND037-00,MERBO PUNTONG (PDAM),5.156972,97.437956,200,,,,,
11224 - PANTONLABU,GD112240063,SND039-00,ULEE RUBEK TIMUR III,5.218356,97.425773,25,,,,,
11224 - PANTONLABU,GD112240075,SND040-00,TEUPIN KUYUN II,5.221277,97.435955,50,,,,,
11224 - PANTONLABU,GD112240248,SND041-00,COT PEUTISAH,5.187582,97.393665,50,,,,,
11224 - PANTONLABU,GD112240098,SND042-00,TANJUNG PINEUNG,5.171071,97.435477,50,,,,,
11224 - PANTONLABU,GD112240086,SND044-00,LHOK RAMBIDENG III,5.199561,97.43998,50,,,,,
11224 - PANTONLABU,GD112240064,SND045-00,LHOK PUUK II,5.205114,97.379129,50,,,,,
11224 - PANTONLABU,GD112240077,SND046-00,ULEE MATANG,5.208956,97.446917,50,,,,,
11224 - PANTONLABU,GD112240176,SND047-00,COT KAPIRATON III,5.177797,97.443536,50,,,,,
11224 - PANTONLABU,GD112240065,SND048-00,ULE RUBEK BARAT II,5.207044,97.405816,25,,,,,
11224 - PANTONLABU,GD112240246,SND049-00,KEUDE SEUNUDDON,5.184812,97.432378,50,,,,,
11224 - PANTONLABU,GD112240239,SND050-00,MTG JEULEUKAT,5.179478,97.419001,50,,,,,
11224 - PANTONLABU,GD112240247,SND052-00,ULEE RUBEK BARAT I,5.215157,97.410851,50,,,,,
11224 - PANTONLABU,GD112240301,SND053-00,DS. TJG DAMA,5.179739,97.433255,100,,,,,
11224 - PANTONLABU,GD112240050,SND054-00,COT TREUNG,5.183849,97.379968,50,,,,,
11224 - PANTONLABU,GD112240245,SND055-00,MATANG ANOE,5.192819,97.442106,50,,,,,
11224 - PANTONLABU,GD112240297,SND056-00,DS. ULEE MATANG,5.210061,97.437763,100,,,,,
11224 - PANTONLABU,GD112240335,SND057-00,LHOK PUUK,5.206128,97.381931,50,,,,,
11224 - PANTONLABU,GD112240336,SND058-00,LHOK PUUK I,5.201444,97.371163,50,,,,,
11224 - PANTONLABU,GD112240079,SND059-00,TEUPIN KUYUN,5.226175,97.456878,50,,,,,
11224 - PANTONLABU,GD112240061,SND061-00,ULEE RUBEK TIMUR III,5.216141,97.41514,100,,,,,
11224 - PANTONLABU,GD112240386,SND063-00,KEUDE SEUNEUDON II,5.172485,97.435105,50,,,,,
11224 - PANTONLABU,GD112240156,SPU201-00,TANJONG MINJE,5.114255,97.463047,160,,,,,
11224 - PANTONLABU,GD112240155,SPU202-00,TANJONG MINJE,5.112333,97.465966,160,,,,,
11224 - PANTONLABU,GD112240295,SPU203-00,TANJONG MINJE,5.112856,97.465212,100,,,,,
,,SPU204-00,,5.115343,97.461729,160,,,,,
11224 - PANTONLABU,GD112240138,TJA001-00,KANTOR PLN PANTON LABU,5.115984,97.458152,160,,,,,
11224 - PANTONLABU,GD112240139,TJA002-00,JL. SAMAKUROK,5.113979,97.458838,100,,,,,
11224 - PANTONLABU,GD112240324,TJA002-01,SISIP SP.4 SAMAKUROK,5.114542,97.45909,100,,,,,
11224 - PANTONLABU,GD112240140,TJA003-00, SAMAKUROK I,5.108941,97.460412,100,,,,,
11224 - PANTONLABU,GD112240141,TJA004-00,DEPAN STADION RAWA ITEK,5.111069,97.453655,100,,,,,
11224 - PANTONLABU,GD112240142,TJA005-00,MNS. PANTON,5.120651,97.461882,160,,,,,
11224 - PANTONLABU,GD112240116,TJA006-00,MTG. DRIEN I,5.10863,97.444938,100,,,,,
11224 - PANTONLABU,GD112240143,TJA007-00,ALUE IE MIRAH,5.093119,97.466525,100,,,,,
11224 - PANTONLABU,GD112240157,TJA008-00,TJ. CEUNGAI,5.127467,97.469408,100,,,,,
11224 - PANTONLABU,GD112240144,TJA009-00,PT. TELKOM,5.114193,97.459882,100,,,,,
11224 - PANTONLABU,GD112240158,TJA010-00,TEUPIN BAYU,5.136833,97.465081,100,,,,,
11224 - PANTONLABU,GD112240159,TJA011-00,TEUPIN GAJAH,5.15396,97.4655,50,,,,,
11224 - PANTONLABU,GD112240160,TJA012-00,TANJONG MENJEI JA I,5.156518,97.478857,100,,,,,
11224 - PANTONLABU,GD112240161,TJA013-00,SEUNEUBOK PIDIE,5.169507,97.485879,50,,,,,
11224 - PANTONLABU,GD112240162,TJA014-00,MNS. GEUDONG JA I,5.187555,97.485557,100,,,,,
11224 - PANTONLABU,GD112240163,TJA015-00,GLP.UMPUNG UNOE,5.200341,97.487171,50,,,,,
11224 - PANTONLABU,GD112240125,TJA016-00,ALUE PAPEUN,5.101778,97.453711,50,,,,,
11224 - PANTONLABU,GD112240126,TJA017-00,LHOK BINTANG HUE,5.092308,97.449615,100,,,,,
11224 - PANTONLABU,GD112240117,TJA019-00,RAWANG ITEK,5.119446,97.449658,160,,,,,
11224 - PANTONLABU,GD112240180,TJA020-00,LHOK MERBO,5.075394,97.470792,50,,,,,
11224 - PANTONLABU,GD112240181,TJA021-00,BKT. JRT MANYANG,5.051466,97.468404,50,,,,,
11224 - PANTONLABU,GD112240164,TJA024-00,MTG. JURONG II,5.173159,97.461706,50,,,,,
11224 - PANTONLABU,GD112240258,TJA028-00,GH PANTON LABU,5.108948,97.452411,25,,,,,
11224 - PANTONLABU,GD112240127,TJA034-00,BIRAM RAYEK,5.088627,97.447603,50,,,,,
11224 - PANTONLABU,GD112240128,TJA037-00,MTG. ARONGAN,5.089816,97.428349,25,,,,,
11224 - PANTONLABU,GD112240262,TJA038-00,LUENG TUHA,5.054321,97.47567,100,,,,,
11224 - PANTONLABU,GD112240263,TJA039-00,PUCUK ALUE,5.040124,97.475815,25,,,,,
11224 - PANTONLABU,GD112240165,TJA040-00,TJ. MENUANG,5.168861,97.489996,50,,,,,
11224 - PANTONLABU,GD112240232,TJA042-00,LHOK REUDUP,5.081032,97.460378,50,,,,,
11224 - PANTONLABU,GD112240118,TJA045-00,MTG. DRIEN II,5.113118,97.448035,100,,,,,
11224 - PANTONLABU,GD112240129,TJA046-00,ULEE GLEE,5.070955,97.443489,50,,,,,
11224 - PANTONLABU,GD112240177,TJA051-00,MTG. SERDANG I,5.036334,97.47952,100,,,,,
11224 - PANTONLABU,GD112240178,TJA052-00,MTG. SERDANG II,5.028474,97.478918,50,,,,,
11224 - PANTONLABU,GD112240099,TJA065-00,ARONGAN LISE,5.103029,97.425005,25,,,,,
11224 - PANTONLABU,GD112240100,TJA066-00,GLUMPANG PAYUNG,5.103604,97.437949,50,,,,,
11224 - PANTONLABU,GD112240182,TJA067-00,BUKIT PADANG,5.074198,97.463843,50,,,,,
11224 - PANTONLABU,GD112240264,TJA068-00,BUKIT MESJID,5.016519,97.476092,25,,,,,
11224 - PANTONLABU,GD112240265,TJA069-00,BUKIT MESJID II,5.003885,97.471856,16,,,,,
11224 - PANTONLABU,GD112240266,TJA070-00,BUKIT RAYEUK,4.990731,97.464292,16,,,,,
11224 - PANTONLABU,GD112240217,TJA071-00,TJ. PUNTI,5.093572,97.475871,50,,,,,
11224 - PANTONLABU,GD112240145,TJA072-00,KOTA PANTON LABU,5.115628,97.456731,100,,,,,
11224 - PANTONLABU,GD112240323,TJA072-01,SISIP DEPAN KTR CAMAT TJA ,5.115328,97.457395,100,,,,,
11224 - PANTONLABU,GD112240167,TJA074-00,TANJONG MENJEI JA II,5.155882,97.474975,50,,,,,
11224 - PANTONLABU,GD112240168,TJA076-00,MNS. GEUDONG JA II,5.184763,97.47868,50,,,,,
11224 - PANTONLABU,GD112240146,TJA077-00,KOMP. TERMINAL,5.116321,97.458644,50,,,,,
11224 - PANTONLABU,GD112240169,TJA078-00,MNS. DAYAH JA,5.177722,97.48585,50,,,,,
11224 - PANTONLABU,GD112240147,TJA079-00,SAMAKUROK II,5.111527,97.458852,50,,,,,
11224 - PANTONLABU,GD112240183,TJA081-00,LHOK BEURINGEN,5.067454,97.470965,100,,,,,
11224 - PANTONLABU,GD112240343,TJA081-01,SISIP KILANG PADI MATANG TEUNGOH,5.068462,97.471172,50,,,,,
11224 - PANTONLABU,GD112240170,TJA082-00,SEUNEBOK PIDIE II,5.168604,97.486035,25,,,,,
11224 - PANTONLABU,GD112240148,TJA089-00,SAMAKUROK III,5.105321,97.462632,25,,,,,
11224 - PANTONLABU,GD112240119,TJA091-00,CEUMPEUDAK II,5.118846,97.450557,25,,,,,
11224 - PANTONLABU,GD112240149,TJA092-00,DPN MESJID PASEE P.LABU,5.116752,97.457685,160,,,,,
11224 - PANTONLABU,GD112240150,TJA094-00,MEUNASAH PANTON II,5.116316,97.459904,100,,,,,
11224 - PANTONLABU,GD112240184,TJA095-00,BUKET NIBONG,5.035473,97.454074,25,,,,,
11224 - PANTONLABU,GD112240185,TJA096-00,BUKET UJONG BLANG,5.03482,97.466045,50,,,,,
11224 - PANTONLABU,GD112240151,TJA099-00,SAMAKUROK III,5.109909,97.459713,160,,,,,
11224 - PANTONLABU,GD112240171,TJA100-00,TEUPIN BAYU II,5.146331,97.464718,50,,,,,
11224 - PANTONLABU,GD112240233,TJA101-00,MATANG MANEH,5.089955,97.459654,50,,,,,
11224 - PANTONLABU,GD112240172,TJA106-00,SEUNEBOK DOE (TELKOMSEL),5.191461,97.494424,50,,,,,
11224 - PANTONLABU,GD112240152,TJA107-00,MEUNASAH PANTON III,5.122821,97.462978,100,,,,,
11224 - PANTONLABU,GD112240120,TJA110-00,RAWANG ITEK,5.117396,97.452618,50,,,,,
11224 - PANTONLABU,GD112240173,TJA111-00,TANJUNG DALAM UTARA,5.163693,97.485824,50,,,,,
11224 - PANTONLABU,GD112240153,TJA113-00,SAMAKUROK U/SMK,5.111793,97.455844,100,,,,,
11224 - PANTONLABU,GD112240154,TJA116-00,TANJUNG ARA,5.100942,97.465217,50,,,,,
11224 - PANTONLABU,GD112240179,TJA117-00,MATANG SEUKE PULOT,5.060814,97.478952,25,,,,,
11224 - PANTONLABU,GD112240131,TJA119-00,COT BIEK,5.088585,97.4372,50,,,,,
11224 - PANTONLABU,GD112240132,TJA123-00,BIRAM RAYEUK II,5.081227,97.446138,50,,,,,
11224 - PANTONLABU,GD112240174,TJA124-00,MEUNASAH MERBO,5.191398,97.488744,50,,,,,
11224 - PANTONLABU,GD112240256,TJA128-00,MNS PANTON,5.118563,97.460973,100,,,,,
11224 - PANTONLABU,GD112240257,TJA131-00,JL ASIA,5.114752,97.458658,50,,,,,
11224 - PANTONLABU,GD112240274,TJA132-00,RAWANG ITEK,5.116386,97.454938,100,,,,,
11224 - PANTONLABU,GD112240250,TJA133-00,BIARA BARAT,5.108851,97.440729,50,,,,,
11224 - PANTONLABU,GD112240291,TJA134-00,TJG MINJEI KILANG PADI,5.155443,97.474179,400,,,,,
11224 - PANTONLABU,GD112240260,TJA136-00,MATANG MANEH,5.088437,97.465988,50,,,,,
11224 - PANTONLABU,GD112240273,TJA137-00,SAMAKUROK,5.10613,97.457407,50,,,,,
11224 - PANTONLABU,GD112240261,TJA138-00,BUKIT PADANG DAYAH,5.068592,97.459319,50,,,,,
11224 - PANTONLABU,GD112240259,TJA139-00,TEUPIEN GAJAH,5.155115,97.466396,50,,,,,
11224 - PANTONLABU,GD112240290,TJA142-00,TJG MINJEI KILANG PADI AA,5.156535,97.473807,400,,,,,
11224 - PANTONLABU,GD112240282,TJA144-00,GEULUMPANG PAYONG,5.100592,97.432516,50,,,,,
11224 - PANTONLABU,GD112240318,TJA149-00,SISIP KOTA PANTON LABU,5.115401,97.457892,100,,,,,
11224 - PANTONLABU,GD112240288,TJA150-00,SSP ULEE GLEE,5.073431,97.443437,100,,,,,
11224 - PANTONLABU,GD112240312,TJA151-00,DS. TEUPIN BAYU,5.14079,97.464963,100,,,,,
11224 - PANTONLABU,GD112240342,TJA152-00,KILANG PADI MATANG SEUKE PULOT,5.055698,97.474975,200,,,,,
11224 - PANTONLABU,GD112240293,TJA153-00,SEUNEUBOK PIDIE,5.167656,97.486178,50,,,,,
11224 - PANTONLABU,GD112240279,TJA155-00,CEMPEUDAK,5.119814,97.449119,100,,,,,
11224 - PANTONLABU,GD112240325,TJA155-01,SISIP KILANG PADI CEMPEUDAK,5.123281,97.445067,50,,,,,
11224 - PANTONLABU,GD112240292,TJA158-00,TJG MENUANG SSP POMPA AIR ,5.165409,97.486329,50,,,,,
11224 - PANTONLABU,GD112240287,TJA160-00,SSP LHOK BINTANG HUE,5.089928,97.448728,50,,,,,
11224 - PANTONLABU,GD112240286,TJA161-00,LHOK BINTANG HUE KANDANG AYAM,5.09721,97.451387,100,,,,,
11224 - PANTONLABU,GD112240337,TJA162-00,SISIP ALUE IE MIRAH,5.08893,97.474922,50,,,,,
11224 - PANTONLABU,GD112240341,TJA163-00,SISIP BUKET JERAT MANYAT,5.050583,97.466529,50,,,,,
11224 - PANTONLABU,GD112240277,TJA164-00,BIARA TIMUR,5.106052,97.449721,50,,,,,
11224 - PANTONLABU,GD112240278,TJA165-00,DS. RAWANG ITEK,5.114555,97.453803,100,,,,,
11224 - PANTONLABU,GD112240320,TJA166-00,TANJUNG DALAM UTARA,5.159748,97.493635,50,,,,,
11224 - PANTONLABU,GD112240281,TJA167-00,ALUE RAMBONG,5.106084,97.433432,50,,,,,
11224 - PANTONLABU,GD112240289,TJA168-00,KILANG PADI ULEE GLEE,5.073379,97.443864,200,,,,,
11224 - PANTONLABU,GD112240353,TJA169-00,CEUMPEUDAK III,5.120385,97.448275,50,,,,,
11224 - PANTONLABU,GD112240357,TJA170-00,DESA SEUNEUBOK PIDIE II (INDOSAT),5.170437,97.485687,50,,,,,
11224 - PANTONLABU,GD112240383,TJA172-00,TANJONG ARA II,5.102635,97.464274,50,,,,,
11224 - PANTONLABU,GD112240382,TJA173-00,ULEE GLEE II,5.061396,97.443426,100,,,,,
11224 - PANTONLABU,GD112240381,TJA174-00,RAWANG ITEK VI,5.112276,97.454387,100,,,,,
11224 - PANTONLABU,GD112240380,TJA175-00,TANJONG MANUANG II,5.169057,97.49016,50,,,,,
11224 - PANTONLABU,GD112240379,TJA176-00,TANJONG CEUNGAI II,5.127555,97.468984,100,,,,,
,,TJA177-00,,5.117733,97.460593,100,,,,,
,,TJA178-00,,5.098923,97.457967,50,,,,,
11225 - BIREUEN,GD112250026,JMA001-00,SP IV BIREUEN,5.214482,96.689708,160,,,,,
11225 - BIREUEN,GD112250156,JMA002-00,KARANG REUJO,5.225181,96.689203,160,,,,,
11225 - BIREUEN,GD112250157,JMA003-00,PULO KITON,5.230949,96.688636,100,,,,,
11225 - BIREUEN,GD112250165,JMA004-00,GEUDONG ALUE,5.229405,96.684813,100,,,,,
11225 - BIREUEN,GD112250170,JMA005-00,LHOK AWE TEUNGEOH,5.21671,96.68393,100,,,,,
11225 - BIREUEN,GD112250081,JMA006-00,JL JATI BIREUEN,5.216623,96.681419,100,,,,,
11225 - BIREUEN,GD112250085,JMA007-00,MNS BLANG,5.216463,96.679,50,,,,,
11225 - BIREUEN,GD112250089,JMA008-00,REULEUT,5.223463,96.6757,100,,,,,
11225 - BIREUEN,GD112250092,JMA009-00,COT TRIENG,5.2164,96.67527,100,,,,,
11225 - BIREUEN,GD112250112,JMA010-00,COT TAROM BAROH,5.216549,96.671383,100,,,,,
11225 - BIREUEN,GD112250110,JMA011-00,BEURAWANG,5.21474,96.673052,50,,,,,
11225 - BIREUEN,GD112250111,JMA012-00,BENUR WINDU,5.21658,96.67,100,,,,,
11225 - BIREUEN,GD112250126,JMA013-00,LHOKAWE,5.216484,96.667727,50,,,,,
11225 - BIREUEN,GD112250128,JMA014-00,KRUENG JULI TIMU,5.21656,96.666242,100,,,,,
11225 - BIREUEN,GD112250131,JMA015-00,CV MON KLAYU,5.216915,96.661515,50,,,,,
11225 - BIREUEN,GD112250143,JMA016-00,COT UNOE,5.2174,96.65999,50,,,,,
11225 - BIREUEN,GD112250145,JMA017-00,WEUJANGKA,5.216229,96.655818,100,,,,,
11225 - BIREUEN,GD112250148,JMA018-00,UJONG BLANG PASI,5.205844,96.670825,100,,,,,
11225 - BIREUEN,GD112250149,JMA019-00,KUALA RAJA,5.207062,96.658921,160,,,,,
11225 - BIREUEN,GD112250127,JMA020-00,T-SEL LHOK AWE,5.21281,96.64939,50,,,,,
11225 - BIREUEN,GD112250136,JMA021-00,SP COT GLUMPANG,5.206125,96.648356,100,,,,,
11225 - BIREUEN,GD112250207,JMA022-00,PULO LAWANG,5.19658,96.669844,100,,,,,
11225 - BIREUEN,GD112250141,JMA023-00,LANCOK PANTE ARA,5.187858,96.68287,100,,,,,
11225 - BIREUEN,GD112250142,JMA024-00,KAREUNG LANCOK,5.208973,96.674376,160,,,,,
11225 - BIREUEN,GD112250095,JMA025-00,MNS BLANG,5.211709,96.684017,100,,,,,
11225 - BIREUEN,GD112250072,JMA026-00,BUKET TEUKUEH,5.204801,96.676693,160,,,,,
11225 - BIREUEN,GD112250099,JMA027-00,COT KEUTAPANG,5.199146,96.674412,100,,,,,
11225 - BIREUEN,GD112250115,JMA028-00,LIPAH,5.206479,96.664643,100,,,,,
11225 - BIREUEN,GD112250171,JMA029-00,SP COT LUSONG,5.174404,96.675735,50,,,,,
11225 - BIREUEN,GD112250177,JMA030-00,BLANG LAHDEH,5.21071,96.65263,100,,,,,
11225 - BIREUEN,GD112250199,JMA031-00,COT BADA BLANG BLAHDEH,5.188023,96.670174,50,,,,,
11225 - BIREUEN,GD112250193,JMA032-00,SP TEUPOK,5.18389,96.682348,25,,,,,
11225 - BIREUEN,GD112250200,JMA033-00,COT LUSONG,5.186369,96.636663,50,,,,,
11225 - BIREUEN,GD112250202,JMA034-00,BLANG RHEUM,5.183507,96.646016,50,,,,,
11225 - BIREUEN,GD112250087,JMA035-00,MNS DAYAH,5.188292,96.64618,50,,,,,
11225 - BIREUEN,GD112250402,JMA036-00,DEPAN BAITUL MAL,5.185529,96.655972,100,,,,,
11225 - BIREUEN,GD112250008,JMA037-00,SP MNS GADONG,5.185406,96.660687,50,,,,,
11225 - BIREUEN,GD112250415,JMA038-00,MEUNASAH GADONG,5.198335,96.684768,100,,,,,
11225 - BIREUEN,GD112250154,JMA039-00,KANTOR DPRK,5.201191,96.658214,100,,,,,
11225 - BIREUEN,GD112250029,JMA040-00,TELKOM,5.202578,96.643801,100,,,,,
11225 - BIREUEN,GD112250038,JMA041-00,PULO ARA,5.207446,96.655317,100,,,,,
11225 - BIREUEN,GD112250032,JMA042-00,GEUDONG,5.20621,96.64403,100,,,,,
11225 - BIREUEN,GD112250035,JMA043-00,PABRIK ES,5.205199,96.678703,50,,,,,
11225 - BIREUEN,GD112250152,JMA044-00,DPN BNI,5.203721,96.683669,160,,,,,
11225 - BIREUEN,GD112250083,JMA045-00,MNS CAPA,5.203351,96.686179,100,,,,,
11225 - BIREUEN,GD112250162,JMA046-00,DPN SMP 1 BIREUEN,5.208227,96.68381,100,,,,,
11225 - BIREUEN,GD112250160,JMA047-00,RSU BIREUEN,5.194331,96.641653,100,,,,,
11225 - BIREUEN,GD112250041,JMA048-00,SP CUREH,5.184214,96.660693,50,,,,,
11225 - BIREUEN,GD112250064,JMA049-00,GEULANGGANG TEUNGEOH,5.20323,96.66393,50,,,,,
11225 - BIREUEN,GD112250066,JMA050-00,GEULANGGANG KULAM,5.203776,96.719892,630,,,,,
11225 - BIREUEN,GD112250047,JMA051-00,DPN PLN COT GAPU,5.20891,96.647537,100,,,,,
11225 - BIREUEN,GD112250053,JMA052-00,PABRIK ROTAN,5.20891,96.64638,50,,,,,
11225 - BIREUEN,GD112250052,JMA053-00,BTN KUPULA,5.21118,96.6493,100,,,,,
11225 - BIREUEN,GD112250073,JMA054-00,COT JRAT,5.20618,96.6448,100,,,,,
11225 - BIREUEN,GD112250069,JMA055-00,UTEUN REUTOH,5.204093,96.681089,160,,,,,
11225 - BIREUEN,GD112250055,JMA056-00,STM NEGRI,5.185803,96.660949,25,,,,,
11225 - BIREUEN,GD112250074,JMA057-00,PERUM BUKET TEUKUEH,5.170074,96.674256,100,,,,,
11225 - BIREUEN,GD112250059,JMA058-00,SPBU COT GAPU,5.206098,96.680719,100,,,,,
11225 - BIREUEN,GD112250090,JMA059-00,COT TRIENG-II,5.206767,96.66183,50,,,,,
11225 - BIREUEN,GD112250114,JMA060-00,SP COT GRUNDONG,5.206597,96.663434,200,,,,,
11225 - BIREUEN,GD112250124,JMA061-00,COT GRUNDONG,5.138521,96.651335,50,,,,,
11225 - BIREUEN,GD112250105,JMA062-00,BLANG COT BAROH,5.191728,96.639149,25,,,,,
11225 - BIREUEN,GD112250100,JMA063-00,COT TAROM,5.206419,96.665207,160,,,,,
11225 - BIREUEN,GD112250122,JMA064-00,BLANG DALAM,5.204419,96.678997,50,,,,,
11225 - BIREUEN,GD112250104,JMA065-00,BLANG COT TUNONG,5.206133,96.669412,50,,,,,
11225 - BIREUEN,GD112250106,JMA066-00,SEULEUMBAH,5.20598,96.6623,100,,,,,
11225 - BIREUEN,GD112250175,JMA067-00,BLANG BLAHDE-I,5.20551,96.672621,100,,,,,
11225 - BIREUEN,GD112250204,JMA068-00,SEUNEUBOK LHONG,5.187957,96.650695,50,,,,,
11225 - BIREUEN,GD112250123,JMA069-00,KUALA JEUMPA,5.207506,96.650858,50,,,,,
11225 - BIREUEN,GD112250201,JMA070-00,COT IBOH,5.201638,96.646409,50,,,,,
11225 - BIREUEN,GD112250203,JMA071-00,BLANG RHEUM-II,5.206277,96.666979,50,,,,,
11225 - BIREUEN,GD112250209,JMA072-00,PALOH LIMENG,5.207459,96.656512,100,,,,,
11225 - BIREUEN,GD112250118,JMA073-00,BATE TIMOH,5.189558,96.677986,50,,,,,
11225 - BIREUEN,GD112250220,JMA074-00,COT TIMPHAN,5.143389,96.656747,50,,,,,
11225 - BIREUEN,GD112250221,JMA075-00,ABEUK USONG,5.175199,96.644276,100,,,,,
11225 - BIREUEN,GD112250222,JMA076-00,BLANG SEUPEUNG,5.199667,96.685047,100,,,,,
11225 - BIREUEN,GD112250130,JMA078-00,KRUENG JULI,5.214405,96.675053,50,,,,,
11225 - BIREUEN,GD112250147,JMA079-00,UJONG BLANG MESJID,5.221,96.67798,50,,,,,
11225 - BIREUEN,GD112250135,JMA080-00,COT GLUMPANG,5.211187,96.674756,50,,,,,
11225 - BIREUEN,GD112250137,JMA081-00,COT LAGA SAWA,5.215572,96.689647,50,,,,,
11225 - BIREUEN,GD112250139,JMA082-00,LANCOK TAMBAK,5.220445,96.685763,100,,,,,
11225 - BIREUEN,GD112250169,JMA083-00,LHOK AWE,5.224995,96.674703,200,,,,,
11225 - BIREUEN,GD112250132,JMA084-00,COT UNOE,5.214612,96.652115,100,,,,,
11225 - BIREUEN,GD112250098,JMA085-00,SEKOLAH SUKMA,5.17396,96.675319,100,,,,,
11225 - BIREUEN,GD112250014,JMA086-00,COT MEURAK,5.176484,96.66059,50,,,,,
11225 - BIREUEN,GD112250620,JNG001-00,SUZUKI COT GAPU,5.203145,96.718352,100,,,,,
11225 - BIREUEN,GD112250618,JNG002-00,BUKET TEKUH,5.198768,96.718099,25,,,,,
11225 - BIREUEN,GD112250619,JNG003-00,BTN KUPULA,5.197593,96.717743,100,,,,,
11225 - BIREUEN,GD112250608,JNG004-00,BTN KUPULA,5.19701,96.717602,200,,,,,
11225 - BIREUEN,GD112250607,JNG005-00,BUKET TEKUH,5.199627,96.719269,100,,,,,
11225 - BIREUEN,GD112250624,JNG006-00,BLANG REULING,5.195605,96.720996,100,,,,,
11225 - BIREUEN,GD112250623,JNG007-00,PULO KITON,5.196256,96.725742,50,,,,,
11225 - BIREUEN,GD112250614,JNG008-00,BLANG TINGKEUM,5.188543,96.722472,50,,,,,
11225 - BIREUEN,GD112250612,JNG009-00,UTEN RETOH,5.197695,96.732765,25,,,,,
11225 - BIREUEN,GD112250616,JNG010-00,UTEN RETOH,5.201259,96.735072,100,,,,,
11225 - BIREUEN,GD112250606,JNG011-00,BUKET TEKUH,5.190304,96.729211,50,,,,,
11225 - BIREUEN,GD112250609,JNG012-00,COT JRAT,5.176253,96.732167,100,,,,,
11225 - BIREUEN,GD112250637,JNG013-00,GEULANGGANG TENGOH,5.205464,96.714586,100,,,,,
11225 - BIREUEN,GD112250631,JNG014-00,GEUDONG ALUE,5.207249,96.715002,50,,,,,
11225 - BIREUEN,GD112250635,JNG015-00,GEULANGGANG TENGOH,5.209983,96.715844,100,,,,,
11225 - BIREUEN,GD112250634,JNG016-00,GEULANGGANG KULAM,5.212165,96.715822,100,,,,,
11225 - BIREUEN,GD112250636,JNG017-00,Glg Kulam II,5.21601,96.719546,100,,,,,
11225 - BIREUEN,GD112250601,JNG018-00,KANTOR PLN COT GAPU,5.203468,96.716831,200,,,,,
11225 - BIREUEN,GD112250588,JNG020-00,GEULANGGANG,5.202832,96.714221,100,,,,,
11225 - BIREUEN,GD112250523,JNG021-00,CUREH,5.202386,96.712099,100,,,,,
11225 - BIREUEN,GD112250633,JNG022-00,SP. CUREH,5.202125,96.710432,160,,,,,
11225 - BIREUEN,GD112250578,JNG024-00,CUREH,5.198225,96.709951,100,,,,,
11225 - BIREUEN,GD112250541,JNG025-00,CUREH,5.194602,96.709687,100,,,,,
11225 - BIREUEN,GD112250572,JNG026-00,CUREH,5.201783,96.708688,100,,,,,
11225 - BIREUEN,GD112250528,JNG029-00,CUREH,5.195265,96.707041,50,,,,,
11225 - BIREUEN,GD112250477,JNG031-00,Pulo ara,5.198616,96.705709,160,,,,,
11225 - BIREUEN,GD112250575,JNG032-00,PULO ARA,5.201339,96.705214,160,,,,,
11225 - BIREUEN,GD112250597,JNG034-00,GEUDONG,5.202716,96.705402,100,,,,,
11225 - BIREUEN,GD112250622,JNG035-00,GEUDONG,5.203675,96.705208,200,,,,,
11225 - BIREUEN,GD112250627,JNG037-00,PABRIK ES GEUDONG,5.203512,96.707721,100,,,,,
11225 - BIREUEN,GD112250610,JNG038-00,GEUDONG,5.203379,96.707636,100,,,,,
11225 - BIREUEN,GD112250596,JNG039-00,PULO ARA,5.201413,96.704596,100,,,,,
11225 - BIREUEN,GD112250557,JNG040-00,COT U SIBAK,5.20108,96.704575,160,,,,,
11225 - BIREUEN,GD112250639,JNG042-00,KOTA BIREUEN,5.201515,96.702855,250,,,,,
11225 - BIREUEN,GD112250643,JNG044-00,COT GAPU,5.207242,96.720295,100,,,,,
11225 - BIREUEN,GD112250645,JNG045-00,GEULANGGANG BARO,5.204388,96.720392,200,,,,,
11225 - BIREUEN,GD112250647,JNG046-00,COT GAPU,5.205241,96.721973,100,,,,,
11225 - BIREUEN,GD112250649,JNG047-00,BUKET TEKUH,5.201877,96.72309,100,,,,,
11225 - BIREUEN,GD112250653,JNG048-00,COT GAPU,5.20602,96.724999,100,,,,,
11225 - BIREUEN,GD112250655,JNG049-00,KANTOR BUPATI COT GAPU,5.207184,96.725357,315,,,,,
11225 - BIREUEN,GD112250662,JNG050-00,TOWER BERSAMA COT GAPU,5.20638,96.726776,25,,,,,
11225 - BIREUEN,GD112250663,JNG051-00,COT GAPU,5.206629,96.728147,315,,,,,
11225 - BIREUEN,GD112250665,JNG052-00,COT GAPU,5.207421,96.731116,250,,,,,
11225 - BIREUEN,GD112250644,JNG053-00,PAYA KAREUNG,5.208119,96.732809,25,,,,,
11225 - BIREUEN,GD112250646,JNG054-00,PAYA KAREUNG,5.208287,96.733218,100,,,,,
11225 - BIREUEN,GD112250605,JNG055-00,SUZUYA,5.201995,96.702658,630,,,,,
11225 - BIREUEN,GD112250577,JNG056-00,KOTA BIREUEN,5.202588,96.702595,100,,,,,
11225 - BIREUEN,GD112250591,JNG057-00,KOTA BIREUEN,5.203063,96.702659,100,,,,,
11225 - BIREUEN,GD112250573,JNG058-00,KOTA BIREUEN,5.203937,96.702892,200,,,,,
11225 - BIREUEN,GD112250581,JNG059-00,KAMPUNG BARU,5.204357,96.702868,100,,,,,
11225 - BIREUEN,GD112250571,JNG060-00,GEUDONG GEUDONG,5.204682,96.702778,100,,,,,
11225 - BIREUEN,GD112250582,JNG061-00,KARANG REJO,5.206024,96.702323,100,,,,,
11225 - BIREUEN,GD112250567,JNG062-00,KARANG REJO,5.206183,96.700439,160,,,,,
11225 - BIREUEN,GD112250568,JNG063-00,PULO KITON,5.208044,96.697723,160,,,,,
11225 - BIREUEN,GD112250525,JNG064-00,GAMPONG BARO,5.206066,96.697564,100,,,,,
11225 - BIREUEN,GD112250598,JNG065-00,KARANG REJO,5.205858,96.69753,100,,,,,
11225 - BIREUEN,GD112250580,JNG066-00,ADAM BATRE,5.203954,96.697394,100,,,,,
11225 - BIREUEN,GD112250604,JNG067-00,RSU BIREUEN,5.204801,96.697974,630,,,,,
11225 - BIREUEN,GD112250592,JNG068-00,Depan RSU Fauziah,5.204211,96.698193,100,,,,,
11225 - BIREUEN,GD112250574,JNG069-00,KAMPUNG BARU,5.206764,96.703142,100,,,,,
11225 - BIREUEN,GD112250586,JNG070-00,PULO KITON,5.208182,96.700327,50,,,,,
11225 - BIREUEN,GD112250585,JNG071-00,PULO KITON,5.209055,96.700021,100,,,,,
11225 - BIREUEN,GD112250569,JNG072-00,GEUDONG ALUE,5.208482,96.705189,200,,,,,
11225 - BIREUEN,GD112250595,JNG073-00,GEUDONG ALUE,5.210017,96.705287,100,,,,,
11225 - BIREUEN,GD112250589,JNG074-00,GEUDONG ALUE,5.210717,96.709637,50,,,,,
11225 - BIREUEN,GD112250481,JNG075-00,MEUNASAH CAPA,5.19998,96.70234,100,,,,,
11225 - BIREUEN,GD112250648,JNG076-00,COT GAPU,5.198899,96.70244,200,,,,,
11225 - BIREUEN,GD112250487,JNG077-00,MEUNASAH CAPA,5.19908,96.69962,100,,,,,
11225 - BIREUEN,GD112250483,JNG078-00,DS. MEUNASAH CAPA,5.19714,96.7026,200,,,,,
11225 - BIREUEN,GD112250488,JNG079-00,MEUNASAH GADONG,5.19586,96.70252,100,,,,,
11225 - BIREUEN,GD112250651,JNG080-00,MNS GADONG,5.194133,96.702253,200,,,,,
11225 - BIREUEN,GD112250482,JNG081-00,MEUNASAH GADONG,5.19434,96.70085,50,,,,,
11225 - BIREUEN,GD112250486,JNG082-00,MEUNASAH GADONG,5.19507,96.69633,160,,,,,
11225 - BIREUEN,GD112250654,JNG083-00,MNS DAYAH,5.19516,96.69537,100,,,,,
11225 - BIREUEN,GD112250656,JNG084-00,MEUNASAH GADONG,5.195585,96.693195,100,,,,,
11225 - BIREUEN,GD112250509,JNG085-00,MEUNASAH BLANG,5.199997,96.690467,100,,,,,
11225 - BIREUEN,GD112250506,JNG086-00,MEUNASAH BLANG,5.20121,96.689525,200,,,,,
11225 - BIREUEN,GD112250500,JNG087-00,MEUNASAH BLANG,5.202894,96.689779,160,,,,,
11225 - BIREUEN,GD112250504,JNG088-00,MEUNASAH BLANG,5.203184,96.687374,100,,,,,
11225 - BIREUEN,GD112250658,JNG089-00,MEUNASAH BLANG,5.203211,96.693686,100,,,,,
11225 - BIREUEN,GD112250497,JNG090-00,MEUNASAH BLANG,5.203129,96.695301,100,,,,,
11225 - BIREUEN,GD112250503,JNG091-00,MEUNASAH BLANG,5.201195,96.695581,160,,,,,
11225 - BIREUEN,GD112250501,JNG092-00,MEUNASAH DAYAH,5.198019,96.695656,100,,,,,
11225 - BIREUEN,GD112250511,JNG093-00,REULEUT,5.204499,96.695391,50,,,,,
11225 - BIREUEN,GD112250510,JNG094-00,REULEUT,5.204366,96.692468,100,,,,,
11225 - BIREUEN,GD112250508,JNG095-00,REULEUT,5.205988,96.695422,100,,,,,
11225 - BIREUEN,GD112250498,JNG096-00,REULEUT,5.208921,96.695278,100,,,,,
11225 - BIREUEN,GD112250520,JNG097-00,MEUNASAH CAPA,5.203002,96.700844,100,,,,,
11225 - BIREUEN,GD112250518,JNG098-00,MEUNASAH CAPA,5.201777,96.700147,160,,,,,
11225 - BIREUEN,GD112250519,JNG099-00,MEUNASAH CAPA,5.202155,96.698049,100,,,,,
11225 - BIREUEN,GD112250583,JNG100-00,LHOK AWE,5.214066,96.703888,100,,,,,
11225 - BIREUEN,GD112250621,JNG101-00,UETEUN RETOH,5.197622,96.737594,25,,,,,
11225 - BIREUEN,GD112250489,JNG103-00,MEUNASAH GADONG,5.19538,96.70248,50,,,,,
11225 - BIREUEN,GD112250490,JNG104-00,MEUNASAH CAPA,5.19852,96.7025,100,,,,,
11225 - BIREUEN,GD112250659,JNG105-00,MEUNASAH BLANG,5.203148,96.691636,100,,,,,
11225 - BIREUEN,GD112250661,JNG106-00,MEUNASAH GADONG,5.197734,96.696619,100,,,,,
11225 - BIREUEN,GD112250512,JNG107-00,MEUNASAH GADONG,5.191616,96.696405,50,,,,,
11225 - BIREUEN,GD112250514,JNG108-00,MEUNASAH DAYAH,5.19922,96.695654,100,,,,,
11225 - BIREUEN,GD112250515,JNG109-00,MEUNASAH BLANG,5.20176,96.695663,100,,,,,
11225 - BIREUEN,GD112250516,JNG110-00,MEUNASAH BLANG,5.203057,96.69645,100,,,,,
11225 - BIREUEN,GD112250615,JNG111-00,KARANG REJO,5.205985,96.702655,100,,,,,
11225 - BIREUEN,GD112250600,JNG112-00,KOTA BIREUEN,5.204658,96.702779,200,,,,,
11225 - BIREUEN,GD112250602,JNG113-00,KARANG REJO,5.20606,96.701926,50,,,,,
11225 - BIREUEN,GD112250603,JNG114-00,PULO KITON,5.208223,96.70008,100,,,,,
11225 - BIREUEN,GD112250625,JNG115-00,BUKET TEKUH,5.19196,96.730764,50,,,,,
11225 - BIREUEN,GD112250626,JNG116-00,BLANG TINGKEUM,5.189631,96.717626,50,,,,,
11225 - BIREUEN,GD112250628,JNG117-00,BUKET TEKUH,5.191908,96.730066,50,,,,,
11225 - BIREUEN,GD112250629,JNG118-00,COT JRAT,5.182301,96.731709,50,,,,,
11225 - BIREUEN,GD112250611,JNG119-00,GEULANGGANG TENGOH,5.204232,96.711816,50,,,,,
11225 - BIREUEN,GD112250485,JNG120-00,GEULANGGANG KULAM,5.207101,96.716835,50,,,,,
11225 - BIREUEN,GD112250536,JNG121-00,COT GAPU,5.209775,96.721908,100,,,,,
11225 - BIREUEN,GD112250494,JNG122-00,MEUNASAH CAPA,5.199996,96.702311,250,,,,,
11225 - BIREUEN,GD112250521,JNG123-00,PULO ARA,5.201305,96.705941,100,,,,,
11225 - BIREUEN,GD112250484,JNG124-00,CUREH,5.19889,96.711754,100,,,,,
11225 - BIREUEN,GD112250535,JNG125-00,CUREH,5.199936,96.70979,50,,,,,
11225 - BIREUEN,GD112250590,JNG126-00,GEUDONG,5.203419,96.706693,100,,,,,
11225 - BIREUEN,GD112250664,JNG127-00,COT GAPU,5.206725,96.728526,100,,,,,
11225 - BIREUEN,GD112250642,JNG128-00,COT GAPU,5.207958,96.730404,50,,,,,
11225 - BIREUEN,GD112250650,JNG129-00,BUKET TEKUH,5.202177,96.723041,50,,,,,
11225 - BIREUEN,GD112250491,JNG130-00,MEUNASAH CAPA,5.19904,96.70081,100,,,,,
11225 - BIREUEN,GD112250630,JNG131-00,PAYA KAREUNG,5.200991,96.730239,50,,,,,
11225 - BIREUEN,GD112250594,JNG133-00,GEUDONG,5.204736,96.702777,200,,,,,
11225 - BIREUEN,GD112250617,JNG134-00,LIPAH RAYEUK,5.212638,96.675573,100,,,,,
11225 - BIREUEN,GD112250517,JNG135-00,MEUNASAH BLANG,5.186354,96.692287,100,,,,,
11225 - BIREUEN,GD112250613,JNG136-00,ABEUK TINGKEM,5.192255,96.716561,50,,,,,
11225 - BIREUEN,GD112250638,JNG137-00,BUKET TEKUH,5.199596,96.71856,50,,,,,
11225 - BIREUEN,GD112250652,JNG138-00,MNS GADONG,5.19623,96.70256,100,,,,,
11225 - BIREUEN,GD112250460,JNG139-00,DEPAN SEJAHTERA SWALAYAN,5.202706,96.697395,100,,,,,
11225 - BIREUEN,GD112250459,JNG140-00,DEPAN PANTE PIRAK,5.203477,96.71687,50,,,,,
11225 - BIREUEN,GD112250657,JNG141-00,GEUDONG ALUE,5.20843,96.70546,100,,,,,
11225 - BIREUEN,GD112250467,JNG142-00,DS.REULEUT,5.204141,96.696156,50,,,,,
11225 - BIREUEN,GD112250660,JNG143-00,KEJARI COT GAPU,5.206199,96.725881,50,,,,,
11225 - BIREUEN,GD112250475,JNG144-00,Ds. Meunasah Gadong,5.188821,96.694404,50,,,,,
11225 - BIREUEN,GD112250666,JNG145-00,UTEUN RETOH,5.20005,96.730025,50,,,,,
11225 - BIREUEN,GD112250668,JNG146-00,MEUNASAH DAYAH,5.196868,96.690269,50,,,,,
11225 - BIREUEN,GD112250690,JNG147-00,REULEUT,5.20445,96.69085,50,,,,,
11225 - BIREUEN,GD112250265,JUL001-00,BUNYOT,5.10101,96.70591,100,,,,,
11225 - BIREUEN,GD112250295,JUL002-00,PAYA CUT,5.09918,96.70578,50,,,,,
11225 - BIREUEN,GD112250268,JUL003-00,PANTE BARO,5.08187,96.7008,25,,,,,
11225 - BIREUEN,GD112250274,JUL004-00,ASRAMA YONIF,5.07345,96.7068,50,,,,,
11225 - BIREUEN,GD112250020,JUL005-00,ABEUK BUDI,5.069205,96.712121,100,,,,,
11225 - BIREUEN,GD112250021,JUL006-00,MANE MEUJEUNGKI,5.03915,96.69899,50,,,,,
11225 - BIREUEN,GD112250277,JUL007-00,SEUNEUBOK GUNCI,5.009659,96.695054,50,,,,,
11225 - BIREUEN,GD112250278,JUL008-00,SP KEUDE TRIENG,4.985133,96.694725,50,,,,,
11225 - BIREUEN,GD112250022,JUL009-00,SEUPENG LAMPOH,4.98813,96.69137,50,,,,,
11225 - BIREUEN,GD112250023,JUL010-00,SEUNEUBOK PRADEN,5.051405,96.709944,50,,,,,
11225 - BIREUEN,GD112250282,JUL011-00,JULI MEUJIM JIM,5.068388,96.712452,25,,,,,
11225 - BIREUEN,GD112250284,JUL012-00,JULI KEUDE DUA,4.984643,96.700182,50,,,,,
11225 - BIREUEN,GD112250286,JUL013-00,JULI KM 2.5,4.9717,96.68575,50,,,,,
11225 - BIREUEN,GD112250050,JUL014-00,JULI COT MESJID,5.075732,96.698331,50,,,,,
11225 - BIREUEN,GD112250024,JUL015-00,PAYA RHUE,5.069183,96.713015,50,,,,,
11225 - BIREUEN,GD112250288,JUL016-00,TEUPIN MANEE,5.19188,96.7022,50,,,,,
11225 - BIREUEN,GD112250289,JUL017-00,TEUPIN MANEE,5.190629,96.702471,50,,,,,
11225 - BIREUEN,GD112250290,JUL018-00,TEUPIN MANEE,5.1901,96.70263,50,,,,,
11225 - BIREUEN,GD112250296,JUL019-00,LUBUK IBOH,5.188183,96.703691,50,,,,,
11225 - BIREUEN,GD112250298,JUL020-00,SP. JAYA,5.187788,96.703936,50,,,,,
11225 - BIREUEN,GD112250299,JUL021-00,SP. JAYA,5.186264,96.70534,100,,,,,
11225 - BIREUEN,GD112250378,JUL022-00,KRUENG SIMPO,5.18816,96.705752,100,,,,,
11225 - BIREUEN,GD112250180,JUL023-00,JL TAKENGON KM. 13,5.1907,96.706362,50,,,,,
11225 - BIREUEN,GD112250181,JUL024-00,SEUNEUBOK KM 15,5.186306,96.711189,50,,,,,
11225 - BIREUEN,GD112250182,JUL025-00,JL TAKENGON KM.17,5.180681,96.720187,50,,,,,
11225 - BIREUEN,GD112250183,JUL026-00,KRUENG SIMPO,5.181134,96.704849,100,,,,,
11225 - BIREUEN,GD112250291,JUL027-00,PDAM TEUPIN MANEE,5.179764,96.704388,50,,,,,
11225 - BIREUEN,GD112250186,JUL028-00,JL TAKENGON KM. 24,5.180538,96.707901,100,,,,,
11225 - BIREUEN,GD112250187,JUL029-00,JL TAKENGON KM. 30,5.178437,96.704069,100,,,,,
11225 - BIREUEN,GD112250190,JUL030-00,JL TAKENGON KM.33,5.174922,96.703749,200,,,,,
11225 - BIREUEN,GD112250189,JUL031-00,TELKOMSEL KM. 33,5.170604,96.705019,25,,,,,
11225 - BIREUEN,GD112250004,JUL032-00,TELKOMSEL KM 1,5.170143,96.705125,100,,,,,
11225 - BIREUEN,GD112250007,JUL033-00,SPBU JULI,5.165846,96.706869,50,,,,,
11225 - BIREUEN,GD112250273,JUL034-00,TELKOMSEL BALE PANAH,5.168576,96.702948,400,,,,,
11225 - BIREUEN,GD112250271,JUL035-00,TELKOMSEL KM 7,5.167696,96.70287,100,,,,,
11225 - BIREUEN,GD112250179,JUL036-00,TELKOMSEL KM.13,5.164254,96.702705,100,,,,,
11225 - BIREUEN,GD112250188,JUL037-00,KEBUN SAWIT H.SUBAR,5.161803,96.709114,50,,,,,
11225 - BIREUEN,GD112250002,JUL038-00,JULI COT MESJID -II,5.159316,96.704907,50,,,,,
11225 - BIREUEN,GD112250280,JUL039-00,KM 5,5.159392,96.702713,100,,,,,
11225 - BIREUEN,GD112250283,JUL040-00,KM 5,5.152044,96.703354,100,,,,,
11225 - BIREUEN,GD112250269,JUL041-00,XL KM 8,5.159205,96.710364,50,,,,,
11225 - BIREUEN,GD112250005,JUL042-00,TELKOMSEL,5.156387,96.711317,100,,,,,
11225 - BIREUEN,GD112250285,JUL043-00,JULI KEUDE,5.154603,96.712702,50,,,,,
11225 - BIREUEN,GD112250191,JUL044-00,PANTE PEUSANGAN,5.154925,96.715,100,,,,,
11225 - BIREUEN,GD112250003,JUL045-00,KM 1,5.153411,96.712462,100,,,,,
11225 - BIREUEN,GD112250006,JUL046-00,RS BMC,5.145693,96.715359,200,,,,,
11225 - BIREUEN,GD112250266,JUL047-00,POLSEK BUNYOT,5.14953,96.719986,100,,,,,
11225 - BIREUEN,GD112250185,JUL048-00,JL TAKENGON KM. 21,5.148143,96.724723,50,,,,,
11225 - BIREUEN,GD112250294,JUL049-00,BUNYOT,5.14823,96.738757,25,,,,,
11225 - BIREUEN,GD112250276,JUL050-00,SP PANAH,5.119267,96.669642,100,,,,,
11225 - BIREUEN,GD112250300,JUL051-00,ALEU LIMEUNG,5.139009,96.717383,50,,,,,
11225 - BIREUEN,GD112250301,JUL052-00,SARAH SIRONG,5.1376,96.717649,25,,,,,
11225 - BIREUEN,GD112250297,JUL053-00,SP. JAYA,5.137072,96.717638,250,,,,,
11225 - BIREUEN,GD112250184,JUL054-00,TBG KRUENG SIMPO,5.135667,96.717808,25,,,,,
11225 - BIREUEN,GD112250264,JUL055-00,BIREUN VISION,5.132493,96.718837,100,,,,,
11225 - BIREUEN,GD112250025,JUL056-00,URUEK ANEO,5.132762,96.724863,100,,,,,
11225 - BIREUEN,GD112250279,JUL057-00,KEUDE TRIENG,5.193375,96.705307,50,,,,,
11225 - BIREUEN,GD112250019,JUL058-00,BLANG KETUMBA,5.191074,96.704686,100,,,,,
11225 - BIREUEN,GD112250272,JUL059-00,BALE PANAH,5.126775,96.718137,25,,,,,
11225 - BIREUEN,GD112250292,JUL060-00,PDAM TEUPIN MANEE,5.122661,96.715269,100,,,,,
11225 - BIREUEN,GD112250270,JUL061-00,PABRIK MINYAK WANGI KM8,5.122761,96.711553,100,,,,,
11225 - BIREUEN,GD112250001,JUL062-00,JULI COT MESJID DPN MESJID,5.122381,96.706455,100,,,,,
11225 - BIREUEN,GD112250275,JUL063-00,JULI MEE TEUNGEOH,5.1198,96.69606,50,,,,,
11225 - BIREUEN,GD112250293,JUL064-00,BUNYOT,5.120364,96.714202,50,,,,,
11225 - BIREUEN,GD112250267,JUL065-00,PUSKESMAS BUNYOT,5.118514,96.713241,100,,,,,
11225 - BIREUEN,GD112250287,JUL066-00,JULI PASEH,5.115951,96.711755,100,,,,,
11225 - BIREUEN,GD112250281,JUL067-00,JULI KEUDE DUA,5.111767,96.709646,100,,,,,
11225 - BIREUEN,GD112250388,JUL068-00,JULI MENASAH TAMBO,5.11262,96.70141,50,,,,,
11225 - BIREUEN,GD112250338,JUL069-00,PDAM TEUPIN MANEE III,5.114623,96.701055,250,,,,,
11225 - BIREUEN,GD112250335,JUL070-00,PT SYAUKAT,5.1157,96.7013,200,,,,,
11225 - BIREUEN,GD112250314,JUL071-00,PABRIK PADI JULI KEUDE DUA,5.11573,96.70113,100,,,,,
11225 - BIREUEN,GD112250316,JUL072-00,JULI KM 04,5.11439,96.68708,25,,,,,
11225 - BIREUEN,GD112250317,JUL073-00,JULI COT MESJID,5.12011,96.66174,50,,,,,
11225 - BIREUEN,GD112250318,JUL074-00,SEUPENG LAMPOH,5.12013,96.659523,50,,,,,
11225 - BIREUEN,GD112250312,JUL075-00,PANTE BAROE II,5.11237,96.65249,50,,,,,
11225 - BIREUEN,GD112250315,JUL076-00,JULI KEUDE DUA,5.10604,96.65409,25,,,,,
11225 - BIREUEN,GD112250337,JUL077-00,KRUENG SIMPO,5.09488,96.65801,50,,,,,
11225 - BIREUEN,GD112250336,JUL078-00,KRUENG SIMPO,5.069645,96.711915,50,,,,,
11225 - BIREUEN,GD112250426,JUL079-00,DEPAN PONPRES AZZAHRAH,4.98805,96.69349,50,,,,,
11225 - BIREUEN,GD112250427,JUL080-00,PAYA CUT,5.08722,96.70063,50,,,,,
11225 - BIREUEN,GD112250428,JUL081-00,SARAH SIRONG,5.02512,96.69834,25,,,,,
11225 - BIREUEN,GD112250429,JUL082-00,SIMPANG JAYA,5.181189,96.701314,100,,,,,
11225 - BIREUEN,GD112250379,JUL083-00,STARLITE KM33,5.164645,96.707546,50,,,,,
11225 - BIREUEN,GD112250390,JUL084-00,COT MERAK,5.189656,96.702807,50,,,,,
11225 - BIREUEN,GD112250391,JUL085-00,JULI SEUTUY,5.183418,96.705357,160,,,,,
11225 - BIREUEN,GD112250430,JUL086-00,TEUPIN MANEE,5.14794,96.724736,100,,,,,
11225 - BIREUEN,GD112250381,JUL087-00,ALUE RAMBONG KM.15,5.146269,96.719184,50,,,,,
11225 - BIREUEN,GD112250382,JUL088-00,JL.TAKENGON KM.26,5.160009,96.706955,50,,,,,
11225 - BIREUEN,GD112250392,JUL089-00,ABEUK BUDI,5.186568,96.704756,50,,,,,
11225 - BIREUEN,GD112250393,JUL090-00,BLANG KETUMBA,5.182897,96.705216,50,,,,,
11225 - BIREUEN,GD112250394,JUL091-00,MENASAH TENGOH,5.173138,96.704175,50,,,,,
11225 - BIREUEN,GD112250395,JUL092-00,SP JULI COT MESJID,5.177593,96.703878,50,,,,,
11225 - BIREUEN,GD112250396,JUL093-00,JULI SEUTUY,5.151288,96.711453,50,,,,,
11225 - BIREUEN,GD112250397,JUL094-00,JULI KEUDE DUA,5.120198,96.708691,100,,,,,
11225 - BIREUEN,GD112250398,JUL095-00,JULI TAMBO TANJUNG,5.117199,96.693187,100,,,,,
11225 - BIREUEN,GD112250399,JUL096-00,JULI MEUNASAH TENGOH,5.0946,96.65826,100,,,,,
11225 - BIREUEN,GD112250400,JUL097-00,KM 4 MEUJIM JIM,5.119995,96.664807,50,,,,,
11225 - BIREUEN,GD112250495,JUL098-00,TEUPIN MANEE,5.11197,96.70586,50,,,,,
11225 - BIREUEN,GD112250401,JUL099-00,BATEE RAYA,5.158023,96.710776,50,,,,,
11225 - BIREUEN,GD112250492,JUL100-00,MEUJINJIM,5.163788,96.708018,,,,,,
11225 - BIREUEN,GD112250493,JUL102-00,BATEE RAYA,5.151916,96.700734,,,,,,
11225 - BIREUEN,GD112250640,JUL103-00,RANTOE PANYANG,5.043231,96.742985,,,,,,
11225 - BIREUEN,GD112250478,JUL104-00,Juli KM.13,5.101007,96.706067,,,,,,
11225 - BIREUEN,GD112250479,JUL105-00,SEUNEUBOK,5.0837,96.70088,,,,,,
11225 - BIREUEN,GD112250462,JUL106-00,JULI KM.24,5.03998,96.6992,,,,,,
11225 - BIREUEN,GD112250689,JUL107-00,TEUPIN MANE,5.114476,96.710563,,,,,,
11225 - BIREUEN,GD112250472,JUL109-00,Ds. Uruk Anoe,5.190959,96.708468,,,,,,
11225 - BIREUEN,GD112250473,JUL110-00,DS. TEUPIN MANE,5.11563,96.70165,,,,,,
11225 - BIREUEN,GD112250679,JUL111-00,URUK ANOE,5.190018,96.709967,,,,,,
,,JUL177-00,,,,,,,,,
11225 - BIREUEN,GD112250599,KUA001-00,LHOK AWE,5.20901,96.69626,100,,,,,
11225 - BIREUEN,GD112250549,KUA002-00,LHOK AWE,5.217935,96.696982,100,,,,,
11225 - BIREUEN,GD112250687,KUA003-00,LHOK AWE,5.21808,96.698763,100,,,,,
11225 - BIREUEN,GD112250526,KUA004-00,LHOK AWE,5.220894,96.698241,25,,,,,
11225 - BIREUEN,GD112250688,KUA005-00,KRUNG JULI,5.224959,96.697601,200,,,,,
11225 - BIREUEN,GD112250546,KUA006-00,KRUENG JULI,5.229533,96.698103,50,,,,,
11225 - BIREUEN,GD112250531,KUA007-00,KRUENG JULI,5.233621,96.69635,100,,,,,
11225 - BIREUEN,GD112250534,KUA008-00,COT UNOE,5.222552,96.704253,100,,,,,
11225 - BIREUEN,GD112250540,KUA009-00,COT UNOE,5.226021,96.704241,50,,,,,
11225 - BIREUEN,GD112250667,KUA010-00,WEU JANGKA,5.236227,96.709374,250,,,,,
11225 - BIREUEN,GD112250669,KUA011-00,MON KELAYU,5.237581,96.704493,100,,,,,
11225 - BIREUEN,GD112250522,KUA012-00,UJUNG BLANG PASI,5.242982,96.716931,50,,,,,
11225 - BIREUEN,GD112250524,KUA013-00,KUALA RAJA,5.245491,96.723512,100,,,,,
11225 - BIREUEN,GD112250670,KUA014-00,COT UNOE,5.224249,96.70527,50,,,,,
11225 - BIREUEN,GD112250544,KUA015-00,KUTA BARO,5.232512,96.707844,50,,,,,
11225 - BIREUEN,GD112250545,KUA016-00,WEU JANGKA,5.238294,96.710582,100,,,,,
11225 - BIREUEN,GD112250532,KUA017-00,UJUNG BLANG,5.2398,96.711254,50,,,,,
11225 - BIREUEN,GD112250543,KUA018-00,COT BATEE,5.222634,96.71198,50,,,,,
11225 - BIREUEN,GD112250542,KUA019-00,WEU JANGKA,5.225747,96.714509,100,,,,,
11225 - BIREUEN,GD112250527,KUA020-00,COT GLUMPANG,5.222881,96.717682,100,,,,,
11225 - BIREUEN,GD112250533,KUA021-00,COT GLUMPANG,5.221674,96.723064,100,,,,,
11225 - BIREUEN,GD112250538,KUA022-00,COT LAGA SAWAH,5.228838,96.725552,50,,,,,
11225 - BIREUEN,GD112250529,KUA023-00,LANCOK PANTE ARA,5.228224,96.731817,100,,,,,
11225 - BIREUEN,GD112250550,KUA024-00,LANCOK,5.230133,96.7326,100,,,,,
11225 - BIREUEN,GD112250547,KUA025-00,LANCOK,5.232545,96.731807,100,,,,,
11225 - BIREUEN,GD112250539,KUA026-00,LANCOK,5.237886,96.730486,100,,,,,
11225 - BIREUEN,GD112250551,KUA027-00,KARIENG LANCOK,5.23057,96.738376,50,,,,,
11225 - BIREUEN,GD112250530,KUA028-00,KARIENG LANCOK,5.230383,96.739671,50,,,,,
11225 - BIREUEN,GD112250548,KUA029-00,KAREUNG LANCOK,5.228842,96.744857,50,,,,,
11225 - BIREUEN,GD112250671,KUA030-00,COT TRING,5.217039,96.689353,100,,,,,
11225 - BIREUEN,GD112250593,KUA031-00,LHOK AWE,5.211278,96.703717,100,,,,,
11225 - BIREUEN,GD112250584,KUA032-00,LHOK AWE,5.212451,96.703724,100,,,,,
11225 - BIREUEN,GD112250576,KUA033-00,LHOK AWE,5.214989,96.703943,100,,,,,
11225 - BIREUEN,GD112250570,KUA034-00,LHOK AWE TENGAH,5.212048,96.700323,200,,,,,
11225 - BIREUEN,GD112250502,KUA035-00,COT TRIENG,5.212365,96.695118,50,,,,,
11225 - BIREUEN,GD112250507,KUA036-00,COT TRIENG,5.214745,96.694082,50,,,,,
11225 - BIREUEN,GD112250499,KUA037-00,COT TRIENG,5.217417,96.693695,100,,,,,
11225 - BIREUEN,GD112250505,KUA038-00,KRUENG JULI BARAT,5.230036,96.694243,100,,,,,
11225 - BIREUEN,GD112250513,KUA039-00,KRUENG JULI BARAT,5.224894,96.693877,50,,,,,
11225 - BIREUEN,GD112250552,KUA040-00,COT U SIBAK,5.234448,96.725964,100,,,,,
11225 - BIREUEN,GD112250553,KUA041-00,COT BATEE,5.225019,96.71401,100,,,,,
11225 - BIREUEN,GD112250554,KUA042-00,UJONG BLANG,5.228509,96.706312,50,,,,,
11225 - BIREUEN,GD112250555,KUA043-00,COT BATEE,5.222847,96.710409,50,,,,,
11225 - BIREUEN,GD112250556,KUA044-00,COT BATEE,5.222156,96.714926,50,,,,,
11225 - BIREUEN,GD112250558,KUA045-00,COT LAGA SAWAH,5.226422,96.722607,50,,,,,
11225 - BIREUEN,GD112250559,KUA046-00,UJUNG BLANG PASI,5.241956,96.714688,50,,,,,
11225 - BIREUEN,GD112250560,KUA047-00,LHOK AWE,5.222198,96.697924,50,,,,,
11225 - BIREUEN,GD112250561,KUA048-00,UJONG BLANG PASI,5.238227,96.706116,50,,,,,
11225 - BIREUEN,GD112250562,KUA049-00,WEU JANGKA,5.236011,96.711251,50,,,,,
11225 - BIREUEN,GD112250563,KUA050-00,WEU JANGKA,5.23473,96.718212,100,,,,,
11225 - BIREUEN,GD112250564,KUA051-00,COT UNO,5.220532,96.705155,50,,,,,
11225 - BIREUEN,GD112250565,KUA052-00,KRUENG JULI,5.224448,96.697654,100,,,,,
11225 - BIREUEN,GD112250632,KUA053-00,BALEE KUYUN,5.222878,96.730905,100,,,,,
11225 - BIREUEN,GD112250587,KUA054-00,COT KUTA,5.217079,96.722399,100,,,,,
11225 - BIREUEN,GD112250537,KUA055-00,COT GLUMPANG,5.221204,96.725941,100,,,,,
11225 - BIREUEN,GD112250566,KUA056-00,COT BATE,5.223454,96.705876,50,,,,,
11225 - BIREUEN,GD112250463,KUA057-00,UJONG BLANG,5.236902,96.702775,50,,,,,
,,KUA058-00,,,,,,,,,
11225 - BIREUEN,GD112250217,PDD001-00,KEDE PEUDADA,5.196701,96.589292,100,,,,,
11225 - BIREUEN,GD112250255,PDD002-00,BLANG KUBU,5.199092,96.578544,100,,,,,
11225 - BIREUEN,GD112250214,PDD003-00,BLANG BIRAH,5.194705,96.609693,100,,,,,
11225 - BIREUEN,GD112250237,PDD004-00,MNS BLANG,5.202939,96.610077,50,,,,,
11225 - BIREUEN,GD112250211,PDD005-00,SP KARIENG,5.192315,96.626706,100,,,,,
11225 - BIREUEN,GD112250231,PDD006-00,PAYA,5.204234,96.62767,100,,,,,
11225 - BIREUEN,GD112250254,PDD007-00,MNS PULO,5.204334,96.584759,160,,,,,
11225 - BIREUEN,GD112250210,PDD008-00,COT ALUE RHENG,5.19063,96.634936,100,,,,,
11225 - BIREUEN,GD112250243,PDD009-00,MNS TAAMBO,5.191508,96.589024,100,,,,,
11225 - BIREUEN,GD112250213,PDD010-00,IKUE ALUE,5.194117,96.614835,50,,,,,
11225 - BIREUEN,GD112250234,PDD011-00,BLANG RANGKULUH,5.172865,96.61024,50,,,,,
11225 - BIREUEN,GD112250236,PDD012-00,TANJONG SLAMAT,5.156562,96.607332,50,,,,,
11225 - BIREUEN,GD112250256,PDD013-00,GAROT,5.198082,96.57803,50,,,,,
11225 - BIREUEN,GD112250229,PDD014-00,ALUE SIJUEK,5.171989,96.615655,50,,,,,
11225 - BIREUEN,GD112250227,PDD015-00,DAYAH MON ARA,5.174513,96.6262,50,,,,,
11225 - BIREUEN,GD112250228,PDD016-00,COT KRUET,5.160394,96.623318,50,,,,,
11225 - BIREUEN,GD112250260,PDD017-00,ARA BUNGONG,5.188061,96.5791,50,,,,,
11225 - BIREUEN,GD112250245,PDD018-00,MNS KRUENG,5.18132,96.585377,50,,,,,
11225 - BIREUEN,GD112250248,PDD019-00,LAWANG,5.164046,96.578518,25,,,,,
11225 - BIREUEN,GD112250238,PDD020-00,KUKUE,5.202697,96.605491,100,,,,,
11225 - BIREUEN,GD112250239,PDD021-00,MTG REULEUT,5.202675,96.599233,50,,,,,
11225 - BIREUEN,GD112250252,PDD022-00,MTG PASI,5.207851,96.596404,100,,,,,
11225 - BIREUEN,GD112250233,PDD023-00,MNS BUNGONG,5.189729,96.613618,50,,,,,
11225 - BIREUEN,GD112250249,PDD024-00,CALOK,5.20457,96.58978,100,,,,,
11225 - BIREUEN,GD112250262,PDD025-00,BLANG KUBU TAMBAK,5.207336,96.5791,100,,,,,
11225 - BIREUEN,GD112250219,PDD026-00,PULO,5.198615,96.58761,50,,,,,
11225 - BIREUEN,GD112250247,PDD027-00,PDAM LAWANG ,5.167244,96.584348,100,,,,,
11225 - BIREUEN,GD112250250,PDD028-00,CALOK-II,5.20515,96.5899,100,,,,,
11225 - BIREUEN,GD112250240,PDD029-00,MTG REULEUT,5.203497,96.594522,50,,,,,
11225 - BIREUEN,GD112250218,PDD030-00,MNS BARO,5.195171,96.589124,50,,,,,
11225 - BIREUEN,GD112250435,PDD031-00,PINTO RIMBA II,5.199083,96.628311,100,,,,,
11225 - BIREUEN,GD112250230,PDD032-00,PAYA-I,5.185541,96.588236,50,,,,,
11225 - BIREUEN,GD112250244,PDD033-00,MNS RABO,5.199284,96.571881,50,,,,,
11225 - BIREUEN,GD112250257,PDD034-00,BLANG KUBU-II,5.203996,96.579862,50,,,,,
11225 - BIREUEN,GD112250261,PDD035-00,NEUBOK NALEUNG TAMBAK,5.20649,96.58594,50,,,,,
11225 - BIREUEN,GD112250251,PDD036-00,CALOK-III,5.207621,96.575406,100,,,,,
11225 - BIREUEN,GD112250263,PDD037-00,NEUBOK NALEUNG TAMBAK-II,5.206301,96.611751,100,,,,,
11225 - BIREUEN,GD112250241,PDD038-00,MN BLANG TAMBAK,5.174441,96.585461,25,,,,,
11225 - BIREUEN,GD112250246,PDD039-00,HAGU,5.199791,96.569804,400,,,,,
11225 - BIREUEN,GD112250259,PDD040-00,PABRIK PADI BUGENG,5.20777,96.598575,100,,,,,
11225 - BIREUEN,GD112250253,PDD041-00,MTG PASI,5.196157,96.593376,100,,,,,
11225 - BIREUEN,GD112250216,PDD042-00,DPN PUSKESMAS,5.203685,96.620594,100,,,,,
11225 - BIREUEN,GD112250242,PDD043-00,KAMPONG BARO,5.203377,96.634564,100,,,,,
11225 - BIREUEN,GD112250232,PDD044-00,SEUNEUBOK PAYA,5.180177,96.628562,50,,,,,
11225 - BIREUEN,GD112250226,PDD045-00,DAYAH MON ARA-II,5.193241,96.620679,25,,,,,
11225 - BIREUEN,GD112250212,PDD046-00,BLANG GLUMPANG,5.188291,96.613795,50,,,,,
11225 - BIREUEN,GD112250346,PDD047-00,MNS BUNGONG,5.162636,96.608598,50,,,,,
11225 - BIREUEN,GD112250235,PDD048-00,TANJONG SLAMAT,5.195003,96.606192,50,,,,,
11225 - BIREUEN,GD112250215,PDD049-00,MNS CUT,5.201752,96.572244,100,,,,,
11225 - BIREUEN,GD112250258,PDD050-00,BLANG KUBU-III,5.19661,96.589749,50,,,,,
11225 - BIREUEN,GD112250341,PDD051-00,KEUDE PEUDADA,5.1965,96.589674,50,,,,,
11225 - BIREUEN,GD112250343,PDD052-00,ALUE KUTA-I,5.114046,96.609977,50,,,,,
11225 - BIREUEN,GD112250344,PDD053-00,ALUE KUTA-II,5.200043,96.586893,50,,,,,
11225 - BIREUEN,GD112250349,PDD054-00,PULO,5.203823,96.598521,100,,,,,
11225 - BIREUEN,GD112250348,PDD055-00,MTG PASI,5.199102,96.609085,100,,,,,
11225 - BIREUEN,GD112250347,PDD056-00,MNS MESJID,5.179698,96.631905,50,,,,,
11225 - BIREUEN,GD112250342,PDD057-00,BLANG BATI,5.206335,96.605538,50,,,,,
11225 - BIREUEN,GD112250350,PDD058-00,KUKUE,5.194253,96.611718,100,,,,,
11225 - BIREUEN,GD112250436,PDD059-00,COT LAOT,5.178732,96.617381,50,,,,,
11225 - BIREUEN,GD112250437,PDD060-00,GAROT,5.193088,96.578549,50,,,,,
11225 - BIREUEN,GD112250438,PDD061-00,PULO ARA,5.188906,96.624896,50,,,,,
11225 - BIREUEN,GD112250439,PDD062-00,PINTO RIMBA ,5.145145,96.604482,50,,,,,
11225 - BIREUEN,GD112250440,PDD063-00,JABA TIMUR,5.156929,96.611118,50,,,,,
11225 - BIREUEN,GD112250441,PDD064-00,MENASAH TUNONG,5.190035,96.609095,50,,,,,
11225 - BIREUEN,GD112250442,PDD065-00,BLANG KUBU,5.200297,96.57931,100,,,,,
11225 - BIREUEN,GD112250443,PDD066-00,MENASAH BAROH,5.193495,96.589346,50,,,,,
11225 - BIREUEN,GD112250444,PDD067-00,COT ALUE RHENG,5.190478,96.636161,50,,,,,
11225 - BIREUEN,GD112250445,PDD068-00,MENASAH ALUE,5.193762,96.617419,50,,,,,
11225 - BIREUEN,GD112250446,PDD069-00,DS SENEBOK PAYA,5.20356,96.63191,50,,,,,
11225 - BIREUEN,GD112250447,PDD070-00,PULO ARA,5.191846,96.628491,50,,,,,
11225 - BIREUEN,GD112250448,PDD071-00,MENASAH BLANG,5.202885,96.609198,50,,,,,
11225 - BIREUEN,GD112250449,PDD072-00,MENASAH TUNONG,5.19452,96.611623,50,,,,,
11225 - BIREUEN,GD112250450,PDD073-00,HAGU,5.177746,96.585339,50,,,,,
11225 - BIREUEN,GD112250496,PDD074-00,PINTO RIMBA,5.13768,96.60261,50,,,,,
11225 - BIREUEN,GD112250675,PSG201-00,COT GIREK,5.208057,96.738893,160,,,,,
11225 - BIREUEN,GD112250672,PSG202-00,COT GIREK,5.210014,96.739159,100,,,,,
11225 - BIREUEN,GD112250673,PSG203-00,COT BADA,5.211574,96.740559,100,,,,,
11225 - BIREUEN,GD112250674,PSG204-00,COT BADA,5.217324,96.745535,100,,,,,
11225 - BIREUEN,GD112250676,PSG205-00,COT KEUMUDE,5.218847,96.742479,50,,,,,
11225 - BIREUEN,GD112250677,PSG206-00,COT KEUMUDEE,5.219117,96.741616,100,,,,,
11225 - BIREUEN,GD112250678,PSG207-00,COT GAPU,5.211395,96.746792,100,,,,,
11225 - BIREUEN,GD112250680,PSG208-00,COT GAPU,5.210408,96.749728,160,,,,,
11225 - BIREUEN,GD112250681,PSG209-00,COT BUKET,5.210168,96.750491,25,,,,,
11225 - BIREUEN,GD112250682,PSG210-00,COT BUKET,5.206637,96.748282,100,,,,,
11225 - BIREUEN,GD112250683,PSG211-00,NICAH,5.211635,96.75214,50,,,,,
11225 - BIREUEN,GD112250684,PSG212-00,COT GIREK,5.208386,96.736446,50,,,,,
11225 - BIREUEN,GD112250685,PSG213-00,COT BADA,5.210989,96.739997,100,,,,,
11225 - BIREUEN,GD112250641,PSG215-00,COT KEMUDE,5.21798,96.743215,50,,,,,
11225 - BIREUEN,GD112250686,PSG216-00,COT BADA,5.210573,96.749735,50,,,,,
11226 - MATANG GLUMPANG DUA,GD112260108,JNK001-00,BUGAK KRUENG MATE 1,5.244833,96.821142,50,,,,,
11226 - MATANG GLUMPANG DUA,GD112260202,JNK002-00,BUGAK SP. BUGENG,5.249242,96.821549,25,,,,,
11226 - MATANG GLUMPANG DUA,GD112260117,JNK003-00,BLANG BUGAK MASJID,5.251257,96.821615,50,,,,,
11226 - MATANG GLUMPANG DUA,GD112260118,JNK004-00,BUGAK MASJID,5.25255,96.821544,50,,,,,
11226 - MATANG GLUMPANG DUA,GD112260220,JNK005-00,PUNJOT,5.256264,96.821658,100,,,,,
11226 - MATANG GLUMPANG DUA,GD112260120,JNK006-00,ULEE CHEUE,5.256222,96.827236,50,,,,,
11226 - MATANG GLUMPANG DUA,GD112260183,JNK007-00,PULO PINEUNG,5.25992,96.8162,100,,,,,
11226 - MATANG GLUMPANG DUA,GD112260121,JNK008-00,PUNYOET 2,5.262247,96.822932,50,,,,,
11226 - MATANG GLUMPANG DUA,GD112260122,JNK009-00,PUNYOET MEUNASAH 2,5.271154,96.824565,50,,,,,
11226 - MATANG GLUMPANG DUA,GD112260123,JNK010-00,MITRATEL PMD,5.271823,96.824494,25,,,,,
11226 - MATANG GLUMPANG DUA,GD112260234,JNK011-00,PUNJOT TAMBAK,5.271932,96.824266,50,,,,,
11226 - MATANG GLUMPANG DUA,GD112260119,JNK012-00,PUNYOET,5.271951,96.820348,100,,,,,
11226 - MATANG GLUMPANG DUA,GD112260182,JNK013-00,BUGAK KR MATEE ,5.245193,96.816427,50,,,,,
11226 - MATANG GLUMPANG DUA,GD112260116,JNK014-00,BUGAK SIMPANG BUGENG,5.250061,96.816245,50,,,,,
11226 - MATANG GLUMPANG DUA,GD112260109,JNK015-00,KEUDE BUGAK,5.246297,96.811892,50,,,,,
11226 - MATANG GLUMPANG DUA,GD112260110,JNK016-00,PANTE SUKON,5.25478,96.811248,100,,,,,
11226 - MATANG GLUMPANG DUA,GD112260111,JNK017-00,BUGAK KRUENG,5.246916,96.806564,50,,,,,
11226 - MATANG GLUMPANG DUA,GD112260112,JNK018-00,BADA TIMU,5.239394,96.804841,50,,,,,
11226 - MATANG GLUMPANG DUA,GD112260113,JNK019-00,SITE BUGAK KRUENG,5.248088,96.805291,25,,,,,
11226 - MATANG GLUMPANG DUA,GD112260115,JNK020-00,PANTE PEUSANGAN,5.249936,96.801942,100,,,,,
11226 - MATANG GLUMPANG DUA,GD112260180,JNK021-00,PANTE RANUP,5.256877,96.803934,100,,,,,
11226 - MATANG GLUMPANG DUA,GD112260114,JNK022-00,PANTE PEUSANGAN 2,5.250772,96.797794,50,,,,,
11226 - MATANG GLUMPANG DUA,GD112260136,JNK023-00,MEUNASAH LUENG,5.228955,96.791057,50,,,,,
11226 - MATANG GLUMPANG DUA,GD112260137,JNK024-00,REUSEP ARA,5.229007,96.797061,50,,,,,
11226 - MATANG GLUMPANG DUA,GD112260138,JNK025-00,GEUNDOT,5.233276,96.791104,50,,,,,
11226 - MATANG GLUMPANG DUA,GD112260139,JNK026-00,MIN LAMKUTA,5.235517,96.791579,25,,,,,
11226 - MATANG GLUMPANG DUA,GD112260192,JNK027-00,MNS KRUENG ,5.238283,96.789532,50,,,,,
11226 - MATANG GLUMPANG DUA,GD112260141,JNK028-00,BARAT LANYAN,5.236727,96.798756,100,,,,,
11226 - MATANG GLUMPANG DUA,GD112260151,JNK029-00,GAMPONG MEULINTENG,5.24141,96.784591,50,,,,,
11226 - MATANG GLUMPANG DUA,GD112260154,JNK030-00,LAMPOH RAYEUK,5.240422,96.777961,50,,,,,
11226 - MATANG GLUMPANG DUA,GD112260175,JNK031-00,PULO REUDEUP,5.23582,96.775498,100,,,,,
11226 - MATANG GLUMPANG DUA,GD112260155,JNK032-00,PULO REUDEUP 2,5.227916,96.774206,25,,,,,
11226 - MATANG GLUMPANG DUA,GD112260157,JNK033-00,PULO SENA,5.22747,96.769387,50,,,,,
11226 - MATANG GLUMPANG DUA,GD112260152,JNK034-00,JANGKA ALUE BIE,5.245074,96.779307,50,,,,,
11226 - MATANG GLUMPANG DUA,GD112260158,JNK035-00,JANGKA ALUE BIE 2,5.245524,96.779373,25,,,,,
11226 - MATANG GLUMPANG DUA,GD112260156,JNK036-00,SITE PULO REUDEUP,5.250001,96.779829,50,,,,,
11226 - MATANG GLUMPANG DUA,GD112260153,JNK037-00,SITE JANGKA ALUE BIE,5.241852,96.79001,50,,,,,
11226 - MATANG GLUMPANG DUA,GD112260142,JNK038-00,PAYA BIENG,5.24467,96.792121,50,,,,,
11226 - MATANG GLUMPANG DUA,GD112260179,JNK039-00,PANTE PEUSANGAN,5.249245,96.794378,50,,,,,
11226 - MATANG GLUMPANG DUA,GD112260143,JNK040-00,JANGKA ALUE U,5.250479,96.795292,100,,,,,
11226 - MATANG GLUMPANG DUA,GD112260147,JNK041-00,JANGKA KOTA,5.252575,96.790462,100,,,,,
11226 - MATANG GLUMPANG DUA,GD112260193,JNK042-00,JANGKA ALUE,5.254818,96.789375,100,,,,,
11226 - MATANG GLUMPANG DUA,GD112260145,JNK043-00,JANGKA MASJID,5.256109,96.787904,100,,,,,
11226 - MATANG GLUMPANG DUA,GD112260146,JNK044-00,KEUDE JANGKA,5.256569,96.785566,100,,,,,
11226 - MATANG GLUMPANG DUA,GD112260190,JNK045-00,REUSEP DAYAH,5.25891,96.784998,100,,,,,
11226 - MATANG GLUMPANG DUA,GD112260148,JNK046-00,JANGKA KEUTAPANG,5.252936,96.782782,50,,,,,
11226 - MATANG GLUMPANG DUA,GD112260144,JNK047-00,DEPAN KANTOR CAMAT JANGKA,5.252518,96.782016,100,,,,,
11226 - MATANG GLUMPANG DUA,GD112260150,JNK048-00,ALUE BIE PUSONG ,5.25256,96.773852,50,,,,,
11226 - MATANG GLUMPANG DUA,GD112260149,JNK049-00,ALUE BIE PUSONG 2,5.254901,96.770449,100,,,,,
11226 - MATANG GLUMPANG DUA,GD112260181,JNK050-00,ALUE BIE PUSONG 3,5.256375,96.775993,100,,,,,
11226 - MATANG GLUMPANG DUA,GD112260214,JNK051-00,PULO IBOH,5.235746,96.765794,50,,,,,
11226 - MATANG GLUMPANG DUA,GD112260162,JNK052-00,LINGGONG,5.239569,96.766516,50,,,,,
11226 - MATANG GLUMPANG DUA,GD112260165,JNK053-00,ALUE BUYA GAMPONG,5.24116,96.76446,100,,,,,
11226 - MATANG GLUMPANG DUA,GD112260167,JNK054-00,ALUE BUYA PASIE  ,5.248582,96.762139,50,,,,,
11226 - MATANG GLUMPANG DUA,GD112260166,JNK055-00,ALUE BUYA PASIE 2,5.24667,96.756189,100,,,,,
11226 - MATANG GLUMPANG DUA,GD112260191,JNK056-00,LAUT JANGKA,5.241096,96.766653,50,,,,,
11226 - MATANG GLUMPANG DUA,GD112260161,JNK057-00,NEHEN TANOH ANOE,5.245308,96.76758,50,,,,,
11226 - MATANG GLUMPANG DUA,GD112260160,JNK058-00,TANOH ANOE,5.246984,96.768777,50,,,,,
11226 - MATANG GLUMPANG DUA,GD112260159,JNK059-00,TANJONGAN,5.249482,96.771161,100,,,,,
11226 - MATANG GLUMPANG DUA,GD112260140,JNK060-00,LAMKUTA,5.234583,96.791464,50,,,,,
11226 - MATANG GLUMPANG DUA,GD112260248,JNK061-00,Barat Lanyan 2,5.238358,96.792199,50,,,,,
11226 - MATANG GLUMPANG DUA,GD112260251,JNK062-00,REUSEP ARA II,5.229873,96.792305,50,,,,,
11226 - MATANG GLUMPANG DUA,GD112260098,KTB101-00,MEUSE,5.205806,96.813975,25,,,,,
11226 - MATANG GLUMPANG DUA,GD112260097,KTB102-00,MEUSE 2,5.20663,96.817903,50,,,,,
11226 - MATANG GLUMPANG DUA,GD112260187,KTB103-00,MEUSE 2,5.208592,96.815277,100,,,,,
11226 - MATANG GLUMPANG DUA,GD112260188,KTB104-00,MEUSE ,5.210099,96.813408,50,,,,,
11226 - MATANG GLUMPANG DUA,GD112260101,KTB105-00,BABAH JURONG,5.214816,96.811061,100,,,,,
11226 - MATANG GLUMPANG DUA,GD112260102,KTB106-00,MASJID BABAH JURONG,5.215833,96.811217,25,,,,,
11226 - MATANG GLUMPANG DUA,GD112260103,KTB107-00,DAYAH PANJOE,5.219118,96.811758,50,,,,,
11226 - MATANG GLUMPANG DUA,GD112260174,KTB108-00,DAYAH PANJOE,5.221679,96.812804,250,,,,,
11226 - MATANG GLUMPANG DUA,GD112260105,KTB109-00,JAROMAH MEE,5.226482,96.815863,25,,,,,
11226 - MATANG GLUMPANG DUA,GD112260104,KTB110-00,JAROMAH MEE 2,5.228871,96.817331,50,,,,,
11226 - MATANG GLUMPANG DUA,GD112260106,KTB111-00,BENG RHENG,5.231879,96.818589,50,,,,,
11226 - MATANG GLUMPANG DUA,GD112260217,KTB112-00,JAROMAH BAROH 1,5.234069,96.819303,50,,,,,
11226 - MATANG GLUMPANG DUA,GD112260236,KTB113-00,JAROMAH BAROH 2,5.237791,96.819504,100,,,,,
11226 - MATANG GLUMPANG DUA,GD112260107,KTB114-00,JAROMAH BAROH,5.210943,96.812039,50,,,,,
11226 - MATANG GLUMPANG DUA,GD112260059,PSG001-00,GH MATANG,5.195834,96.794049,160,,,,,
11226 - MATANG GLUMPANG DUA,GD112260096,PSG002-00,KRUENG PANJO,5.211528,96.810509,100,,,,,
11226 - MATANG GLUMPANG DUA,GD112260186,PSG003-00,TANJONG MESJID,5.21656,96.80501,100,,,,,
11226 - MATANG GLUMPANG DUA,GD112260095,PSG004-00,SIMPANG KAMENG,5.216476,96.808816,100,,,,,
11226 - MATANG GLUMPANG DUA,GD112260007,PSG005-00,KEUDE MATANG,5.213954,96.808532,50,,,,,
11226 - MATANG GLUMPANG DUA,GD112260093,PSG006-00,PANTE PISANG,5.208596,96.806233,100,,,,,
11226 - MATANG GLUMPANG DUA,GD112260094,PSG007-00,PANTE PISANG 2,5.205135,96.806737,100,,,,,
11226 - MATANG GLUMPANG DUA,GD112260223,PSG008-00,PANTE PISANG 3,5.203815,96.806776,160,,,,,
11226 - MATANG GLUMPANG DUA,GD112260203,PSG009-00,GP. RAYA DAGANG 1,5.200187,96.804713,25,,,,,
11226 - MATANG GLUMPANG DUA,GD112260092,PSG010-00,GP. RAYA DAGANG 2,5.198026,96.804521,100,,,,,
11226 - MATANG GLUMPANG DUA,GD112260091,PSG011-00,PAYA DAGANG,5.19713,96.80446,50,,,,,
11226 - MATANG GLUMPANG DUA,GD112260088,PSG012-00,SMPN 5,5.195362,96.80656,50,,,,,
11226 - MATANG GLUMPANG DUA,GD112260199,PSG013-00,MESJID GP. RAYA DAGANG,5.19543,96.81025,100,,,,,
11226 - MATANG GLUMPANG DUA,GD112260089,PSG014-00,PAYA TAMBO,5.195422,96.810529,50,,,,,
11226 - MATANG GLUMPANG DUA,GD112260090,PSG015-00,DEPAN SMEA,5.194367,96.80425,50,,,,,
11226 - MATANG GLUMPANG DUA,GD112260062,PSG016-00,SIMPANG COT IJU,5.194069,96.804336,50,,,,,
11226 - MATANG GLUMPANG DUA,GD112260185,PSG017-00,BLANG PANJOE,5.185109,96.805024,250,,,,,
11226 - MATANG GLUMPANG DUA,GD112260100,PSG018-00,PANTE LHONG,5.190034,96.806258,50,,,,,
11226 - MATANG GLUMPANG DUA,GD112260099,PSG019-00,PANTE LHONG 2,5.188136,96.810263,100,,,,,
11226 - MATANG GLUMPANG DUA,GD112260087,PSG020-00,GLEE KAPAI,5.195482,96.803986,50,,,,,
11226 - MATANG GLUMPANG DUA,GD112260219,PSG021-00,BLANG ASAN 1,5.195675,96.80226,50,,,,,
11226 - MATANG GLUMPANG DUA,GD112260086,PSG022-00,BLANG ASAN 2,5.195848,96.800703,50,,,,,
11226 - MATANG GLUMPANG DUA,GD112260170,PSG023-00,PANTE GAJAH,5.202447,96.799325,50,,,,,
11226 - MATANG GLUMPANG DUA,GD112260001,PSG024-00,PANTE GAJAH 2,5.199696,96.79894,100,,,,,
11226 - MATANG GLUMPANG DUA,GD112260003,PSG025-00,PANTE GAJAH 3,5.198712,96.798733,50,,,,,
11226 - MATANG GLUMPANG DUA,GD112260002,PSG026-00,BALE KUNENG,5.196048,96.797709,100,,,,,
11226 - MATANG GLUMPANG DUA,GD112260230,PSG027-00,BALE KUNENG 2,5.196238,96.794737,100,,,,,
11226 - MATANG GLUMPANG DUA,GD112260004,PSG028-00,TERMINAL BARU,5.1964,96.79181,250,,,,,
11226 - MATANG GLUMPANG DUA,GD112260005,PSG029-00,DEPAN KTR CAMAT PEUSANGAN,5.196656,96.789411,100,,,,,
11226 - MATANG GLUMPANG DUA,GD112260233,PSG030-00,KANTOR CAMAT PEUSANGAN 2,5.196669,96.789387,100,,,,,
11226 - MATANG GLUMPANG DUA,GD112260006,PSG031-00,UNIMUS AMPON CHIEK,5.19673,96.788917,100,,,,,
11226 - MATANG GLUMPANG DUA,GD112260241,PSG032-00,UNIMUS AMPON CHIEK 2,5.196717,96.788981,100,,,,,
11226 - MATANG GLUMPANG DUA,GD112260176,PSG033-00,MNS TIMU,5.19857,96.788757,100,,,,,
11226 - MATANG GLUMPANG DUA,GD112260195,PSG034-00,MEUNASAH TIMU 2,5.198965,96.788863,50,,,,,
11226 - MATANG GLUMPANG DUA,GD112260125,PSG035-00,MEUNASAH DAYAH,5.203088,96.786551,50,,,,,
11226 - MATANG GLUMPANG DUA,GD112260124,PSG036-00,MEUNASAH DAYAH 2,5.203482,96.786531,50,,,,,
11226 - MATANG GLUMPANG DUA,GD112260126,PSG037-00,MEUNASAH TIMU,5.203545,96.78989,160,,,,,
11226 - MATANG GLUMPANG DUA,GD112260127,PSG038-00,PANTE PIYEU,5.209304,96.794105,50,,,,,
11226 - MATANG GLUMPANG DUA,GD112260128,PSG039-00,BLANG MEE,5.213293,96.794546,100,,,,,
11226 - MATANG GLUMPANG DUA,GD112260130,PSG040-00,PANTEE CUT,5.213682,96.796783,50,,,,,
11226 - MATANG GLUMPANG DUA,GD112260129,PSG041-00,PANTEE CUT 2,5.21459,96.79875,50,,,,,
11226 - MATANG GLUMPANG DUA,GD112260198,PSG042-00,BABAH KRUENG,5.215745,96.795018,100,,,,,
11226 - MATANG GLUMPANG DUA,GD112260132,PSG043-00,SIMPANG BAYU,5.216202,96.794956,50,,,,,
11226 - MATANG GLUMPANG DUA,GD112260133,PSG044-00,MEUNASAH NIBONG,5.220277,96.791552,50,,,,,
11226 - MATANG GLUMPANG DUA,GD112260211,PSG045-00,REUSEP DAYAH 1,5.22278,96.794686,50,,,,,
11226 - MATANG GLUMPANG DUA,GD112260134,PSG046-00,REUSEP DAYAH ,5.224315,96.79825,25,,,,,
11226 - MATANG GLUMPANG DUA,GD112260135,PSG047-00,PANTEE ARA,5.224409,96.792073,100,,,,,
11226 - MATANG GLUMPANG DUA,GD112260017,PSG048-00,PT TELKOM,5.196516,96.787913,100,,,,,
11226 - MATANG GLUMPANG DUA,GD112260018,PSG049-00,JL. ALMUSLEM,5.195496,96.787782,100,,,,,
11226 - MATANG GLUMPANG DUA,GD112260242,PSG050-00,KAMPUS AL-MUSLIM PR 1,5.195079,96.787539,100,,,,,
11226 - MATANG GLUMPANG DUA,GD112260163,PSG051-00,PULO IBOH,5.195074,96.787524,100,,,,,
11226 - MATANG GLUMPANG DUA,GD112260222,PSG052-00,KORAMIL,5.195079,96.786771,100,,,,,
11226 - MATANG GLUMPANG DUA,GD112260243,PSG053-00,KAMPUS AL-MUSLIM LK 1,5.194588,96.78651,100,,,,,
11226 - MATANG GLUMPANG DUA,GD112260019,PSG054-00,PESANTREN AL MUSLEM,5.194591,96.786507,100,,,,,
11226 - MATANG GLUMPANG DUA,GD112260025,PSG055-00,NEUHEUN,5.193146,96.785605,50,,,,,
11226 - MATANG GLUMPANG DUA,GD112260235,PSG056-00,NEUHEUN 2,5.192306,96.785595,50,,,,,
11226 - MATANG GLUMPANG DUA,GD112260026,PSG057-00,PANTON GEULIMA,5.190254,96.782837,50,,,,,
11226 - MATANG GLUMPANG DUA,GD112260244,PSG058-00,UNIMUS 1,5.194173,96.787717,100,,,,,
11226 - MATANG GLUMPANG DUA,GD112260240,PSG059-00,UNIMUS 2,5.194191,96.787718,100,,,,,
11226 - MATANG GLUMPANG DUA,GD112260205,PSG060-00,PAYA CUT 1,5.193732,96.787878,100,,,,,
11226 - MATANG GLUMPANG DUA,GD112260030,PSG061-00,UNIMUS 3,5.193343,96.787806,200,,,,,
11226 - MATANG GLUMPANG DUA,GD112260239,PSG062-00,UNIMUS 2,5.193362,96.787806,200,,,,,
11226 - MATANG GLUMPANG DUA,GD112260020,PSG063-00,KAMPUS AL MUSLEM 1,5.193273,96.789435,50,,,,,
11226 - MATANG GLUMPANG DUA,GD112260022,PSG064-00,KAMPUS AL MUSLEM 2,5.193058,96.790605,100,,,,,
11226 - MATANG GLUMPANG DUA,GD112260024,PSG065-00,KAMPUS TIMUR AL MUSLEM,5.19306,96.790627,100,,,,,
11226 - MATANG GLUMPANG DUA,GD112260021,PSG066-00,PAYA CUT 2,5.192889,96.78798,50,,,,,
11226 - MATANG GLUMPANG DUA,GD112260029,PSG067-00,SPBU PAYA CUT,5.191661,96.788125,25,,,,,
11226 - MATANG GLUMPANG DUA,GD112260210,PSG068-00,PAYA CUT 3,5.18974,96.788601,100,,,,,
11226 - MATANG GLUMPANG DUA,GD112260196,PSG069-00,PAYA CUT 4,5.187678,96.788957,50,,,,,
11226 - MATANG GLUMPANG DUA,GD112260031,PSG070-00,SEUNOBOK ACEH,5.181691,96.788606,100,,,,,
11226 - MATANG GLUMPANG DUA,GD112260008,PSG071-00,TERMINAL LAMA,5.196882,96.786773,200,,,,,
11226 - MATANG GLUMPANG DUA,GD112260009,PSG072-00,SP PONDOK RASA,5.196928,96.785937,100,,,,,
11226 - MATANG GLUMPANG DUA,GD112260010,PSG073-00,MEUNASAH DAYAH,5.196953,96.785178,100,,,,,
11226 - MATANG GLUMPANG DUA,GD112260011,PSG074-00,DEPAN MAN,5.19699,96.78372,100,,,,,
11226 - MATANG GLUMPANG DUA,GD112260012,PSG075-00,MATANG SAGOE 1,5.197298,96.781447,100,,,,,
11226 - MATANG GLUMPANG DUA,GD112260016,PSG076-00,JL JANGKA MEUNASAH TIMU,5.19773,96.779662,200,,,,,
11226 - MATANG GLUMPANG DUA,GD112260027,PSG077-00,MATANG MASJID,5.204329,96.780353,100,,,,,
11226 - MATANG GLUMPANG DUA,GD112260014,PSG078-00,MATANG SAGOE 2,5.206591,96.780479,50,,,,,
11226 - MATANG GLUMPANG DUA,GD112260200,PSG079-00,COT PANJO 1,5.208337,96.778763,50,,,,,
11226 - MATANG GLUMPANG DUA,GD112260028,PSG080-00,COT PANJO,5.208781,96.776988,50,,,,,
11226 - MATANG GLUMPANG DUA,GD112260013,PSG081-00,MATANG SAGOE 3,5.198132,96.7776,25,,,,,
11226 - MATANG GLUMPANG DUA,GD112260213,PSG082-00,MATANG SAGOE 4,5.198778,96.774827,50,,,,,
11226 - MATANG GLUMPANG DUA,GD112260015,PSG083-00,PAYA LIPAH,5.199941,96.771338,100,,,,,
11226 - MATANG GLUMPANG DUA,GD112260064,PSG084-00,PAYA LIPAH 2,5.198791,96.769236,50,,,,,
11226 - MATANG GLUMPANG DUA,GD112260065,PSG085-00,IRIGASI PAYA MEUNENG,5.19381,96.763165,50,,,,,
11226 - MATANG GLUMPANG DUA,GD112260060,PSG086-00,PAYA MEUNENG,5.20215,96.766519,100,,,,,
11226 - MATANG GLUMPANG DUA,GD112260061,PSG087-00,GAMPONG BARO,5.203741,96.763536,100,,,,,
11226 - MATANG GLUMPANG DUA,GD112260197,PSG088-00,COT IJU 1,5.207543,96.758496,100,,,,,
11226 - MATANG GLUMPANG DUA,GD112260131,PSG089-00,BABAH KRUENG,5.208407,96.755989,50,,,,,
11226 - MATANG GLUMPANG DUA,GD112260208,PSG090-00,COT IJU 2,5.206922,96.757691,50,,,,,
11226 - MATANG GLUMPANG DUA,GD112260066,PSG091-00,KAMPONG RAMBONG,5.196485,96.757105,100,,,,,
11226 - MATANG GLUMPANG DUA,GD112260068,PSG092-00,TANOH MIRAH,5.195678,96.755396,50,,,,,
11226 - MATANG GLUMPANG DUA,GD112260067,PSG093-00,TANOH MIRAH 2,5.195207,96.75463,50,,,,,
11226 - MATANG GLUMPANG DUA,GD112260218,PSG094-00,TANOH MIRAH 3,5.192789,96.752907,100,,,,,
11226 - MATANG GLUMPANG DUA,GD112260069,PSG095-00,PAYA REUHAT,5.187625,96.745493,25,,,,,
11226 - MATANG GLUMPANG DUA,GD112260070,PSG096-00,UTEUN BUNTA,5.179736,96.743642,50,,,,,
11226 - MATANG GLUMPANG DUA,GD112260172,PSG097-00,SEUNEUBOK RAWA,5.182317,96.756513,50,,,,,
11226 - MATANG GLUMPANG DUA,GD112260071,PSG098-00,ALUE PUNO,5.180687,96.759536,50,,,,,
11226 - MATANG GLUMPANG DUA,GD112260184,PSG099-00,BLANG GELANGGANG 1,5.186062,96.751745,25,,,,,
11226 - MATANG GLUMPANG DUA,GD112260072,PSG100-00,BLANG GEULANGGANG,5.176906,96.751623,25,,,,,
11226 - MATANG GLUMPANG DUA,GD112260073,PSG101-00,ALUE UDEUNG 2,5.170561,96.751574,50,,,,,
11226 - MATANG GLUMPANG DUA,GD112260074,PSG102-00,ALUE UDEUNG 2,5.156711,96.751179,50,,,,,
11226 - MATANG GLUMPANG DUA,GD112260212,PSG103-00,COT IJU 3,5.211172,96.759869,50,,,,,
11226 - MATANG GLUMPANG DUA,GD112260063,PSG104-00,COT KEURANJI,5.208582,96.762596,50,,,,,
11226 - MATANG GLUMPANG DUA,GD112260164,PSG105-00,COT RABO 2,5.22017,96.758884,100,,,,,
11226 - MATANG GLUMPANG DUA,GD112260083,PSG106-00,SIMPANG PULO NALEUNG,5.222217,96.75668,50,,,,,
11226 - MATANG GLUMPANG DUA,GD112260082,PSG107-00,PULO NALEUNG,5.22671,96.751669,50,,,,,
11226 - MATANG GLUMPANG DUA,GD112260084,PSG108-00,ALUE GLUMPANG,5.229904,96.755189,50,,,,,
11226 - MATANG GLUMPANG DUA,GD112260085,PSG109-00,COT PUUK,5.2324,96.755584,100,,,,,
11226 - MATANG GLUMPANG DUA,GD112260075,PSG110-00,COT NGA,5.218568,96.762572,100,,,,,
11226 - MATANG GLUMPANG DUA,GD112260076,PSG111-00,BALE SETUI,5.219459,96.763102,100,,,,,
11226 - MATANG GLUMPANG DUA,GD112260078,PSG112-00,DESA KARIENG,5.220936,96.770987,50,,,,,
11226 - MATANG GLUMPANG DUA,GD112260169,PSG113-00,KARIENG II,5.220301,96.773493,100,,,,,
11226 - MATANG GLUMPANG DUA,GD112260079,PSG114-00,ABEUK JALOH,5.219812,96.777499,100,,,,,
11226 - MATANG GLUMPANG DUA,GD112260178,PSG115-00,PULO BLANG,5.221486,96.777871,50,,,,,
11226 - MATANG GLUMPANG DUA,GD112260080,PSG116-00,KRUENG DHEU,5.217233,96.779265,50,,,,,
11226 - MATANG GLUMPANG DUA,GD112260081,PSG117-00,KAMPONG PUTOH,5.216352,96.782058,50,,,,,
11226 - MATANG GLUMPANG DUA,GD112260023,PSG118-00,SP HAJI DAUD,5.215463,96.786359,50,,,,,
11226 - MATANG GLUMPANG DUA,GD112260209,PSG119-00,GP. PUTOH 3,5.214203,96.789616,50,,,,,
11226 - MATANG GLUMPANG DUA,GD112260077,PSG120-00,COT RABO TUNONG,5.224447,96.765836,100,,,,,
11226 - MATANG GLUMPANG DUA,GD112260168,PSG121-00,COT RABO BAROH,5.231958,96.75797,50,,,,,
11226 - MATANG GLUMPANG DUA,GD112260215,PSG122-00,COT RABO BAROH 2,5.229311,96.764841,50,,,,,
11226 - MATANG GLUMPANG DUA,GD112260254,PSG123-00,PAYA LIPAH 3,5.19402,96.770033,250,,,,,
11226 - MATANG GLUMPANG DUA,GD112260255,PSG124-00,PANTE PIYEU 2,5.211931,96.794701,100,,,,,
11226 - MATANG GLUMPANG DUA,GD112260256,PSG125-00,BLANG PANJO 2,5.18507,96.805064,100,,,,,
11226 - MATANG GLUMPANG DUA,GD112260189,PSG126-00,COT RABO BAROH 3,5.228402,96.762807,100,,,,,
11226 - MATANG GLUMPANG DUA,GD112260257,PSG127-00,BABAH KRUENG 2,5.213336,96.795306,250,,,,,
11226 - MATANG GLUMPANG DUA,GD112260238,PSG128-00,MATA MAMPLAM,5.228559,96.753389,100,,,,,
11226 - MATANG GLUMPANG DUA,GD112260245,PSG129-00,UMULQURA PAYA MEUNENG,5.19848,96.766288,50,,,,,
11226 - MATANG GLUMPANG DUA,GD112260246,PSG130-00,KAMPUS TIMUR AL MUSLIM 3,5.193061,96.790582,50,,,,,
11226 - MATANG GLUMPANG DUA,GD112260247,PSG131-00,Pulo Naleung,5.229698,96.7483,50,,,,,
11226 - MATANG GLUMPANG DUA,GD112260250,PSG132-00,DESA KARIENG,5.221954,96.767794,50,,,,,
11226 - MATANG GLUMPANG DUA,GD112260252,PSG133-00,Jl. Almuslim / Alfamidi,5.194546,96.78777,50,,,,,
11226 - MATANG GLUMPANG DUA,GD112260272,PSG134-00,ALFAMART MTG GLP DUA,5.196974,96.784089,50,,,,,
11226 - MATANG GLUMPANG DUA,GD112260171,PSS001-00,LUENG BARO,5.175794,96.791087,50,,,,,
11226 - MATANG GLUMPANG DUA,GD112260032,PSS002-00,LUENG BARO 2,5.174011,96.786298,50,,,,,
11226 - MATANG GLUMPANG DUA,GD112260033,PSS003-00,KEUDE HASAN,5.17338,96.791822,100,,,,,
11226 - MATANG GLUMPANG DUA,GD112260034,PSS004-00,BLANG CUT,5.165236,96.788343,50,,,,,
11226 - MATANG GLUMPANG DUA,GD112260226,PSS005-00,MATA IE 1,5.167492,96.782735,50,,,,,
11226 - MATANG GLUMPANG DUA,GD112260035,PSS006-00,MATA IE 2,5.164536,96.781182,50,,,,,
11226 - MATANG GLUMPANG DUA,GD112260037,PSS007-00,UTEUN RAYA,5.160168,96.779886,50,,,,,
11226 - MATANG GLUMPANG DUA,GD112260237,PSS008-00,UTEUN RAYA 2,5.16102,96.774622,50,,,,,
11226 - MATANG GLUMPANG DUA,GD112260039,PSS009-00,UTEUN GATHOM,5.154656,96.77777,50,,,,,
11226 - MATANG GLUMPANG DUA,GD112260044,PSS010-00,MEE RAYEUK  ,5.153278,96.77197,50,,,,,
11226 - MATANG GLUMPANG DUA,GD112260043,PSS011-00,MEE RAYEUK 2,5.15391,96.769376,50,,,,,
11226 - MATANG GLUMPANG DUA,GD112260204,PSS012-00,UTEUN GATHOM 2,5.148153,96.779916,50,,,,,
11226 - MATANG GLUMPANG DUA,GD112260046,PSS013-00,TEUPIN REUDEUP 1,5.145076,96.785768,50,,,,,
11226 - MATANG GLUMPANG DUA,GD112260045,PSS014-00,TEUPIN REUDEUP 2,5.150895,96.788172,100,,,,,
11226 - MATANG GLUMPANG DUA,GD112260047,PSS015-00,POMPANISASI TEUPIN REUDEUP,5.144917,96.786071,50,,,,,
11226 - MATANG GLUMPANG DUA,GD112260194,PSS016-00,UTEUN GATHOM 3,5.147701,96.776464,100,,,,,
11226 - MATANG GLUMPANG DUA,GD112260041,PSS017-00,GEULANGGANG LABU,5.142438,96.774472,50,,,,,
11226 - MATANG GLUMPANG DUA,GD112260036,PSS018-00,GEULANGGANG LABU,5.142005,96.774324,25,,,,,
11226 - MATANG GLUMPANG DUA,GD112260232,PSS019-00,GEULANGGANG LABU 3,5.138435,96.772617,50,,,,,
11226 - MATANG GLUMPANG DUA,GD112260042,PSS020-00,ULEE JALAN,5.134305,96.768943,50,,,,,
11226 - MATANG GLUMPANG DUA,GD112260049,PSS021-00,PULO PANYANG  ,5.132524,96.760275,25,,,,,
11226 - MATANG GLUMPANG DUA,GD112260048,PSS022-00,PULO PANYANG 2,5.130102,96.7563,100,,,,,
11226 - MATANG GLUMPANG DUA,GD112260052,PSS023-00,DARUL AMAN 1,5.12676,96.761372,50,,,,,
11226 - MATANG GLUMPANG DUA,GD112260051,PSS024-00,DARUL AMAN 2,5.12209,96.760291,50,,,,,
11226 - MATANG GLUMPANG DUA,GD112260050,PSS025-00,DARUL AMAN 3,5.119535,96.749014,50,,,,,
11226 - MATANG GLUMPANG DUA,GD112260216,PSS026-00,DARUL AMAN 4,5.118777,96.754077,50,,,,,
11226 - MATANG GLUMPANG DUA,GD112260225,PSS027-00,DARUL AMAN 5,5.118771,96.760064,50,,,,,
11226 - MATANG GLUMPANG DUA,GD112260053,PSS028-00,TANJONG BEURIDI 1,5.115574,96.766053,50,,,,,
11226 - MATANG GLUMPANG DUA,GD112260054,PSS029-00,TANJONG BEURIDI 2,5.107498,96.766354,100,,,,,
11226 - MATANG GLUMPANG DUA,GD112260207,PSS030-00,TANJONG BEURIDI 3,5.112274,96.767716,50,,,,,
11226 - MATANG GLUMPANG DUA,GD112260057,PSS031-00,DARUSSALAM,5.103963,96.768416,50,,,,,
11226 - MATANG GLUMPANG DUA,GD112260201,PSS032-00,DARUSSALAM 2,5.093346,96.77525,50,,,,,
11226 - MATANG GLUMPANG DUA,GD112260058,PSS033-00,PULO HARAPAN,5.091733,96.781589,50,,,,,
11226 - MATANG GLUMPANG DUA,GD112260206,PSS034-00,TANJONG BEURIDI 4,5.10363,96.765043,100,,,,,
11226 - MATANG GLUMPANG DUA,GD112260040,PSS035-00,PDAM TANJONG BEURIDI,5.099214,96.763993,100,,,,,
11226 - MATANG GLUMPANG DUA,GD112260055,PSS036-00,BLANG MANE,5.093614,96.762219,50,,,,,
11226 - MATANG GLUMPANG DUA,GD112260056,PSS037-00,BLANG LEPU,5.08719,96.752615,25,,,,,
11226 - MATANG GLUMPANG DUA,GD112260253,PSS038-00,BALE MEUTUI,5.119668,96.747869,100,,,,,
11226 - MATANG GLUMPANG DUA,GD112260038,PSS039-00,CEUBREK,5.157581,96.792531,100,,,,,
11226 - MATANG GLUMPANG DUA,GD112260249,PSS040-00,CEUBREK,5.154559,96.789917,50,,,,,
11227 - SAMALANGA,GD112270148,JNB001-00,PLN JEUNIEB,5.191204,96.49358,100,,,,,
11227 - SAMALANGA,GD112270121,JNB002-00,SP MTB,5.187325,96.50352,160,,,,,
11227 - SAMALANGA,GD112270115,JNB003-00,SP NALAN,5.185288,96.512154,100,,,,,
11227 - SAMALANGA,GD112270154,JNB004-00,COT GLUMPANG BARO,5.189839,96.484647,50,,,,,
11227 - SAMALANGA,GD112270149,JNB005-00,JANGGOT SEUNGKO,5.188293,96.491831,100,,,,,
11227 - SAMALANGA,GD112270161,JNB006-00,MNS KEUTAPANG,5.179141,96.489367,50,,,,,
11227 - SAMALANGA,GD112270162,JNB007-00,MNS DAYAH ,5.170488,96.487956,50,,,,,
11227 - SAMALANGA,GD112270163,JNB008-00,MNS TAMBO,5.171761,96.491226,50,,,,,
11227 - SAMALANGA,GD112270164,JNB009-00,MNS TUNONG ,5.158439,96.483663,100,,,,,
11227 - SAMALANGA,GD112270166,JNB010-00,LHEU SIMPANG-II,5.158008,96.479937,100,,,,,
11227 - SAMALANGA,GD112270167,JNB011-00,BLANG POROH,5.140682,96.487663,100,,,,,
11227 - SAMALANGA,GD112270119,JNB012-00,BLANG MEE TIMU-II,5.189794,96.506446,50,,,,,
11227 - SAMALANGA,GD112270117,JNB013-00,TEUPIN KUPULA,5.189535,96.510929,100,,,,,
11227 - SAMALANGA,GD112270133,JNB014-00,LAMPOH UE,5.173462,96.507956,50,,,,,
11227 - SAMALANGA,GD112270135,JNB015-00,TUFAH-I,5.167105,96.517585,50,,,,,
11227 - SAMALANGA,GD112270138,JNB016-00,LHOK KULAM,5.150153,96.518073,50,,,,,
11227 - SAMALANGA,GD112270139,JNB017-00,UTEUN PULAPEH,5.15365,96.506767,50,,,,,
11227 - SAMALANGA,GD112270140,JNB018-00,ALUE STUI,5.14749,96.503709,25,,,,,
11227 - SAMALANGA,GD112270147,JNB019-00,MTG NIBONG,5.191281,96.492308,100,,,,,
11227 - SAMALANGA,GD112270144,JNB020-00,BLANG LANCANG ,5.193945,96.49506,100,,,,,
11227 - SAMALANGA,GD112270143,JNB021-00,KEUDE JEUNIEB,5.188908,96.495114,100,,,,,
11227 - SAMALANGA,GD112270137,JNB022-00,SAMPO AJAD,5.156594,96.519314,50,,,,,
11227 - SAMALANGA,GD112270142,JNB024-00,PAYA BILI,5.133443,96.505228,25,,,,,
11227 - SAMALANGA,GD112270145,JNB025-00,LANCANG,5.197288,96.495013,25,,,,,
11227 - SAMALANGA,GD112270165,JNB026-00,LHEU SIMPANG,5.157876,96.480645,50,,,,,
11227 - SAMALANGA,GD112270153,JNB027-00,BLANG MEE BARAT,5.189025,96.487253,100,,,,,
11227 - SAMALANGA,GD112270152,JNB028-00,SMK,5.191833,96.488164,25,,,,,
11227 - SAMALANGA,GD112270263,JNB029-00,TSEL MNS TAMBO,5.17655,96.490568,25,,,,,
11227 - SAMALANGA,GD112270151,JNB030-00,DAYAH BABUSSALAM,5.189579,96.490221,50,,,,,
11227 - SAMALANGA,GD112270116,JNB031-00,TEUPIN KUPULA,5.151916,96.512009,50,,,,,
11227 - SAMALANGA,GD112270150,JNB032-00,JANGGOT SEUNGKO-II,5.185655,96.490365,100,,,,,
11227 - SAMALANGA,GD112270259,JNB033-00,TSEL TANJONG BUNGONG,5.1826,96.511746,25,,,,,
11227 - SAMALANGA,GD112270122,JNB034-00,SPBU BLANG MEE TIMU,5.187911,96.500812,100,,,,,
11227 - SAMALANGA,GD112270136,JNB035-00,SAMPO AJAD SISIP,5.159744,96.519552,50,,,,,
11227 - SAMALANGA,GD112270146,JNB036-00,LANCANG SISIP,5.198533,96.495181,100,,,,,
11227 - SAMALANGA,GD112270120,JNB037-00,NLANG MEE TIMU-IV,5.191617,96.506304,100,,,,,
11227 - SAMALANGA,GD112270118,JNB038-00,TEUPIN KUPULA-II,5.174486,96.502715,50,,,,,
11227 - SAMALANGA,GD112270134,JNB039-00,LUENG TEUNGEOH,5.190968,96.515428,50,,,,,
11227 - SAMALANGA,GD112270175,JNB040-00,MNS KUPULA,5.165611,96.488664,50,,,,,
11227 - SAMALANGA,GD112270176,JNB041-00,PULO RANGKILEH,5.166322,96.511779,50,,,,,
11227 - SAMALANGA,GD112270177,JNB042-00,MNS KOTA ,5.190272,96.494001,100,,,,,
11227 - SAMALANGA,GD112270178,JNB043-00,DS ALUE,5.154922,96.488741,50,,,,,
11227 - SAMALANGA,GD112270179,JNB044-00,MATANG TEUNGOH,5.195279,96.490748,100,,,,,
11227 - SAMALANGA,GD112270180,JNB045-00,MATANG BANGKA,5.199596,96.492592,50,,,,,
11227 - SAMALANGA,GD112270181,JNB046-00,LHOK KULAM,5.147028,96.518704,50,,,,,
11227 - SAMALANGA,GD112270254,JNB047-00,KEUDE JEUNIB,5.189523,96.491516,50,,,,,
11227 - SAMALANGA,GD112270258,JNB049-00,TANJONG BUNGONG,5.182434,96.511764,50,,,,,
11227 - SAMALANGA,GD112270243,JNB050-00,TUFAH,5.173731,96.514093,50,,,,,
11227 - SAMALANGA,GD112270264,JNB051-00,TEUPIN KUPULA,5.19225,96.510816,50,,,,,
11227 - SAMALANGA,GD112270229,JNB052-00,ULEE RABO,5.18453,96.498634,50,,,,,
11227 - SAMALANGA,GD112270265,JNB053-00,LANCANG,5.196288,96.503738,50,,,,,
11227 - SAMALANGA,GD112270233,JNB054-00,MNS KOTA II,5.188698,96.496489,100,,,,,
11227 - SAMALANGA,GD112270246,JNB055-00,MNS LUENG,5.154837,96.485821,50,,,,,
11227 - SAMALANGA,GD112270212,JNB056-00,JANGGOT SEUNGKO II,5.180898,96.489101,50,,,,,
11227 - SAMALANGA,GD112270266,JNB057-00,KOMPLEK BABUSSALAM,5.190647,96.490062,100,,,,,
11227 - SAMALANGA,GD112270297,JNB058-00,ULEE RABO II,5.187236,96.499275,50,,,,,
11227 - SAMALANGA,GD112270312,JNB059-00,MNS DAYAH SISIP,5.170062,96.487773,100,,,,,
11227 - SAMALANGA,GD112270302,JNB060-00,MNS BLANG (ABIYA),5.194859,96.495254,100,,,,,
11227 - SAMALANGA,GD112270306,JNB061-00,ALFAMIDI KOTA,5.188531,96.497365,50,,,,,
11227 - SAMALANGA,GD112270319,JNB062-00,Alfamart Jeunib,5.188378,96.498279,50,,,,,
11227 - SAMALANGA,GD112270323,JNB064-00,Dayah Babussalam Jeunieb,5.188751,96.490562,100,,,,,
11227 - SAMALANGA,GD112270324,JNB065-00,Keude Jeunieb,5.18955,96.493879,100,,,,,
,,JNB066-00,,5.190848,96.496636,,,,,,
11227 - SAMALANGA,GD112270322,JNB084-00,Alue Setuy,,,,,,,,
11227 - SAMALANGA,GD112270113,PBG001-00,SNB PLIMBANG,5.187437,96.523089,50,,,,,
11227 - SAMALANGA,GD112270111,PBG002-00,KEUDE PLIMBANG,5.187157,96.527657,200,,,,,
11227 - SAMALANGA,GD112270109,PBG003-00,SP PANAH,5.189798,96.537706,50,,,,,
11227 - SAMALANGA,GD112270108,PBG004-00,SP PUUK,5.194739,96.544765,100,,,,,
11227 - SAMALANGA,GD112270107,PBG005-00,PADANG KASAB,5.199904,96.55538,50,,,,,
11227 - SAMALANGA,GD112270130,PBG006-00,TEUPIN PANAH,5.163568,96.529389,100,,,,,
11227 - SAMALANGA,GD112270126,PBG007-00,JAMBO DALAM,5.167345,96.544039,50,,,,,
11227 - SAMALANGA,GD112270124,PBG008-00,SEUNEUBOK SEUMAWE,5.19386,96.537654,160,,,,,
11227 - SAMALANGA,GD112270123,PBG009-00,BLANG BRURU-I,5.190764,96.557588,50,,,,,
11227 - SAMALANGA,GD112270105,PBG011-00,BUGENG,5.200294,96.56437,50,,,,,
11227 - SAMALANGA,GD112270129,PBG012-00,UTEUN SIKUMBONG,5.173427,96.529218,100,,,,,
11227 - SAMALANGA,GD112270106,PBG014-00,T-SEL BUGENG,5.199851,96.557324,25,,,,,
11227 - SAMALANGA,GD112270141,PBG015-00,GARAP,5.136603,96.519852,25,,,,,
11227 - SAMALANGA,GD112270127,PBG016-00,RAMBONG PAYONG,5.185763,96.528055,50,,,,,
11227 - SAMALANGA,GD112270112,PBG017-00,SNB PLIMBANG-II,5.19146,96.524289,50,,,,,
11227 - SAMALANGA,GD112270128,PBG018-00,T-SEL UTEUN,5.173055,96.529193,25,,,,,
11227 - SAMALANGA,GD112270114,PBG019-00,KRUENG BARO,5.186204,96.518881,50,,,,,
11227 - SAMALANGA,GD112270110,PBG020-00,COT GLUMPANG,5.186311,96.539047,50,,,,,
11227 - SAMALANGA,GD112270104,PBG021-00,BUGENG SISIP,5.199955,96.566634,50,,,,,
11227 - SAMALANGA,GD112270125,PBG022-00,SEUNEUBOK SEUMAWE-II,5.196481,96.536362,50,,,,,
11227 - SAMALANGA,GD112270183,PBG023-00,PADANG KASAB 2,5.196413,96.549822,50,,,,,
11227 - SAMALANGA,GD112270182,PBG024-00,SNB TEUNGOH,5.187604,96.531912,50,,,,,
11227 - SAMALANGA,GD112270267,PBG025-00,SEUNEUBOK ACEH,5.175962,96.528575,50,,,,,
11227 - SAMALANGA,GD112270241,PBG026-00,SEUNEUNOK PLIMBANG,5.18748,96.525048,100,,,,,
11227 - SAMALANGA,GD112270225,PBG027-00,JAMBOE DALAM,5.172931,96.54473,50,,,,,
11227 - SAMALANGA,GD112270228,PBG028-00,BUGENG,5.199944,96.559211,50,,,,,
11227 - SAMALANGA,GD112270221,PBG029-00,SEUNEUBOK PUNTI,5.167082,96.529169,50,,,,,
11227 - SAMALANGA,GD112270268,PBG030-00,KILANG PADI SP. PANAH,5.189368,96.537829,250,,,,,
11227 - SAMALANGA,GD112270219,PBG031-00,BALEE DAKA,5.150454,96.526267,50,,,,,
11227 - SAMALANGA,GD112270269,PBG032-00,SEUNEUBOK NALAN,5.184889,96.515703,200,,,,,
11227 - SAMALANGA,GD112270270,PBG033-00,UTEUN SIKUMBONG,5.170743,96.529121,50,,,,,
11227 - SAMALANGA,GD112270271,PBG034-00,TEUPIN PANAH,5.158631,96.529301,50,,,,,
11227 - SAMALANGA,GD112270218,PBG035-00,BLANG PAYA,5.12071,96.54284,50,,,,,
11227 - SAMALANGA,GD112270294,PBG036-00,BLANG BEURURU II,5.186433,96.559008,50,,,,,
11227 - SAMALANGA,GD112270305,PBG037-00,MATANG KULEE,5.121564,96.54969,50,,,,,
11227 - SAMALANGA,GD112270156,PDR001-00,KEUDE PANDRAH,5.186547,96.473056,100,,,,,
11227 - SAMALANGA,GD112270158,PDR002-00,SP SMA BATANG,5.185142,96.463381,100,,,,,
11227 - SAMALANGA,GD112270083,PDR003-00,BATALIOM KOMPI,5.187263,96.44799,100,,,,,
11227 - SAMALANGA,GD112270169,PDR004-00,BANTAYAN,5.172197,96.461442,100,,,,,
11227 - SAMALANGA,GD112270171,PDR005-00,GAMPONG BLANG ,5.169977,96.470309,100,,,,,
11227 - SAMALANGA,GD112270173,PDR006-00,BLANG SAMA GADENG,5.156175,96.459476,50,,,,,
11227 - SAMALANGA,GD112270174,PDR007-00,PDAM,5.149971,96.455044,50,,,,,
11227 - SAMALANGA,GD112270157,PDR008-00,T-SEL PANDRAH,5.185028,96.463831,25,,,,,
11227 - SAMALANGA,GD112270102,PDR009-00,NASEE ME,5.195193,96.471623,50,,,,,
11227 - SAMALANGA,GD112270155,PDR010-00,LANCOK ULIM,5.189281,96.480587,50,,,,,
11227 - SAMALANGA,GD112270168,PDR011-00,MNS TEUNGEOH,5.176968,96.462824,25,,,,,
11227 - SAMALANGA,GD112270159,PDR012-00,UPTB PANDRAH,5.187995,96.453306,100,,,,,
11227 - SAMALANGA,GD112270103,PDR013-00,NASEE ME,5.195815,96.477723,50,,,,,
11227 - SAMALANGA,GD112270170,PDR014-00,PANDRAH JANENG,5.176131,96.469835,50,,,,,
11227 - SAMALANGA,GD112270172,PDR015-00,GAROT,5.168471,96.474806,50,,,,,
11227 - SAMALANGA,GD112270160,PDR016-00,PT BAS (TRAFO PELANGGAN),5.191948,96.45347,630,,,,,
11227 - SAMALANGA,GD112270217,PDR017-00,COT LUBENG,5.170137,96.457646,50,,,,,
11227 - SAMALANGA,GD112270260,PDR018-00,UTEUN KRUET,5.198013,96.466323,50,,,,,
11227 - SAMALANGA,GD112270234,PDR019-00,COT BATEE GEULUNGKU,5.185384,96.459602,50,,,,,
11227 - SAMALANGA,GD112270261,PDR020-00,COT LUBENG,5.184958,96.470224,50,,,,,
11227 - SAMALANGA,GD112270215,PDR021-00,KUTA RUSEP,5.166635,96.466977,50,,,,,
11227 - SAMALANGA,GD112270239,PDR022-00,PANTON,5.17892,96.4762,50,,,,,
11227 - SAMALANGA,GD112270244,PDR023-00,LANCOK ULIM II,5.187227,96.477025,50,,,,,
11227 - SAMALANGA,GD112270256,PDR024-00,BLANG SAMAGADENG,5.159799,96.460688,50,,,,,
11227 - SAMALANGA,GD112270262,PDR025-00,PDAM BLANG SAMAGADENG,5.149961,96.45503,100,,,,,
11227 - SAMALANGA,GD112270304,PDR026-00,PANDRAH JANENG,5.182734,96.469909,,,,,,
11227 - SAMALANGA,GD112270279,SML001-00,KOMP. PLN,5.194976,96.366703,50,,,,,
11227 - SAMALANGA,GD112270001,SML002-00,NAMPLOH BARO,5.202807,96.368061,200,,,,,
11227 - SAMALANGA,GD112270003,SML003-00,TELKOM SAMALANGA,5.20571,96.368444,100,,,,,
11227 - SAMALANGA,GD112270008,SML004-00,KOTA SAMALANGA,5.20692,96.367165,160,,,,,
11227 - SAMALANGA,GD112270013,SML005-00,PINEUNG SIRIBE,5.213521,96.359924,100,,,,,
11227 - SAMALANGA,GD112270016,SML006-00,SMP TANJUNGAN,5.215095,96.345634,100,,,,,
11227 - SAMALANGA,GD112270019,SML007-00,TANJING BAROH,5.219175,96.354539,100,,,,,
11227 - SAMALANGA,GD112270022,SML008-00,NAMPLOH KRUENG,5.200537,96.3598,100,,,,,
11227 - SAMALANGA,GD112270024,SML009-00,ULE JEUMATAN,5.191079,96.353827,100,,,,,
11227 - SAMALANGA,GD112270026,SML010-00,PALOH,5.185566,96.347377,50,,,,,
11227 - SAMALANGA,GD112270055,SML011-00,SIMPANG MATANG,5.188484,96.364671,160,,,,,
11227 - SAMALANGA,GD112270057,SML012-00,COT SIREN,5.175946,96.35815,100,,,,,
11227 - SAMALANGA,GD112270059,SML013-00,COT MANEE,5.179016,96.371296,50,,,,,
11227 - SAMALANGA,GD112270062,SML014-00,MESJID BAROE,5.181801,96.352601,50,,,,,
11227 - SAMALANGA,GD112270064,SML015-00,BATEE ILIEK,5.169205,96.341074,100,,,,,
11227 - SAMALANGA,GD112270065,SML016-00,PDAM,5.166698,96.341076,100,,,,,
11227 - SAMALANGA,GD112270069,SML017-00,KP. MEULUM,5.182465,96.339035,100,,,,,
11227 - SAMALANGA,GD112270070,SML018-00,GEULMPANG BUNGKOK,5.192155,96.344191,50,,,,,
11227 - SAMALANGA,GD112270027,SML019-00,MUDI MESRA I,5.20198,96.353795,160,,,,,
11227 - SAMALANGA,GD112270012,SML021-00,KAMPONG BAROE,5.208759,96.365484,100,,,,,
11227 - SAMALANGA,GD112270014,SML023-00,MATANG TENGEUH,5.211229,96.350508,50,,,,,
11227 - SAMALANGA,GD112270010,SML024-00,PANTHE RHENG,5.209913,96.3672,50,,,,,
11227 - SAMALANGA,GD112270061,SML025-00,MATANG WAKEUH,5.18282,96.357672,50,,,,,
11227 - SAMALANGA,GD112270028,SML027-00,MUDI MESRA II,5.201961,96.353898,100,,,,,
11227 - SAMALANGA,GD112270007,SML028-00,TERMINAL,5.205852,96.369851,50,,,,,
11227 - SAMALANGA,GD112270206,SML029-00,MIDEUN JOK,5.200752,96.351899,50,,,,,
11227 - SAMALANGA,GD112270191,SML030-00,MNS GLUMPANG,5.187027,96.366133,25,,,,,
11227 - SAMALANGA,GD112270002,SML031-00,SIMPANG MEULIK,5.204219,96.368249,50,,,,,
11227 - SAMALANGA,GD112270056,SML032-00,MEUNASAH HUENG,5.184535,96.363103,50,,,,,
11227 - SAMALANGA,GD112270063,SML033-00,PULO BAROH,5.17445,96.345907,50,,,,,
11227 - SAMALANGA,GD112270066,SML034-00,DAYAH BATEE ILIEK,5.165778,96.342007,50,,,,,
11227 - SAMALANGA,GD112270067,SML035-00,MEURAH,5.167227,96.33908,50,,,,,
11227 - SAMALANGA,GD112270009,SML036-00,MESJID KOTA SAMALANGA,5.208702,96.367139,100,,,,,
11227 - SAMALANGA,GD112270023,SML037-00,MEUNASAH PAPEUN,5.198337,96.356903,50,,,,,
11227 - SAMALANGA,GD112270031,SML038-00,KANDANG,5.2068,96.358372,100,,,,,
11227 - SAMALANGA,GD112270071,SML039-00,LUENG KEUBU,5.196006,96.346944,50,,,,,
11227 - SAMALANGA,GD112270197,SML041-00,IE YADARA,5.168427,96.339156,100,,,,,
11227 - SAMALANGA,GD112270020,SML042-00,ANGKING,5.221702,96.349963,100,,,,,
11227 - SAMALANGA,GD112270030,SML043-00,TELKOMSEL MIDEUN,5.203135,96.355465,25,,,,,
11227 - SAMALANGA,GD112270025,SML044-00,LANCOK,5.187691,96.35307,50,,,,,
11227 - SAMALANGA,GD112270068,SML045-00,COT MEURAK,5.179705,96.338195,50,,,,,
11227 - SAMALANGA,GD112270018,SML046-00,TANJUNGAN IDEM,5.214891,96.352089,50,,,,,
11227 - SAMALANGA,GD112270011,SML047-00,KUALA PANTHE RHENG,5.2137,96.368547,100,,,,,
11227 - SAMALANGA,GD112270029,SML048-00,MUDI MESRA III,5.2011,96.352935,250,,,,,
11227 - SAMALANGA,GD112270005,SML049-00,SANGSO,5.208401,96.36853,50,,,,,
11227 - SAMALANGA,GD112270201,SML050-00,SANGSO II,5.206931,96.371739,50,,,,,
11227 - SAMALANGA,GD112270021,SML051-00,LINCAH,5.217891,96.347714,50,,,,,
11227 - SAMALANGA,GD112270058,SML052-00,ALUE,5.17606,96.365115,50,,,,,
11227 - SAMALANGA,GD112270015,SML053-00,KILANG PADI,5.179234,96.348657,50,,,,,
11227 - SAMALANGA,GD112270193,SML054-00,GP PUTOH,5.202806,96.354319,50,,,,,
11227 - SAMALANGA,GD112270194,SML055-00,ARONGAN,5.214349,96.347245,400,,,,,
11227 - SAMALANGA,GD112270195,SML056-00,TANJUNGAN BARU,5.2165,96.352995,100,,,,,
11227 - SAMALANGA,GD112270203,SML057-00,GAMPONG BAROH II,5.210778,96.364878,100,,,,,
11227 - SAMALANGA,GD112270280,SML058-00,MATANG WAKEUH,5.184608,96.359472,50,,,,,
11227 - SAMALANGA,GD112270245,SML059-00,PULO BAROH,5.172897,96.344212,50,,,,,
11227 - SAMALANGA,GD112270281,SML060-00,MEURAH,5.168914,96.336246,50,,,,,
11227 - SAMALANGA,GD112270282,SML061-00,COT MEURAK,5.17301,96.339542,50,,,,,
11227 - SAMALANGA,GD112270220,SML062-00,GAMPONG PUTOH,5.204677,96.356201,50,,,,,
11227 - SAMALANGA,GD112270214,SML063-00,NAMPLOH BAROH,5.200969,96.365705,50,,,,,
11227 - SAMALANGA,GD112270283,SML064-00,MNS HUENG,5.180972,96.360176,50,,,,,
11227 - SAMALANGA,GD112270284,SML065-00,MEURAH,5.166508,96.33948,100,,,,,
11227 - SAMALANGA,GD112270285,SML066-00,KOMPLEK BBI,5.173848,96.348635,,,,,,
11227 - SAMALANGA,GD112270227,SML067-00,KP MEULUM,5.188151,96.341539,50,,,,,
11227 - SAMALANGA,GD112270199,SML068-00,TANJUNGAN,5.215523,96.344444,50,,,,,
11227 - SAMALANGA,GD112270286,SML069-00,ANGKING,5.223511,96.348319,100,,,,,
11227 - SAMALANGA,GD112270248,SML070-00,MEULIK,5.20205,96.373107,50,,,,,
11227 - SAMALANGA,GD112270287,SML071-00,PUUK,5.220765,96.344121,50,,,,,
11227 - SAMALANGA,GD112270205,SML072-00,SPBU SLG,5.197213,96.367259,50,,,,,
11227 - SAMALANGA,GD112270288,SML073-00,PDAM LHOM PEUDENG,5.151897,96.3449,100,,,,,
11227 - SAMALANGA,GD112270289,SML074-00,MEURAH II,5.157536,96.342446,50,,,,,
11227 - SAMALANGA,GD112270255,SML075-00,MIDEUN GEUDONG,5.1982,96.34933,50,,,,,
11227 - SAMALANGA,GD112270290,SML076-00,MUDI MESRA IV,5.201074,96.352906,250,,,,,
11227 - SAMALANGA,GD112270232,SML077-00,MESJID BARO,5.181522,96.350728,50,,,,,
11227 - SAMALANGA,GD112270291,SML078-00,KP. PUTOH,5.202862,96.355011,50,,,,,
11227 - SAMALANGA,GD112270207,SML079-00,MATANG WAKEUH,5.182606,96.357447,200,,,,,
11227 - SAMALANGA,GD112270313,SML080-00,SISIP DAYAH BATEE ILIEK,5.164228,96.343801,100,,,,,
11227 - SAMALANGA,GD112270296,SML081-00,PUSKESMAS LAMA,5.205809,96.368174,50,,,,,
11227 - SAMALANGA,GD112270295,SML082-00,MNS PAPEUN II,5.199426,96.355538,50,,,,,
11227 - SAMALANGA,GD112270303,SML083-00,MSJID BLANGGARANG,5.201024,96.360767,50,,,,,
11227 - SAMALANGA,GD112270311,SML084-00,SPBU 2 SLG,5.195952,96.367092,50,,,,,
11227 - SAMALANGA,GD112270317,SML085-00,UMMUL AYMAN,5.201014,96.353961,50,,,,,
11227 - SAMALANGA,GD112270318,SML086-00,MUDI 2,5.205857,96.360389,100,,,,,
11227 - SAMALANGA,GD112270316,SML087-00,SISIP MESJID SP MATANG,5.188983,96.364766,100,,,,,
11227 - SAMALANGA,GD112270321,SML088-00,Gp.Putoh,5.205767,96.357182,,,,,,
11227 - SAMALANGA,GD112270072,SMP001-00,CEURUCOK,5.189614,96.378905,50,,,,,
11227 - SAMALANGA,GD112270073,SMP002-00,SP. IERHOB,5.187584,96.390358,50,,,,,
11227 - SAMALANGA,GD112270048,SMP004-00,SP. MAMPLAM,5.191244,96.408032,100,,,,,
11227 - SAMALANGA,GD112270080,SMP005-00,BLANG TAMBUE,5.195039,96.422351,50,,,,,
11227 - SAMALANGA,GD112270084,SMP007-00,PAKU,5.183899,96.435864,50,,,,,
11227 - SAMALANGA,GD112270076,SMP008-00,PULO DRIEN,5.188768,96.403343,50,,,,,
11227 - SAMALANGA,GD112270034,SMP009-00,BALEE,5.194461,96.385431,50,,,,,
11227 - SAMALANGA,GD112270032,SMP010-00,ARONGAN,5.197416,96.378948,50,,,,,
11227 - SAMALANGA,GD112270045,SMP011-00,RHEUM BARAT,5.200301,96.388359,50,,,,,
11227 - SAMALANGA,GD112270043,SMP012-00,BLANG KUTA,5.200649,96.401347,100,,,,,
11227 - SAMALANGA,GD112270040,SMP013-00,BLANG TEUMULIEK I,5.202327,96.411563,50,,,,,
11227 - SAMALANGA,GD112270086,SMP014-00,SP KUALA TAMBUE,5.204582,96.421491,100,,,,,
11227 - SAMALANGA,GD112270085,SMP015-00,SMP TAMBUE,5.200544,96.427042,50,,,,,
11227 - SAMALANGA,GD112270092,SMP016-00,CUREE TUNONG,5.216623,96.440195,100,,,,,
11227 - SAMALANGA,GD112270097,SMP017-00,BLANG PANYANG,5.228155,96.46011,100,,,,,
11227 - SAMALANGA,GD112270099,SMP018-00,CALOK,5.213343,96.478018,50,,,,,
11227 - SAMALANGA,GD112270051,SMP019-00,KRUENG MEUSEGOP,5.165599,96.41213,50,,,,,
11227 - SAMALANGA,GD112270054,SMP020-00,BUKETCEUDAH,5.152714,96.381563,50,,,,,
11227 - SAMALANGA,GD112270052,SMP021-00,BUKET CEURANA,5.154652,96.400825,50,,,,,
11227 - SAMALANGA,GD112270060,SMP022-00,GLE MENDONG,5.176965,96.378382,50,,,,,
11227 - SAMALANGA,GD112270047,SMP023-00,RHEUM BAROH,5.206633,96.391015,100,,,,,
11227 - SAMALANGA,GD112270088,SMP024-00,MEUNASAH ASAN,5.208522,96.430446,50,,,,,
11227 - SAMALANGA,GD112270036,SMP026-00,BLANG MANEE,5.194219,96.401548,50,,,,,
11227 - SAMALANGA,GD112270093,SMP027-00,CUREH BAOH,5.221016,96.446382,50,,,,,
11227 - SAMALANGA,GD112270078,SMP028-00,PULO TAPONG,5.192242,96.414555,50,,,,,
11227 - SAMALANGA,GD112270089,SMP029-00,MEUNASAH ASAN,5.213171,96.43522,50,,,,,
11227 - SAMALANGA,GD112270096,SMP030-00,ULEE KAREUNG,5.225841,96.46632,100,,,,,
11227 - SAMALANGA,GD112270075,SMP031-00,IERHOB,5.179399,96.390146,100,,,,,
11227 - SAMALANGA,GD112270074,SMP032-00,TELKOMSEL IERHOB,5.179679,96.390194,25,,,,,
11227 - SAMALANGA,GD112270035,SMP033-00,BLANG MANEE BARAT,5.193265,96.390656,50,,,,,
11227 - SAMALANGA,GD112270053,SMP034-00,BUKET CEUDAH II,5.151579,96.383982,50,,,,,
11227 - SAMALANGA,GD112270101,SMP035-00,ALUE LEUHOB,5.203287,96.472359,50,,,,,
11227 - SAMALANGA,GD112270079,SMP036-00,PULO IBOH,5.193684,96.418914,50,,,,,
11227 - SAMALANGA,GD112270050,SMP037-00,MEUNASAH DAYAH ,5.178415,96.410868,100,,,,,
11227 - SAMALANGA,GD112270039,SMP038-00,BLANG KUTA,5.201364,96.408038,100,,,,,
11227 - SAMALANGA,GD112270091,SMP039-00,TELKOMSEL CUREETUNONG,5.21635,96.439839,25,,,,,
11227 - SAMALANGA,GD112270044,SMP040-00,RHEUM TIMUE,5.199965,96.396838,25,,,,,
11227 - SAMALANGA,GD112270042,SMP041-00,MESJID BLANG KUTA,5.201121,96.403739,100,,,,,
11227 - SAMALANGA,GD112270049,SMP042-00,MEUNASAH DAYAH II,5.188056,96.408462,50,,,,,
11227 - SAMALANGA,GD112270090,SMP043-00,PEUNELET TUNNG,5.216113,96.439538,50,,,,,
11227 - SAMALANGA,GD112270004,SMP044-00,RHEUM BARAT SISIP,5.202428,96.379172,100,,,,,
11227 - SAMALANGA,GD112270046,SMP045-00,RHEUM BAROH SISIP,5.204079,96.391,100,,,,,
11227 - SAMALANGA,GD112270041,SMP046-00,KRUENG SURIN,5.20323,96.414924,100,,,,,
11227 - SAMALANGA,GD112270033,SMP047-00,ARONGAN SSP,5.196862,96.379879,50,,,,,
11227 - SAMALANGA,GD112270087,SMP048-00,TAMBUE BARAT,5.209122,96.422355,100,,,,,
11227 - SAMALANGA,GD112270098,SMP049-00,SMP CALOK,5.220481,96.473371,50,,,,,
11227 - SAMALANGA,GD112270095,SMP050-00,KUALA CANGKOI,5.231737,96.457698,100,,,,,
11227 - SAMALANGA,GD112270038,SMP051-00,BLANG KUTA II,5.199704,96.402088,50,,,,,
11227 - SAMALANGA,GD112270094,SMP052-00,TEUPIN,5.222493,96.438546,50,,,,,
11227 - SAMALANGA,GD112270100,SMP053-00,CALOK,5.208185,96.482649,50,,,,,
11227 - SAMALANGA,GD112270077,SMP054-00,TELKOMSEL SP MAMPLAM,5.192064,96.435239,50,,,,,
11227 - SAMALANGA,GD112270185,SMP055-00,SP BALEE,5.188461,96.384571,50,,,,,
11227 - SAMALANGA,GD112270184,SMP056-00,COT TRIENG,5.180097,96.402183,50,,,,,
11227 - SAMALANGA,GD112270186,SMP057-00,SP MAMPLAM,5.190124,96.407283,25,,,,,
11227 - SAMALANGA,GD112270187,SMP058-00,PEUNEULET BAROH,5.226616,96.450366,50,,,,,
11227 - SAMALANGA,GD112270188,SMP059-00,BLANG PANYANG,5.223303,96.472403,50,,,,,
11227 - SAMALANGA,GD112270189,SMP060-00,ALUE LEUHOB,5.208389,96.468982,100,,,,,
11227 - SAMALANGA,GD112270192,SMP062-00,ARONGAN,5.198765,96.377197,100,,,,,
11227 - SAMALANGA,GD112270224,SMP063-00,MNS MESJID,5.193862,96.40805,50,,,,,
11227 - SAMALANGA,GD112270226,SMP064-00,IE RHOB GLP,5.187853,96.395432,50,,,,,
11227 - SAMALANGA,GD112270235,SMP065-00,LHOK MANEE,5.21779,96.476234,50,,,,,
11227 - SAMALANGA,GD112270252,SMP066-00,GLEE MEUNDONG II,5.176751,96.374473,,,,,,
11227 - SAMALANGA,GD112270247,SMP067-00,SP MAMPLAM,5.189268,96.405379,50,,,,,
11227 - SAMALANGA,GD112270223,SMP068-00,BLANG TAMBUE,5.19479,96.421293,50,,,,,
11227 - SAMALANGA,GD112270253,SMP069-00,MNS ASAN,5.211734,96.432126,50,,,,,
11227 - SAMALANGA,GD112270222,SMP070-00,KEUDE TAMBUE,5.202494,96.424554,50,,,,,
11227 - SAMALANGA,GD112270240,SMP071-00,ARONGAN,5.194903,96.381856,50,,,,,
11227 - SAMALANGA,GD112270210,SMP072-00,CUREH BAROH,5.218746,96.442983,50,,,,,
11227 - SAMALANGA,GD112270211,SMP073-00,COT BATEE GEULUNGKU,5.191664,96.439331,50,,,,,
11227 - SAMALANGA,GD112270231,SMP074-00,KRUENG MEUSUGOP,5.164783,96.419185,50,,,,,
11227 - SAMALANGA,GD112270230,SMP075-00,KREUNG MEUSUGOP II,5.155605,96.412101,50,,,,,
11227 - SAMALANGA,GD112270251,SMP076-00,COT BATE GLUNGKU III,5.193662,96.431874,200,,,,,
11227 - SAMALANGA,GD112270272,SMP077-00,IE RHOB,5.169768,96.388188,50,,,,,
11227 - SAMALANGA,GD112270273,SMP078-00,LHOK MANEE,5.215076,96.477378,100,,,,,
11227 - SAMALANGA,GD112270236,SMP079-00,RHEUM BAROH II,5.208592,96.403575,100,,,,,
11227 - SAMALANGA,GD112270274,SMP080-00,ALUE LEUHOB III,5.20922,96.467356,50,,,,,
11227 - SAMALANGA,GD112270238,SMP081-00,RHEUM BAROH II,5.207225,96.396749,100,,,,,
11227 - SAMALANGA,GD112270249,SMP082-00,LANCANG BLANG KUTA,5.203178,96.410678,100,,,,,
11227 - SAMALANGA,GD112270242,SMP083-00,TEUPIN II,5.182408,96.389925,50,,,,,
11227 - SAMALANGA,GD112270275,SMP084-00,RHEUM BAROH III,5.20799,96.401141,100,,,,,
11227 - SAMALANGA,GD112270276,SMP085-00,ALUE LEUHOB 4,5.205166,96.474362,50,,,,,
11227 - SAMALANGA,GD112270237,SMP086-00,TEUPIN II,5.219027,96.431466,100,,,,,
11227 - SAMALANGA,GD112270208,SMP087-00,RHEUM BAROH IV,5.207588,96.399397,250,,,,,
11227 - SAMALANGA,GD112270277,SMP088-00,RHEUM BAROH,5.208497,96.40323,50,,,,,
11227 - SAMALANGA,GD112270278,SMP089-00,SIMPANG TAMBUE,5.195484,96.425914,100,,,,,
11227 - SAMALANGA,GD112270292,SMP090-00,SISIP RHEUM BARAT,5.206508,96.387644,100,,,,,
11227 - SAMALANGA,GD112270314,SMP091-00,KILANG PADI IE RHOB BARAT,5.174477,96.391469,100,,,,,
11227 - SAMALANGA,GD112270300,SMP092-00,OKSIGEN BLANG TAMBUE,5.195802,96.436384,50,,,,,
11227 - SAMALANGA,GD112270298,SMP093-00,KILANG PADI SAUDARA CEURUCOK,5.194337,96.381326,160,,,,,
11227 - SAMALANGA,GD112270299,SMP094-00,PEUNELET TUNONG II,5.203598,96.442159,100,,,,,
11227 - SAMALANGA,GD112270315,SMP095-00,SPBU CEURUCOK,5.182835,96.429146,50,,,,,
,,SMP097-00,,5.19336,96.408819,,,,,,
11228 - GANDAPURA,GD112280094,MKM031-00,COT KRUET II,5.183556,96.876631,100,,,,,
11228 - GANDAPURA,GD112280109,MKM032-00,BLANG MANE,5.153078,96.857186,50,,,,,
11228 - GANDAPURA,GD112280235,MKM033-00,BATE DABAI,5.1185,96.859523,25,,,,,
11228 - GANDAPURA,GD112280295,MKM034-00,ULE GLEE,5.155814,96.863756,50,,,,,
11228 - GANDAPURA,GD112280296,MKM035-00,BLANG DALAM II,5.132742,96.868569,,,,,,
11228 - GANDAPURA,GD112280364,MKM036-00,PAUD LEUBU COT,5.20915,96.872129,50,,,,,
,,MKM037-00,,5.144405,96.843494,,,,,,
,,MKM038-00,,5.129509,96.846736,,,,,,
11221 - KRUENGGEUKUEH,GD112210194,MRS001-00,DPN. PT. IMA MONTAZ (MOUNT AQUA),5.23045,97.03972,160,,,,,
11221 - KRUENGGEUKUEH,GD112210003,MRS002-00,DS.BLANG NALEUNG MAMEH ,5.227154,97.040428,160,,,,,
11221 - KRUENGGEUKUEH,GD112210005,MRS003-00,DS.BATUPHAT BARAT,5.224876,97.043985,250,,,,,
11221 - KRUENGGEUKUEH,GD112210007,MRS004-00,DPN. TOM INTEL,5.22292,97.048126,250,,,,,
11221 - KRUENGGEUKUEH,GD112210008,MRS005-00,JLN.B.ACEH-MEDAN SIMP.RANCONG,5.220648,97.049832,100,,,,,
11221 - KRUENGGEUKUEH,GD112210015,MRS006-00,DPN.PASAR BATUPHAT,5.217973,97.054847,200,,,,,
11221 - KRUENGGEUKUEH,GD112210017,MRS007-00,DPN.MESJID BATUPHAT,5.217813,97.056062,250,,,,,
11221 - KRUENGGEUKUEH,GD112210019,MRS008-00,DPN.SPBU BATUPHAT,5.216741,97.060295,50,,,,,
11221 - KRUENGGEUKUEH,GD112210021,MRS009-00,DS.BLANG PULO,5.214896,97.06317,250,,,,,
11221 - KRUENGGEUKUEH,GD112210025,MRS010-00,DPN.PUSKESMAS BLANG PULO,5.210939,97.070674,200,,,,,
11221 - KRUENGGEUKUEH,GD112210028,MRS011-00,DPN.MAKAM PUTROE NENG,5.209551,97.075619,160,,,,,
11221 - KRUENGGEUKUEH,GD112210030,MRS012-00,DS.UJUNG PACU,5.203642,97.037018,160,,,,,
11221 - KRUENGGEUKUEH,GD112210031,MRS013-00,TOWER TELKOM DS.UJUNG PACU,5.202753,97.051791,50,,,,,
11221 - KRUENGGEUKUEH,GD112210024,MRS014-00,LRG.SMP NEG.8 DS.BLANG PULO,5.211305,97.068721,100,,,,,
11221 - KRUENGGEUKUEH,GD112210011,MRS015-00,JLN.RANCONG PULO SEMADU,5.226089,97.056218,100,,,,,
11221 - KRUENGGEUKUEH,GD112210193,MRS016-00,DPN. PT. IMA MONTAZ (PABRIK ES),5.230423,97.039714,200,,,,,
11221 - KRUENGGEUKUEH,GD112210023,MRS017-00,DPN.MNS.DS.BLANG PULO,5.211466,97.067989,50,,,,,
11221 - KRUENGGEUKUEH,GD112210192,MRS018-00,JLN. PELABUHAN DS. BLANG NALEUNG MAMEH,5.229594,97.03954,50,,,,,
11221 - KRUENGGEUKUEH,GD112210014,MRS019-00,DPN. MESJID PT. ARON,5.218825,97.051581,50,,,,,
11221 - KRUENGGEUKUEH,GD112210027,MRS020-00,TOWER TELKOMSEL PUTROE NENG,5.209652,97.075178,25,,,,,
11221 - KRUENGGEUKUEH,GD112210018,MRS021-00,DS.BATUPHAT TIMUR NEW,5.217507,97.057183,100,,,,,
11221 - KRUENGGEUKUEH,GD112210006,MRS022-00,DPN KORAMIL BATUPHAT,5.223635,97.046886,100,,,,,
11221 - KRUENGGEUKUEH,GD112210004,MRS023-00,TOWER TELKOMSEL LR. CEMPAKA,5.225259,97.043668,50,,,,,
11221 - KRUENGGEUKUEH,GD112210020,MRS024-00,JL. MDN - BNA VULKANISIR BATUPHAT,5.216392,97.060514,160,,,,,
11221 - KRUENGGEUKUEH,GD112210013,MRS025-00,PDAM RANCONG BATUPHAT ,5.231591,97.062075,200,,,,,
11221 - KRUENGGEUKUEH,GD112210009,MRS026-00,SIMPANG RANCONG BATUPHAT,5.220821,97.050662,100,,,,,
11221 - KRUENGGEUKUEH,GD112210022,MRS027-00,BLANG PULO II,5.213583,97.064651,100,,,,,
11221 - KRUENGGEUKUEH,GD112210026,MRS028-00,JLN. MDN - BNA PINTU 2 ARON,5.210532,97.072479,100,,,,,
11221 - KRUENGGEUKUEH,GD112210195,MRS029-00,JLN. PUSONG AROMATIK,5.236789,97.048169,100,,,,,
11221 - KRUENGGEUKUEH,GD112210012,MRS030-00,PDAM RANCONG BATUPHAT II,5.231487,97.062042,160,,,,,
11221 - KRUENGGEUKUEH,GD112210190,MRS031-00,BLANG NALEUNG MAMEH II,5.228298,97.044067,50,,,,,
11221 - KRUENGGEUKUEH,GD112210016,MRS032-00,POLSEK BATUPHAT,5.218149,97.054995,100,,,,,
11221 - KRUENGGEUKUEH,GD112210029,MRS033-00,UJONG PACU II,5.209263,97.035848,50,,,,,
11221 - KRUENGGEUKUEH,GD112210191,MRS035-00,TAMBAK BLANG NALEUNG MAMEH,5.226267,97.050315,50,,,,,
11221 - KRUENGGEUKUEH,GD112210196,MRS036-00,JLN. PUSONG AROMATIK II,5.236075,97.049892,50,,,,,
11221 - KRUENGGEUKUEH,GD112210261,MRS037-00,RANCONG,5.231418,97.062578,50,,,,,
11221 - KRUENGGEUKUEH,GD112210320,MRS038-00,HUMPUS AROMATIK,5.233321,97.056179,50,,,,,
11221 - KRUENGGEUKUEH,GD112210322,MRS039-00,SP.3 PELABUHAN HUMPUS,5.238454,97.04453,100,,,,,
11221 - KRUENGGEUKUEH,GD112210324,MRS040-00,BLANG PULO,5.216992,97.059478,100,,,,,
11221 - KRUENGGEUKUEH,GD112210328,MRS042-00,BLANG PULO,5.211738,97.067152,100,,,,,
11221 - KRUENGGEUKUEH,GD112210354,MRS043-00,TOWER RAJA LANYANG ,5.203812,97.044214,50,,,,,
11221 - KRUENGGEUKUEH,GD112210355,MRS044-00,DPN MNS BATUPHAT BARAT ,5.224688,97.044353,50,,,,,
11221 - KRUENGGEUKUEH,GD112210360,MRS045-00,UDIKLAT PIM,5.229536,97.039506,100,,,,,
11221 - KRUENGGEUKUEH,GD112210364,MRS046-00,JALAN KAMPUS UNIMAL BI,5.207604,97.069247,50,,,,,
11221 - KRUENGGEUKUEH,GD112210383,MRS047-00,DEPAN ALFAMART BLANG PULO,5.211568,97.067575,50,,,,,
11221 - KRUENGGEUKUEH,GD112210384,MRS048-00,BLANG PULO,5.211014,97.070266,160,,,,,
11221 - KRUENGGEUKUEH,GD112210394,MRS049-00,KOMPLEK PT ARUN/ CILACAP I,5.218158,97.050199,160,,,,,
11221 - KRUENGGEUKUEH,GD112210395,MRS050-00,KOMPLEK PT ARUN/ BONTANG,5.210956,97.053842,250,,,,,
11221 - KRUENGGEUKUEH,GD112210406,MRS051-00,KOMPLEK PT ARUN/ CILACAP II,5.216175,97.054976,50,,,,,
11221 - KRUENGGEUKUEH,GD112210396,MRS052-00,KOMPLEK PT ARUN/ AUDITORIUM,5.209963,97.055718,160,,,,,
11221 - KRUENGGEUKUEH,GD112210397,MRS053-00,KOMPLEK PT ARUN/ BALIK PAPAN I,5.208838,97.056614,160,,,,,
11221 - KRUENGGEUKUEH,GD112210398,MRS054-00,KOMPLEK PT ARUN/ BALIK PAPAN II,5.208805,97.060775,250,,,,,
11221 - KRUENGGEUKUEH,GD112210402,MRS055-00,DPN.MNS.DS.BLANG PULO,5.211467,97.067984,50,,,,,
11221 - KRUENGGEUKUEH,GD112210413,MRS056-00,AINIQUA,5.219273,97.045706,160,,,,,
11221 - KRUENGGEUKUEH,GD112210414,MRS057-00,KANTOR LMAN,5.21937,97.041298,100,,,,,
11221 - KRUENGGEUKUEH,GD112210442,MRS058-00,Jln Sei Gerong Arun,5.217941,97.045744,100,,,,,
11221 - KRUENGGEUKUEH,GD112210405,MRS059-00,Jln Rancong,5.224246,97.054279,50,,,,,
11221 - KRUENGGEUKUEH,GD112210415,MRS060-00,ASRAMA MOSA,5.211036,97.053432,100,,,,,
11221 - KRUENGGEUKUEH,GD112210416,MRS061-00,PLAJU,5.212623,97.048539,50,,,,,
11221 - KRUENGGEUKUEH,GD112210417,MRS062-00,DAMORA PUTRA,5.212506,97.055745,250,,,,,
11221 - KRUENGGEUKUEH,GD112210418,MRS063-00,DAMORA PUTRI,5.213891,97.055981,250,,,,,
11221 - KRUENGGEUKUEH,GD112210419,MRS064-00,SD ARUN,5.214646,97.057564,100,,,,,
11221 - KRUENGGEUKUEH,GD112210420,MRS065-00,TK ARUN,5.213532,97.0525,160,,,,,
11221 - KRUENGGEUKUEH,GD112210457,MRS067-00,RS ARUN 1,5.215929,97.050664,100,,,,,
11221 - KRUENGGEUKUEH,GD112210458,MRS068-00,RS ARUN 2,5.217332,97.04967,100,,,,,
11221 - KRUENGGEUKUEH,GD112210462,MRS069-00,GEDUNG MPB ARUN,5.21872,97.049327,250,,,,,
11221 - KRUENGGEUKUEH,GD112210463,MRS070-00,MESJID ARUN,5.217013,97.05093,100,,,,,
11221 - KRUENGGEUKUEH,GD112210464,MRS071-00,DEPAN SMA MOSA,5.211001,97.053643,160,,,,,
11221 - KRUENGGEUKUEH,GD112210465,MRS072-00,KOMPLEK PT ARUN/ PLAJU 2,5.215653,97.050607,100,,,,,
11221 - KRUENGGEUKUEH,GD112210466,MRS073-00,RS ARUN,5.215838,97.04943,250,,,,,
11221 - KRUENGGEUKUEH,GD112210252,NSA001-00,BLANG POROH,5.104886,97.011083,25,,,,,
11221 - KRUENGGEUKUEH,GD112210251,NSA002-00,BLANG POROH II,5.105408,97.006668,50,,,,,
11221 - KRUENGGEUKUEH,GD112210250,NSA003-00,DS. BLANG JRAT,5.090497,96.996518,50,,,,,
11221 - KRUENGGEUKUEH,GD112210248,NSA004-00,DS. ALUE PAPEUN,5.079619,96.987686,100,,,,,
11221 - KRUENGGEUKUEH,GD112210257,NSA005-00,JLN. BATE PILA DS. ALUE PAPEUN,5.075898,96.983972,25,,,,,
11221 - KRUENGGEUKUEH,GD112210259,NSA006-00,DS. BATEE PILA,5.066949,96.976265,50,,,,,
11221 - KRUENGGEUKUEH,GD112210249,NSA007-00,DSN. ALUE MBANG,5.071886,96.991063,50,,,,,
11221 - KRUENGGEUKUEH,GD112210246,NSA008-00,DS. BLANG RIMEH,5.084494,96.980255,25,,,,,
11221 - KRUENGGEUKUEH,GD112210254,NSA009-00,SP. 4 DS. BLANG RIMEH ,5.093436,96.982797,50,,,,,
11221 - KRUENGGEUKUEH,GD112210255,NSA010-00,DS. UROENG DARUSSALAM,5.108606,96.991782,100,,,,,
11221 - KRUENGGEUKUEH,GD112210229,NSA011-00,DS. ALUE DUA,5.077769,96.964813,50,,,,,
11221 - KRUENGGEUKUEH,GD112210228,NSA012-00,JLN. ALUE BANI DS. ALUE DUA,5.067747,96.959319,25,,,,,
11221 - KRUENGGEUKUEH,GD112210225,NSA013-00,DSN. BATEE LUSONG,5.078871,96.955284,50,,,,,
11221 - KRUENGGEUKUEH,GD112210226,NSA014-00,DSN. GEUDONG RINGET,5.097547,96.960387,50,,,,,
11221 - KRUENGGEUKUEH,GD112210175,NSA015-00,MENASAH DS. SEUMIRAH,5.097796,96.955922,50,,,,,
11221 - KRUENGGEUKUEH,GD112210176,NSA016-00,DS. SEUMIRAH,5.105675,96.95614,50,,,,,
11221 - KRUENGGEUKUEH,GD112210177,NSA017-00,DSN. LHOK DRIEN,5.113236,96.954491,25,,,,,
11221 - KRUENGGEUKUEH,GD112210174,NSA018-00,DSN. BALEE GAJAH,5.095647,96.950736,50,,,,,
11221 - KRUENGGEUKUEH,GD112210173,NSA019-00,DSN. SIMPANG RAMBONG,5.083779,96.940962,50,,,,,
11221 - KRUENGGEUKUEH,GD112210238,NSA020-00,DSN. SIMPANG KURSI,5.052166,96.945595,50,,,,,
11221 - KRUENGGEUKUEH,GD112210239,NSA022-00,DSN. SIMPANG 4 SANDI,5.036765,96.952064,25,,,,,
11221 - KRUENGGEUKUEH,GD112210241,NSA023-00,DSN. BANDA SELAMAT,5.037457,96.967132,25,,,,,
11221 - KRUENGGEUKUEH,GD112210242,NSA024-00,DSN. BINTANG KALA,5.037663,96.978111,25,,,,,
11221 - KRUENGGEUKUEH,GD112210243,NSA025-00,DSN. BANDA KALIFAH,5.078389,96.95528,25,,,,,
11221 - KRUENGGEUKUEH,GD112210240,NSA026-00,DSN. ALUE BANI ,5.053207,96.95787,25,,,,,
11221 - KRUENGGEUKUEH,GD112210258,NSA028-00,TELKOMSEL DS. BATE PILA,5.068526,96.977308,25,,,,,
11221 - KRUENGGEUKUEH,GD112210231,NSA031-00,TELKOMSEL DSN. SIMPANG RAMBONG,5.08198,96.939159,25,,,,,
11221 - KRUENGGEUKUEH,GD112210178,NSA032-00,BATEE LEUSONG 1,5.087011,96.956478,25,,,,,
11221 - KRUENGGEUKUEH,GD112210227,NSA033-00,ALUE DUA 2,5.073218,96.962811,50,,,,,
11221 - KRUENGGEUKUEH,GD112210237,NSA034-00,DRIEN KUNENG,5.062213,96.947392,50,,,,,
11221 - KRUENGGEUKUEH,GD112210244,NSA035-00,KRUENG TUAN LEWAT TITI,5.03147,96.943404,50,,,,,
11221 - KRUENGGEUKUEH,GD112210284,NSA037-00,SP PAYA,5.075949,96.942603,50,,,,,
11221 - KRUENGGEUKUEH,GD112210330,NSA039-00,BLANG JRAT 2,5.085609,96.991549,50,,,,,
11221 - KRUENGGEUKUEH,GD112210332,NSA040-00,BALE GAJAH 2,5.087729,96.946453,50,,,,,
11221 - KRUENGGEUKUEH,GD112210431,NSA041-00,KRUENG TUAN II,4.981171,96.937593,50,,,,,
11221 - KRUENGGEUKUEH,GD112210432,NSA042-00,GN SALAK I,4.970345,96.937369,50,,,,,
11221 - KRUENGGEUKUEH,GD112210433,NSA043-00,GN SALAK II,4.948914,96.943048,50,,,,,
11221 - KRUENGGEUKUEH,GD112210435,NSA044-00,GN SALAK III,4.935085,96.932638,50,,,,,
11221 - KRUENGGEUKUEH,GD112210434,NSA045-00,GN SALAK IV,4.910856,96.919769,50,,,,,
11221 - KRUENGGEUKUEH,GD112210436,NSA046-00,DARUSSALAM,5.10295,96.986223,50,,,,,
11221 - KRUENGGEUKUEH,GD112210437,NSA047-00,blang pohroh,5.112547,97.016141,50,,,,,
11221 - KRUENGGEUKUEH,GD112210385,NSA048-00,KRUENG TUAN III,5.001914,96.950189,50,,,,,
11221 - KRUENGGEUKUEH,GD112210386,NSA049-00,KRUENG TUAN IV,4.989939,96.94284,50,,,,,
11221 - KRUENGGEUKUEH,GD112210390,NSA050-00,Batee Leusong,5.085682,96.956061,25,,,,,
11221 - KRUENGGEUKUEH,GD112210389,NSA051-00,Drien Kuneng,5.067653,96.946491,50,,,,,
11221 - KRUENGGEUKUEH,GD112210393,NSA052-00,Darussalam,5.106844,96.990393,100,,,,,
,,NSA053-00,,4.995072,96.944256,,,,,,
,,NSA054-00,,5.084929,96.979716,,,,,,
11221 - KRUENGGEUKUEH,GD112210106,NSM001-00,DSN. SIMPANG PANAH,5.205828,97.02199,50,,,,,
11221 - KRUENGGEUKUEH,GD112210108,NSM002-00,JLN. ELAK DS.BLANG KARIENG,5.194276,97.012558,100,,,,,
11221 - KRUENGGEUKUEH,GD112210113,NSM003-00,DS. PALOH KAYE KUNYET ,5.186289,97.00893,50,,,,,
11221 - KRUENGGEUKUEH,GD112210114,NSM004-00,DS.GAMPONG BARAT,5.176432,97.009229,100,,,,,
11221 - KRUENGGEUKUEH,GD112210115,NSM005-00,COT PUTOH DS. MENASAH BEUNOT,5.171333,97.00887,50,,,,,
11221 - KRUENGGEUKUEH,GD112210117,NSM006-00,DS. MNS.MEUCAT,5.17061,97.015158,100,,,,,
11221 - KRUENGGEUKUEH,GD112210118,NSM007-00,KANTOR CAMAT NISAM,5.168791,97.013523,50,,,,,
11221 - KRUENGGEUKUEH,GD112210119,NSM008-00,DS. KEUDE AMPLAH,5.167172,97.015506,50,,,,,
11221 - KRUENGGEUKUEH,GD112210121,NSM009-00,DS. PEUNAYAN,5.161312,97.013908,50,,,,,
11221 - KRUENGGEUKUEH,GD112210122,NSM010-00,DS. TINGKEUM,5.162095,97.020351,50,,,,,
11221 - KRUENGGEUKUEH,GD112210189,NSM012-00,DS. JEULIKAT,5.14451,97.013429,50,,,,,
11221 - KRUENGGEUKUEH,GD112210124,NSM013-00,DS. BLANG DALAM,5.156602,97.028667,100,,,,,
11221 - KRUENGGEUKUEH,GD112210125,NSM014-00,DS. ALUE BILIE,5.144392,97.022692,16,,,,,
11221 - KRUENGGEUKUEH,GD112210126,NSM015-00,DS. COT MAMBONG BAWAH,5.153064,97.039282,25,,,,,
11221 - KRUENGGEUKUEH,GD112210253,NSM016-00,DS. COT MAMBONG ATAS,5.136271,97.035873,100,,,,,
11221 - KRUENGGEUKUEH,GD112210120,NSM017-00,JL. ARAFAH DS. MENASAH MEUCAT,5.169807,97.019526,100,,,,,
11221 - KRUENGGEUKUEH,GD112210128,NSM018-00,DS. COT LEUPEE,5.174236,97.026243,50,,,,,
11221 - KRUENGGEUKUEH,GD112210429,NSM019-00,"JLN ELAK, SENEUBOK",5.183893,97.020943,250,,,,,
11221 - KRUENGGEUKUEH,GD112210181,NSM020-00,DS. ULEE BLANG,5.194212,97.036816,25,,,,,
11221 - KRUENGGEUKUEH,GD112210180,NSM021-00,DS. MENASAH KRUENG,5.187738,97.044322,50,,,,,
11221 - KRUENGGEUKUEH,GD112210131,NSM022-00,DS. BLANG CROK,5.181416,97.04187,50,,,,,
11221 - KRUENGGEUKUEH,GD112210129,NSM023-00,JL. ELAK COT EUNTOENG,5.167907,97.036988,50,,,,,
11221 - KRUENGGEUKUEH,GD112210130,NSM024-00,DS. KEUTAPANG,5.177216,97.039095,100,,,,,
11221 - KRUENGGEUKUEH,GD112210184,NSM025-00,DS. PANTON,5.163867,96.998061,50,,,,,
11221 - KRUENGGEUKUEH,GD112210183,NSM026-00,MESJID DS. PANTON,5.160561,96.98886,50,,,,,
11221 - KRUENGGEUKUEH,GD112210185,NSM027-00,KEUDE ALUE ,5.153006,96.98259,50,,,,,
11221 - KRUENGGEUKUEH,GD112210186,NSM028-00,DS. ALUE TRANSLOK,5.143871,96.987271,16,,,,,
11221 - KRUENGGEUKUEH,GD112210182,NSM029-00,DS. PALOH MAMPRE,5.169095,97.00389,50,,,,,
11221 - KRUENGGEUKUEH,GD112210179,NSM032-00,DS. BLANG CROK III,5.177041,97.058192,25,,,,,
11221 - KRUENGGEUKUEH,GD112210107,NSM033-00,COT DUA,5.201308,97.019158,50,,,,,
11221 - KRUENGGEUKUEH,GD112210123,NSM034-00,BLANG DALAM,5.158526,97.024684,25,,,,,
11221 - KRUENGGEUKUEH,GD112210188,NSM035-00,MNS. RAYEUK,5.149854,97.01673,50,,,,,
11221 - KRUENGGEUKUEH,GD112210272,NSM036-00,JL GP TEUNGOH,5.172076,97.022442,50,,,,,
11221 - KRUENGGEUKUEH,GD112210271,NSM037-00,KEUDE AMPLAH,5.170532,97.012378,50,,,,,
11221 - KRUENGGEUKUEH,GD112210336,NSM039-00,TINGKEUM,5.157034,97.018443,50,,,,,
11221 - KRUENGGEUKUEH,GD112210343,NSM040-00,SEUNEBOK II,5.179702,97.025701,100,,,,,
11221 - KRUENGGEUKUEH,GD112210430,NSM041-00,KEUTAPANG,5.179082,97.040427,50,,,,,
11221 - KRUENGGEUKUEH,GD112210440,NSM042-00,TELKOM BLANG DALAM,5.154639,97.03426,25,,,,,
11221 - KRUENGGEUKUEH,GD112210459,NSM043-00,PEUNAYAN,5.16166,97.013924,50,,,,,
11221 - KRUENGGEUKUEH,GD112210460,NSM044-00,TINGKEUM,5.163673,97.021393,50,,,,,
11221 - KRUENGGEUKUEH,GD112210461,NSM045-00,BLANG DALAM,5.156907,97.027816,50,,,,,
,,NSM046-00,,5.178074,97.036503,,,,,,
11228 - GANDAPURA,GD112280338,PSK001-00,PANTE BARO I,5.186918,96.820171,100,,,,,
11228 - GANDAPURA,GD112280337,PSK002-00,PANTE BARO II,5.171272,96.815284,50,,,,,
11228 - GANDAPURA,GD112280340,PSK003-00,LUENGDANEUN,5.16154,96.812904,100,,,,,
11228 - GANDAPURA,GD112280342,PSK004-00,ALUE KRUEB,5.151547,96.821762,50,,,,,
11228 - GANDAPURA,GD112280341,PSK005-00,KUBU PSK,5.178236,96.805591,100,,,,,
11228 - GANDAPURA,GD112280343,PSK006-00,AWE GEUTAH,5.148042,96.795,100,,,,,
11228 - GANDAPURA,GD112280344,PSK007-00,ALUE IT,5.126109,96.79976,50,,,,,
11228 - GANDAPURA,GD112280346,PSK008-00,ALUE GEULUMPANG,5.114909,96.79285,50,,,,,
11228 - GANDAPURA,GD112280347,PSK009-00,ALUE KUPULA,5.152154,96.807014,50,,,,,
11228 - GANDAPURA,GD112280348,PSK010-00,ALUE KUPULA II,5.145072,96.807487,50,,,,,
11228 - GANDAPURA,GD112280360,PSK011-00,PANTE KARYA,5.093697,96.796796,50,,,,,
11228 - GANDAPURA,GD112280349,PSK012-00,LEBOK SEUTUY,5.079422,96.808786,50,,,,,
11228 - GANDAPURA,GD112280350,PSK013-00,TEUPIN RAYA,5.164297,96.79824,50,,,,,
11228 - GANDAPURA,GD112280351,PSK014-00,KUBU RAYA,5.16443,96.829358,50,,,,,
11228 - GANDAPURA,GD112280352,PSK017-00,AWE GEUTAH,5.141854,96.793664,50,,,,,
11228 - GANDAPURA,GD112280353,PSK018-00,PALOH MAMPRE,5.12254,96.797812,50,,,,,
11228 - GANDAPURA,GD112280354,PSK019-00,PANTE BAROE KUMBANG,5.179427,96.815684,50,,,,,
11228 - GANDAPURA,GD112280355,PSK020-00,PANTE BARO GLEE SIBLAH,5.168183,96.815669,50,,,,,
11228 - GANDAPURA,GD112280356,PSK021-00,COT ANEUK BATE,5.157193,96.824646,50,,,,,
11228 - GANDAPURA,GD112280357,PSK022-00,TELKOMSEL AWE GEUTAH,5.143834,96.794061,25,,,,,
11228 - GANDAPURA,GD112280358,PSK023-00,COT RUSEP,5.111945,96.807353,50,,,,,
11228 - GANDAPURA,GD112280359,PSK025-00,RAMBONG PAYUNG,5.15942,96.815709,50,,,,,
11228 - GANDAPURA,GD112280339,PSK027-00,KUBU PSK II,5.171269,96.80369,50,,,,,
11228 - GANDAPURA,GD112280336,PSK028-00,BLANG CIRIEH,5.153431,96.795421,50,,,,,
11228 - GANDAPURA,GD112280345,PSK029-00,COT SALUET II,5.126806,96.803272,50,,,,,
11228 - GANDAPURA,GD112280273,PSK030-00,BUKIT SUDAN,5.109612,96.792762,50,,,,,
11228 - GANDAPURA,GD112280274,PSK031-00,PANTE BARO KUMBANG II,5.17951,96.811009,50,,,,,
11228 - GANDAPURA,GD112280272,PSK032-00,COT REUSEP II,5.122479,96.801618,50,,,,,
11228 - GANDAPURA,GD112280361,PSK033-00,DAYAH BAROE,5.159876,96.812092,50,,,,,
11228 - GANDAPURA,GD112280325,PSK034-00,PANTE BAROE,5.179713,96.828167,50,,,,,
11228 - GANDAPURA,GD112280368,PSK035-00,RAMBONG PAYONG,5.158011,96.817953,100,,,,,
11228 - GANDAPURA,GD112280369,PSK036-00,BUKET SUDAN,5.097291,96.796071,50,,,,,
11228 - GANDAPURA,GD112280363,PSK037-00,POMPANISASI PT BR GLE SIBLAH,5.179557,96.810644,50,,,,,
,,PSK038-00,,5.122198,96.797626,,,,,,
,,PSK039-00,,5.163688,96.797854,,,,,,
11228 - GANDAPURA,GD112280022,SAW001-00,BALE BUNGONG,5.224747,96.917711,50,,,,,
11228 - GANDAPURA,GD112280023,SAW002-00,GLE DAGANG,5.215167,96.922822,100,,,,,
11228 - GANDAPURA,GD112280026,SAW003-00,GP TEUNGEH,5.205466,96.921861,100,,,,,
11228 - GANDAPURA,GD112280031,SAW004-00,BABAH BULOH,5.20232,96.932132,100,,,,,
11228 - GANDAPURA,GD112280036,SAW005-00,PUENTET,5.18944,96.939628,50,,,,,
11228 - GANDAPURA,GD112280027,SAW006-00,LHOK KUYUEN,5.187068,96.917393,50,,,,,
11228 - GANDAPURA,GD112280029,SAW007-00,PAYA RABO,5.175049,96.912796,50,,,,,
11228 - GANDAPURA,GD112280030,SAW008-00,RAMBONG PAYONG,5.164221,96.90954,50,,,,,
11228 - GANDAPURA,GD112280043,SAW010-00,JURONG,5.135107,96.900116,25,,,,,
11228 - GANDAPURA,GD112280045,SAW011-00,KEUDE SAWANG,5.129326,96.891126,,,,,,
11228 - GANDAPURA,GD112280037,SAW013-00,PAYA RABO TIMU,5.168935,96.91886,50,,,,,
11228 - GANDAPURA,GD112280038,SAW014-00,LANCOK,5.153353,96.921192,50,,,,,
11228 - GANDAPURA,GD112280060,SAW017-00,COT GLUMPANG,5.123179,96.903069,50,,,,,
11228 - GANDAPURA,GD112280068,SAW018-00,COT CALANG,5.055639,96.883176,50,,,,,
11228 - GANDAPURA,GD112280064,SAW019-00,RISEH TEUNGEH,5.089235,96.888347,50,,,,,
11228 - GANDAPURA,GD112280063,SAW020-00,RISEH BAROH,5.095013,96.890326,50,,,,,
11228 - GANDAPURA,GD112280066,SAW021-00,RISEH TUNONG,5.07831,96.88525,50,,,,,
11228 - GANDAPURA,GD112280062,SAW022-00,COT KAWAT,5.112326,96.894729,50,,,,,
11228 - GANDAPURA,GD112280034,SAW023-00,MNS PULO,5.193179,96.929121,50,,,,,
11228 - GANDAPURA,GD112280207,SAW024-00,LHOK GAJAH,5.188008,96.911096,50,,,,,
11228 - GANDAPURA,GD112280051,SAW025-00,LHOK CUT,5.125172,96.881043,50,,,,,
11228 - GANDAPURA,GD112280053,SAW026-00,KUBU,5.118066,96.87973,50,,,,,
11228 - GANDAPURA,GD112280049,SAW027-00,GUNCI ,5.114807,96.888514,25,,,,,
11228 - GANDAPURA,GD112280050,SAW028-00,GUNCI II,5.105091,96.885626,25,,,,,
11228 - GANDAPURA,GD112280208,SAW029-00,KRUENG BARO,5.175492,96.900359,50,,,,,
11228 - GANDAPURA,GD112280210,SAW030-00,LHOK BAYU,5.159747,96.901965,25,,,,,
11228 - GANDAPURA,GD112280069,SAW031-00,UTEUN PUNTI,5.06937,96.893849,50,,,,,
11228 - GANDAPURA,GD112280072,SAW032-00,BLANG RANTO,5.050901,96.903575,25,,,,,
11228 - GANDAPURA,GD112280040,SAW033-00,COT RAWATU I,5.125972,96.915819,50,,,,,
11228 - GANDAPURA,GD112280035,SAW034-00,PUENTET II,5.189039,96.927413,100,,,,,
11228 - GANDAPURA,GD112280041,SAW035-00,COT RAWATU III,5.089678,96.915162,50,,,,,
11228 - GANDAPURA,GD112280032,SAW036-00,BABAH BULOH 2,5.200932,96.938277,16,,,,,
11228 - GANDAPURA,GD112280067,SAW037-00,SP COT CALANG,5.066993,96.887164,50,,,,,
11228 - GANDAPURA,GD112280061,SAW040-00,COT BAROH SW,5.118593,96.894488,50,,,,,
11228 - GANDAPURA,GD112280052,SAW041-00,KUBU II,5.121334,96.878011,50,,,,,
11228 - GANDAPURA,GD112280054,SAW042-00,BLANG CUT,5.111587,96.87648,25,,,,,
11228 - GANDAPURA,GD112280039,SAW043-00,PDAM TIRTA MON PASE,5.148357,96.914873,100,,,,,
11228 - GANDAPURA,GD112280024,SAW044-00,PDAM GLE DAGANG,5.212349,96.922473,160,,,,,
11228 - GANDAPURA,GD112280065,SAW045-00,TELKOMSEL RISEH,5.080098,96.88556,25,,,,,
11228 - GANDAPURA,GD112280046,SAW047-00,SAWANG,5.128772,96.888818,50,,,,,
11228 - GANDAPURA,GD112280073,SAW048-00,BLANG RANTO II,5.044536,96.906526,25,,,,,
11228 - GANDAPURA,GD112280055,SAW049-00,ALUE ANOE,5.092237,96.879461,50,,,,,
11228 - GANDAPURA,GD112280056,SAW050-00,PAYA RUBEK,5.059998,96.878117,50,,,,,
11228 - GANDAPURA,GD112280057,SAW051-00,ALUE MEH,5.060213,96.855471,50,,,,,
11228 - GANDAPURA,GD112280058,SAW052-00,LHOK PUNGKI,5.035449,96.862375,25,,,,,
11228 - GANDAPURA,GD112280033,SAW053-00,MNS PULO II,5.195756,96.929929,50,,,,,
11228 - GANDAPURA,GD112280025,SAW054-00,MEULIGO,5.207399,96.923461,50,,,,,
11228 - GANDAPURA,GD112280028,SAW055-00,KRUENG AJI,5.181967,96.915752,50,,,,,
11228 - GANDAPURA,GD112280074,SAW057-00,ARASELO II,4.995609,96.928095,25,,,,,
11228 - GANDAPURA,GD112280075,SAW058-00,ARASELO III,4.989993,96.930655,25,,,,,
11228 - GANDAPURA,GD112280209,SAW059-00,KRUENG BARO II,5.167542,96.897338,50,,,,,
11228 - GANDAPURA,GD112280047,SAW060-00,KRUENG CUT,5.126087,96.885112,100,,,,,
11228 - GANDAPURA,GD112280232,SAW062-00,LHOK JOK,5.140469,96.909721,50,,,,,
11228 - GANDAPURA,GD112280070,SAW063-00,UTEUN PUNTI II,5.079679,96.897261,50,,,,,
11228 - GANDAPURA,GD112280233,SAW064-00,UTEUEN PUNTI,5.099308,96.899193,50,,,,,
11228 - GANDAPURA,GD112280225,SAW065-00,BLANG MANYAK,5.133747,96.916638,50,,,,,
11228 - GANDAPURA,GD112280227,SAW066-00,TUMPOK BLANG,5.142362,96.90645,50,,,,,
11228 - GANDAPURA,GD112280223,SAW067-00,BABAH BULOH,5.201362,96.935931,50,,,,,
11228 - GANDAPURA,GD112280224,SAW068-00,LANCOK,5.157718,96.921318,50,,,,,
11228 - GANDAPURA,GD112280221,SAW069-00,PANTE JALOH,5.197566,96.918672,50,,,,,
11228 - GANDAPURA,GD112280222,SAW070-00,RAMBONG PAYONG,5.159265,96.909142,50,,,,,
11228 - GANDAPURA,GD112280226,SAW071-00,BABAH KRUENG,5.147163,96.910929,50,,,,,
11228 - GANDAPURA,GD112280229,SAW072-00,KUBU,5.117165,96.880029,50,,,,,
11228 - GANDAPURA,GD112280230,SAW073-00,LHOK JOK,5.136777,96.907011,200,,,,,
11228 - GANDAPURA,GD112280228,SAW074-00,BLANG TARAKAN,5.132251,96.8933,100,,,,,
11228 - GANDAPURA,GD112280269,SAW077-00,LHOK JOK III,5.129028,96.9042,50,,,,,
11228 - GANDAPURA,GD112280277,SAW078-00,KRUNG BARO III,5.103646,96.885406,50,,,,,
11228 - GANDAPURA,GD112280362,SAW079-00,GANDAPURA,5.184573,96.917268,100,,,,,
11228 - GANDAPURA,GD112280016,SAW080-00,Kuta Meuligo,5.083489,96.887819,50,,,,,
11228 - GANDAPURA,GD112280014,SAW081-00,STONE CRUSHER,5.085396,96.897461,50,,,,,
11228 - GANDAPURA,GD112280015,SAW082-00,LAGANG,5.087963,96.898212,50,,,,,
11228 - GANDAPURA,GD112280371,SAW083-00,GANDAPURA,5.212627,96.926148,50,,,,,
11228 - GANDAPURA,GD112280370,SAW084-00,GANDAPURA,5.072948,96.895363,50,,,,,
11228 - GANDAPURA,GD112280297,SAW085-00,GLE BOOM,5.127909,96.888825,50,,,,,
11228 - GANDAPURA,GD112280366,SAW086-00,GANDAPURA,5.054313,96.901504,50,,,,,
11228 - GANDAPURA,GD112280267,SAW087-00,PAYA RABO LHOK,5.170298,96.897405,100,,,,,
,,SAW088-00,,5.135778,96.893701,100,,,,,
,,SAW089-00,,5.227436,96.923242,50,,,,,
,,SAW090-00,,5.223445,96.933156,250,,,,,
,,SAW091-00,,5.223434,96.933266,250,,,,,
,,SAW092-00,,5.196685,96.942156,,,,,,
,,SAW093-00,,5.222059,96.932919,,,,,,
,,SAW094-00,,5.160111,96.901867,,,,,,
,,SAW095-00,,5.164374,96.909893,,,,,,
,,SAW096-00,,5.083501,96.887804,,,,,,
11221 - KRUENGGEUKUEH,GD112210235,SAW102-00,DSN. ALUE SEUKE,5.058945,96.926952,25,,,,,
11221 - KRUENGGEUKUEH,GD112210155,SAW103-00, LAPANGAN DS. COT LAMBIDENG,5.208879,96.960645,25,,,,,
11221 - KRUENGGEUKUEH,GD112210439,SAW104-00,TEUPIN REUSEP,5.171123,96.943161,50,,,,,
11221 - KRUENGGEUKUEH,GD112210169,SAW105-00,DSN. ALUE GARUT I,5.124918,96.942562,50,,,,,
11221 - KRUENGGEUKUEH,GD112210170,SAW106-00,DSN. ALUE GARUT II,5.114685,96.945217,50,,,,,
11221 - KRUENGGEUKUEH,GD112210172,SAW107-00,SMP COT MANCANG,5.091177,96.942245,50,,,,,
11221 - KRUENGGEUKUEH,GD112210156,SAW108-00,DS. COT LAMBIDENG,5.203472,96.952372,25,,,,,
11221 - KRUENGGEUKUEH,GD112210168,SAW109-00,KEUDE TEUPIN REUSEP,5.164233,96.940889,50,,,,,
11221 - KRUENGGEUKUEH,GD112210171,SAW110-00,DSN. COT MANCANG,5.097169,96.945318,50,,,,,
11221 - KRUENGGEUKUEH,GD112210098,SAW113-00,JLN. ELAK DS.TANJUNG KEUMALA,5.21845,96.954962,50,,,,,
11221 - KRUENGGEUKUEH,GD112210100,SAW114-00,DS. KUTA MEULIGO,5.211863,96.940419,25,,,,,
11221 - KRUENGGEUKUEH,GD112210112,SAW115-00,DS. PAYA GABOH,5.225931,96.985395,50,,,,,
11221 - KRUENGGEUKUEH,GD112210245,SAW116-00,DSN. PANTE PISANG,5.027913,96.937996,25,,,,,
11221 - KRUENGGEUKUEH,GD112210232,SAW117-00,SIMP.III DSN.ALUE IE MUDEK,5.067652,96.937935,50,,,,,
11221 - KRUENGGEUKUEH,GD112210234,SAW118-00,PDAM DSN. ALUE IE MUDEK ,5.069158,96.934649,50,,,,,
11221 - KRUENGGEUKUEH,GD112210236,SAW119-00,DSN. PANTE BAHAGIA,5.052781,96.934723,25,,,,,
11221 - KRUENGGEUKUEH,GD112210093,SAW120-00,JL. DESA ULEE GEUDONG,5.224648,96.962823,50,,,,,
11221 - KRUENGGEUKUEH,GD112210095,SAW121-00,DS. COT KEMUNING,5.223075,96.968153,50,,,,,
11221 - KRUENGGEUKUEH,GD112210097,SAW122-00,DSN. PULO TEUNGOH,5.217665,96.969338,25,,,,,
11221 - KRUENGGEUKUEH,GD112210099,SAW123-00,DS. ABEUK REULING,5.213577,96.94646,50,,,,,
11221 - KRUENGGEUKUEH,GD112210263,SAW124-00,PAYA GABOH,5.223941,96.980771,50,,,,,
11221 - KRUENGGEUKUEH,GD112210353,SAW126-00,PERUMAHAN GENALI,5.226617,96.98277,50,,,,,
11221 - KRUENGGEUKUEH,GD112210428,SAW127-00, STONE CRUSHER KUTA MEULIGO,5.214047,96.943486,250,,,,,
11221 - KRUENGGEUKUEH,GD112210427,SAW128-00, ABEUK REULING,5.215994,96.951159,25,,,,,
11221 - KRUENGGEUKUEH,GD112210426,SAW129-00, COT KEUMUNENG,5.224193,96.974811,50,,,,,
11221 - KRUENGGEUKUEH,GD112210365,SAW130-00,DS PANTE BAHAGIA,5.061942,96.936953,50,,,,,
11221 - KRUENGGEUKUEH,GD112210369,SAW131-00,ALUE GAROT III,5.139424,96.943151,50,,,,,
11228 - GANDAPURA,GD112280385,SWG092-00,DS LAGANG,,,,,,,,
11229 - TAKENGON,GD112290278,ATL001-00,DESA MAS ATU LINTANG,4.418242,96.774489,50,GY 09 (Jgj),"4,178,591,818","3,033,333,333","2,124,542,125",0
11229 - TAKENGON,GD112290277,ATL002-00,DESA SARI MURNI,4.429225,96.775202,25,GY 09 (Jgj),"9,090,572,438","3,266,666,667","3,333,333,333",0
11229 - TAKENGON,GD112290276,ATL003-00,SIDO MULIO,4.44173,96.772456,100,GY 09 (Jgj),"6,633,639,123","9,433,333,333","1,648,998,822",0
11229 - TAKENGON,GD112290260,ATL004-00,MERAH MEGE,4.467663,96.790395,50,GY 09 (Jgj),"9,159,431,081","6,433,333,333","2,210,708,117",0
11229 - TAKENGON,GD112290270,ATL005-00,TRANS TANOH ABU ATAS 1,4.458422,96.814491,50,GY 09 (Jgj),"478,184,587",34,"2,549,019,608",0
11229 - TAKENGON,GD112290271,ATL006-00,TANAH ABU ATAS II,4.460392,96.817204,25,GY 09 (Jgj),"4,259,921,226","1,533,333,333","1,594,202,899",0
11229 - TAKENGON,GD112290269,ATL007-00,TRANS TANOH ABU BAWAH,4.422435,96.818131,50,GY 09 (Jgj),"6,652,614,702","4,833,333,333","2,114,942,529",0
11229 - TAKENGON,GD112290262,ATL008-00,SUMBER MAKMUR,4.457372,96.776011,100,GY 09 (Jgj),"6,344,386,638","9,066,666,667","2,230,392,157",0
11229 - TAKENGON,GD112290272,ATL009-00,KEKELIF,4.447826,96.78568,50,GY 09 (Jgj),"3,952,155,043","2,833,333,333","3,137,254,902",0
11229 - TAKENGON,GD112290279,ATL010-00,DESA KALA KELIE,4.406713,96.773721,25,GY 09 (Jgj),"4,900,010,225","1,766,666,667","4,025,157,233",0
11229 - TAKENGON,GD112290274,ATL011-00,PALAKAL 1,4.443697,96.753156,25,GY 09 (Jgj),"1,954,446,131",7,"4,761,904,762",0
11229 - TAKENGON,GD112290275,ATL012-00,PALAKAL 2,4.427367,96.740785,25,GY 09 (Jgj),"5,287,373,765",19,"3,859,649,123",0
11229 - TAKENGON,GD112290263,ATL013-00,LINTANG,4.450564,96.773769,50,GY 09 (Jgj),"6,382,684,206","4,633,333,333","8,153,477,218",0
11229 - TAKENGON,GD112290261,ATL014-00,MERAH MEGE,4.462206,96.785274,50,GY 09 (Jgj),"5,633,783,927",41,"1,300,813,008",0
11229 - TAKENGON,GD112290273,ATL015-00,BINTANG KEKELIF,4.454819,96.795735,50,GY 09 (Jgj),"2,322,872,583","1,666,666,667","1,333,333,333",0
11229 - TAKENGON,GD112290414,ATL016-00,PALAKAL,4.420118,96.731928,250,GY 09 (Jgj),"0,463034916","1,666,666,667","1,333,333,333",0
11229 - TAKENGON,GD112290580,ATL017-00,DAMAR MULYO,4.417867,96.751451,50,GY 09 (Jgj),"1,497,723,578","1,066,666,667","1,458,333,333",0
11229 - TAKENGON,GD112290581,ATL018-00,LENTARA,4.455409,96.809635,50,GY 09 (Jgj),"3,707,358,529","2,666,666,667","5,833,333,333",0
11229 - TAKENGON,GD112290039,BEB001-00,DEPAN G.O.S.,4.62233,96.844595,100,GY 05 (Tkn),"3,858,431,849","5,433,333,333","1,799,591,002",0
11229 - TAKENGON,GD112290040,BEB002-00,BRI,4.622471,96.843541,200,GY 05 (Tkn),"2,636,065,859",74,"1,261,261,261",0
11229 - TAKENGON,GD112290041,BEB003-00,BLANG KOLAK II,4.622738,96.840923,200,GY 05 (Tkn),"6,712,181,854","192,8","8,437,067,773",0
11229 - TAKENGON,GD112290042,BEB004-00,TANSARIL,4.624119,96.828829,200,GY 05 (Tkn),"5,829,813,588","1,655,333,333","0,590683313",0
11229 - TAKENGON,GD112290043,BEB005-00,BLANG KOLAK I,4.623485,96.846326,160,PP 06 (Tkn),"484,132,257","1,073,333,333","2,525,879,917",0
11229 - TAKENGON,GD112290044,BEB006-00,KEMILI,4.628834,96.844314,200,PP 06 (Tkn),"7,709,743,045","2,263,333,333","9,621,993,127",0
11229 - TAKENGON,GD112290337,BEB007-00,BEBESEN,4.635195,96.835866,100,PP 06 (Tkn),"4,855,867,948","6,956,666,667","5,877,655,327",0
11229 - TAKENGON,GD112290338,BEB008-00,SIMPANG DALING,4.641394,96.826726,250,PP 06 (Tkn),"669,264,432","2,333,333,333","6,666,666,667",0
11229 - TAKENGON,GD112290045,BEB009-00,PENDERE,4.621042,96.827264,100,GY 05 (Tkn),"7,209,240,021","1,017,666,667","7,053,171,744",0
11229 - TAKENGON,GD112290339,BEB010-00,LELABU I,4.631869,96.822997,50,GY 13 (Tkn),"6,549,792,468","4,596,666,667","5,704,616,872",0
11229 - TAKENGON,GD112290340,BEB011-00,UMANG I,4.630145,96.813596,50,GY 13 (Tkn),"3,714,417,598","25,9","2,934,362,934",0
11229 - TAKENGON,GD112290341,BEB012-00,UMANG II,4.628056,96.81925,50,GY 13 (Tkn),"6,909,296,933","4,953,333,333","1,072,229,699",0
11229 - TAKENGON,GD112290342,BEB013-00,TOTOR UYET,4.633936,96.809362,50,GY 13 (Tkn),"1,229,567,472","8,566,666,667","6,744,487,678",0
11229 - TAKENGON,GD112290343,BEB014-00,BLANG GELE,4.625673,96.801319,100,GY 13 (Tkn),"3,819,930,284","5,396,666,667","1,128,268,478",0
11229 - TAKENGON,GD112290046,BEB015-00,KP. MOGAL I,4.636485,96.84203,100,PP 06 (Tkn),"101,264,158","1,413,333,333","248,427,673",0
11229 - TAKENGON,GD112290047,BEB016-00,DUSUN GELE RAO,4.64266,96.83223,50,PP 06 (Tkn),"4,801,475,779",34,"3,333,333,333",0
11229 - TAKENGON,GD112290048,BEB017-00,DS. KEBET,4.629669,96.835528,100,PP 06 (Tkn),"5,976,114,146","8,533,333,333","4,739,583,333",0
11229 - TAKENGON,GD112290344,BEB018-00,SADONG BL. GELE,4.621009,96.81659,25,GY 05 (Tkn),"677,843,857","23,5","3,574,468,085",0
11229 - TAKENGON,GD112290345,BEB019-00,DUSUN ATU GAJAH,4.630793,96.787125,25,GY 13 (Tkn),"2,899,453,052",31,"6,666,666,667",0
11229 - TAKENGON,GD112290049,BEB020-00,SISIPAN KEMILI,4.626172,96.845458,50,PP 06 (Tkn),"6,837,443,768","4,733,333,333","3,286,384,977",0
11229 - TAKENGON,GD112290346,BEB021-00,JURU MUDI,4.626816,96.809987,50,GY 13 (Tkn),"5,970,794,826","41,4","2,415,458,937",0
11229 - TAKENGON,GD112290100,BEB022-00,MESS TIME RUANG ,4.627868,96.847694,160,GY 05 (Tkn),"5,862,871,702","1,316,666,667","1,907,172,996",0
11229 - TAKENGON,GD112290050,BEB023-00,MAN 2 TKN DS. BL. KOLAK DUA,4.620031,96.84278,100,GY 05 (Tkn),"5,743,711,418","7,933,333,333","9,803,921,569",0
11229 - TAKENGON,GD112290051,BEB024-00,PENGADILAN TANSARIL,4.623815,96.834684,160,GY 05 (Tkn),"4,165,040,926",95,"5,614,035,088",0
11229 - TAKENGON,GD112290052,BEB025-00,SISIP BLANG KOLAK II,4.621516,96.837786,50,GY 05 (Tkn),"8,227,172,054","5,736,666,667","1,251,210,537",0
11229 - TAKENGON,GD112290053,BEB026-00,MAKAM PAHLAWAN REJE BUKIT,4.632223,96.842604,160,PP 06 (Tkn),"589,859,525","1,333,333,333","4,333,333,333",0
11229 - TAKENGON,GD112290347,BEB027-00,SP. TANSARAN,4.634271,96.829455,50,PP 06 (Tkn),"3,984,409,678","28,4","2,723,004,695",0
11229 - TAKENGON,GD112290054,BEB028-00,TELKOMSEL MONGAL,4.636749,96.840531,50,PP 06 (Tkn),"383,976,419","2,666,666,667","4,166,666,667",0
11229 - TAKENGON,GD112290348,BEB029-00,TELKOMSEL UMANG,4.63212,96.811182,25,GY 13 (Tkn),"1,746,830,974","6,2","3,010,752,688",0
11229 - TAKENGON,GD112290349,BEB030-00,TELKOMSEL JURU MUDI,4.625214,96.814702,25,GY 13 (Tkn),"9,958,368,383","3,566,666,667","9,781,931,464",0
11229 - TAKENGON,GD112290055,BEB031-00,TELKOMSEL LEMAH BURBANA,4.629506,96.836581,25,PP 06 (Tkn),"1,141,075,072","4,066,666,667","1,420,765,027",0
11229 - TAKENGON,GD112290101,BEB032-00,PAYA KATAK,4.626877,96.847859,50,GY 05 (Tkn),"8,069,971,123",56,"1,785,714,286",0
11229 - TAKENGON,GD112290056,BEB033-00,JL LEMBAGA,4.625889,96.843918,100,PP 06 (Tkn),"6,168,256,316","8,533,333,333","4,036,458,333",0
11229 - TAKENGON,GD112290057,BEB034-00,TELKOMSEL SP GOS,4.622384,96.844194,50,GY 05 (Tkn),"7,066,882,765",49,"1,632,653,061",0
11229 - TAKENGON,GD112290058,BEB035-00,PAYA ILANG,4.626081,96.836321,50,PP 06 (Tkn),"2,268,755,618",16,"1,666,666,667",0
11229 - TAKENGON,GD112290350,BEB036-00,PABRIK KOPI EMPUS TALU,4.634798,96.831963,50,PP 06 (Tkn),"1,586,369,939","1,123,333,333","4,886,251,236",0
11229 - TAKENGON,GD112290059,BEB037-00,SISIP KANDEPAG,4.644687,96.837201,50,PP 06 (Tkn),"7,191,090,053","5,233,333,333","1,231,422,505",0
11229 - TAKENGON,GD112290060,BEB038-00,TELKOMSEL BLANG KOLAK II,4.623349,96.83588,50,GY 05 (Tkn),"4,959,554,282","1,933,333,333","291,954,023",0
11229 - TAKENGON,GD112290061,BEB039-00,SISIP LEMAH BURBANA,4.629401,96.839569,50,PP 06 (Tkn),"6,751,918,948","4,666,666,667","3,619,047,619",0
11229 - TAKENGON,GD112290102,BEB040-00,SISIP BLANG KOLAK I,4.625119,96.845838,50,PP 06 (Tkn),"2,432,569,134","1,666,666,667","4,266,666,667",0
11229 - TAKENGON,GD112290062,BEB041-00,SISIP DPN KANTOR KEJAKSAAN,4.62411,96.846146,50,PP 06 (Tkn),"2,821,780,196","1,933,333,333","1,954,022,989",0
11229 - TAKENGON,GD112290063,BEB042-00,SISIP DPN KANTOR BUPATI,4.622151,96.845745,50,GY 05 (Tkn),"5,913,452,397","4,133,333,333","2,849,462,366",0
11229 - TAKENGON,GD112290351,BEB043-00,SISIP BEBESEN,4.634739,96.839672,100,PP06 (Tkn),"567,489,319","8,063,333,333","2,981,948,464",0
11229 - TAKENGON,GD112290352,BEB044-00,SISIP ATU GAJAH REJE GURU,4.643043,96.771194,50,GY 13 (Tkn),"7,414,717,057","5,333,333,333","6,666,666,667",0
11229 - TAKENGON,GD112290353,BEB045-00,SISIP BLANG GELE,4.62461,96.805322,50,GY 13 (Tkn),"1,065,017,257","76,1","5,992,115,637",0
11229 - TAKENGON,GD112290031,BEB046-00,SISIP TELKOMSEL PAYA KATAK,4.626723,96.844701,25,PP 06 (Tkn),"6,358,012,104",23,"1,449,275,362",0
11229 - TAKENGON,GD112290065,BEB047-00,KANTOR RRI LEMBAGA,4.62565,96.843389,50,PP 06 (Tkn),"2,884,441,945",2,"3,333,333,333",0
11229 - TAKENGON,GD112290066,BEB048-00,SISIP PAYA ILANG,4.627859,96.841926,50,PP 06 (Tkn),"5,927,077,864","4,833,333,333","3,264,367,816",0
11229 - TAKENGON,GD112290067,BEB049-00,SISIP GELE RAO,4.641642,96.834532,50,PP 06 (Tkn),"5,940,649,444","4,206,666,667","2,958,267,301",0
11229 - TAKENGON,GD112290386,BEB050-00,KANTOR KEUANGAN,4.625099,96.841457,100,PP 06 (Tkn),"382,800,549",53,"1,886,792,453",0
11229 - TAKENGON,GD112290387,BEB051-00,BLANG KOLAK,4.62259,96.842012,50,GY 05 (Tkn),"7,650,352,947","5,233,333,333","3,864,118,896",0
11229 - TAKENGON,GD112290093,BEB052-00,SISIP PABRIK KOPI AMAN KUBA,4.630706,96.843394,100,PP 07 (Tkn),"5,390,873,423","7,566,666,667","6,461,086,637",0
11229 - TAKENGON,GD112290376,BEB053-00,BLANG GELE,4.630044,96.804671,100,GY 13 (Tkn),"4,291,548,474","5,89","4,210,526,316",0
11229 - TAKENGON,GD112290390,BEB054-00,PAYA ILANG,4.62561,96.834759,50,PP 06 (Tkn),"2,763,044,428","1,906,666,667","5,233,100,233",0
11229 - TAKENGON,GD112290384,BEB055-00,PEJEBEH,4.637035,96.837081,100,PP 06 (Tkn),"4,110,329,771",57,"350,877,193",0
11229 - TAKENGON,GD112290374,BEB056-00,DS UMANG ,4.629889,96.815058,50,GY 13 (Tkn),"1,622,739,157","1,133,333,333","4,509,803,922",0
11229 - TAKENGON,GD112290373,BEB057-00,PANTAN TERONG,4.642283,96.822893,50,PP 06 (Tkn),"4,220,314,998",31,"1,290,322,581",0
11229 - TAKENGON,GD112290385,BEB058-00, KEMILI,4.628485,96.843842,160,PP 06 (Tkn),"2,978,165,139","6,666,666,667","1,333,333,333",0
11229 - TAKENGON,GD112290372,BEB059-00,BEBESAN,4.636633,96.834344,100,GY 06 (Tkn),"1,405,270,555",20,"2,666,666,667",0
11229 - TAKENGON,GD112290388,BEB060-00,PAYA ILANG,4.624147,96.83364,100,GY 05 (Tkn),"7,821,887,561","1,108,666,667","2,677,891,361",0
11229 - TAKENGON,GD112290513,BEB061-00,KEBET,4.627459,96.833906,50,PP 06 (Tkn),"1,278,068,744","8,933,333,333","4,726,368,159",0
11229 - TAKENGON,GD112290515,BEB062-00,MASJID LEMAH,4.629388,96.841212,50,PP 06 (Tkn),"5,445,336,799",38,"4,210,526,316",0
11229 - TAKENGON,GD112290582,BEB063-00,SISIP LELABU,4.63231,96.824808,50,GY 13 (Tkn),"6,141,967,634",43,"1,875,968,992",0
11229 - TAKENGON,GD112290517,BEB064-00,GOR PBSI PAYA ILANG,4.625954,96.840532,50,PP 06 (Tkn),"4,408,646,656","3,066,666,667","3,405,797,101",0
11229 - TAKENGON,GD112290656,BEB065-00,PABRIK KOPI KETIARA,4.62996,96.815003,100,GY 13 (Tkn),"6,690,219,449","9,3","394,265,233",0
11229 - TAKENGON,GD112290573,BEB066-00,CV. SUKSES MADIRI,,,100,PP 06 (Tkn),0,0,#DIV/0!,0
11229 - TAKENGON,GD112290583,BEB067-00,SIMPANG EMPUS TALU,4.634973,96.834302,50,GY 13 (Tkn),"2,145,895,481","1,533,333,333","4,927,536,232",0
11229 - TAKENGON,GD112290584,BEB068-00,SISIP MONGAL,4.641257,96.834607,50,PP 06 (Tkn),"4,406,452,725",31,"5,591,397,849",0
11229 - TAKENGON,GD112290585,BEB069-00,DALING,4.64523,96.82362,50,PP 06 (Tkn),"3,511,906,217","2,466,666,667","1,531,531,532",0
11229 - TAKENGON,GD112290586,BEB070-00,PANTAN TERONG,4.65025,96.8075,50,PP 06 (Tkn),"4,364,768,035",3,0,0
11229 - TAKENGON,GD112290588,BEB071-00,KANTOR IMIGRASI GARDU B,4.62577,96.838808,100,GY 04 (Tkn),"0,277128129","0,4",50,0
11229 - TAKENGON,GD112290587,BEB072-00,KANTOR IMIGRASI TRAFO A,4.625804,96.838805,100,PP 06 (Tkn),0,0,0,0
11229 - TAKENGON,GD112290071,BEB073-00,TERMINAL BUS,4.624253,96.851069,200,GY 05 (Tkn),"45,412,159","1,303,333,333","3,341,858,483",0
11229 - TAKENGON,GD112290074,BEB074-00,JL. LTG. KEBAYAKAN II,4.626252,96.851476,160,GY 05 (Tkn),"3,672,019,881",82,"1,382,113,821",0
11229 - TAKENGON,GD112290077,BEB075-00,TELKOMSEL BLANG MERSA,4.625701,96.852051,200,GY 05 (Tkn),"3,944,457,039",112,"1,369,047,619",0
11229 - TAKENGON,GD112290079,BEB076-00,BANK MANDIRI,4.627842,96.851773,50,GY 05 (Tkn),"2,885,073,181","2,013,333,333","4,514,348,786",0
11229 - TAKENGON,GD112290080,BEB077-00,SISIPAN TERMINAL,4.624352,96.850126,160,GY 05 (Tkn),"5,356,800,135","1,186,666,667","15,917,603",0
11229 - TAKENGON,GD112290083,BEB078-00,ALFITRAH,4.623784,96.854229,50,GY 05 (Tkn),"7,049,947,157","5,033,333,333","2,958,057,395",0
11229 - TAKENGON,GD112290086,BEB079-00,DEPAN HARCO,4.625761,96.851381,50,GY 05 (Tkn),"6,722,666,534","4,733,333,333","2,629,107,981",0
11229 - TAKENGON,GD112290088,BEB080-00,SISIP MITRA GALERI,4.627258,96.85166,50,GY 05 (Tkn),"2,049,208,555","1,466,666,667","2,121,212,121",0
11229 - TAKENGON,GD112290089,BEB081-00,SISIP TERMINAL 2,4.62469,96.851158,50,GY 05 (Tkn),"4,006,964,828","2,933,333,333","2,878,787,879",0
11229 - TAKENGON,GD112290098,BEB082-00,SISIP ALFITRAH,4.623799,96.854103,100,GY 05 (Tkn),"5,001,008,032",71,"9,389,671,362",0
11229 - TAKENGON,GD112290099,BEB083-00,IDOLA KAFE,4.624543,96.848673,100,GY 05 (Tkn),"5,218,630,593","7,433,333,333","956,651,719",0
11229 - TAKENGON,GD112290589,BEB084-00,SISIP MES TIMERUANG,4.627508,96.849894,50,GY 05 (Tkn),"2,575,213,141",18,"3,333,333,333",0
11229 - TAKENGON,GD112290590,BEB085-00,DERMAGA TAKENGON,4.624296,96.857013,50,GY 05 (Tkn),"5,000,777,092",36,"3,148,148,148",0
11229 - TAKENGON,GD112290591,BEB086-00,DINAS PERHUBUNGAN,4.626258,96.838228,50,PP 06 (Tkn),"3,849,001,795","2,666,666,667","6,666,666,667",0
11229 - TAKENGON,GD112290677,BEB087-00,Kebet Pujasera,4.631704,96.83486,50,GY06 (Tkn),"8,431,623,331",6,"1,111,111,111",0
11229 - TAKENGON,GD112290655,BEB088-00,MR DIY,4.627224,96.845075,100,PP 06 (Tkn),"5,493,102,911","7,666,666,667","5,797,101,449",0
11229 - TAKENGON,GD112290659,BEB089-00,PDAM TAN SARIL,4.621823,96.828689,100,GY 05 (Tkn),"397,869,391",57,"2,339,181,287",0
11229 - TAKENGON,GD112290660,BEB090-00,LORONG ALMUSLIM,4.6268,96.851583,50,GY 05 (Tkn),"1,361,992,379",97,"824,742,268",0
11229 - TAKENGON,GD112290674,BEB091-00,DS ULU NUWIH,4.641212,96.796846,50,GY 13 (Tkn),#DIV/0!,"0,1","1,333,333,333",0
11229 - TAKENGON,GD112290679,BEB092-00,KERAMAT MEUPAKAT Depan Dermaga,4.623986,96.857016,50,GY 05 (Tkn),0,0,#DIV/0!,0
11229 - TAKENGON,GD112290681,BEB093-00,BSI WARIJI,4.624841,96.84592,50,PP 07 (Tkn),"0,354323709","0,246666667","1,333,333,333",0
,,BEB094-00,,4.63506,96.812474,,,,,,
11229 - TAKENGON,GD112290138,BIE001-00,UNING NIKE,4.609156,96.806315,50,GY 11 (Akp),"6,329,260,061","5,033,333,333","2,428,256,071",0
11229 - TAKENGON,GD112290139,BIE002-00,LUKUP BADAK,4.597733,96.80098,50,GY 11 (Akp),"7,465,908,781","5,433,333,333","1,676,891,616",0
11229 - TAKENGON,GD112290141,BIE003-00,BURLAH,4.587334,96.77326,50,GY 11 (Akp),"2,076,728,918",15,"6,222,222,222",0
11229 - TAKENGON,GD112290153,BIE004-00,TEBES LUES,4.600073,96.792015,50,GY 11 (Akp),"6,469,094,296",47,"3,120,567,376",0
11229 - TAKENGON,GD112290155,BIE005-00,BLES JANARATA,4.607835,96.798409,25,GY 11 (Akp),"36,897,301",13,"1,025,641,026",0
11229 - TAKENGON,GD112290154,BIE006-00,PUCUK DEKU,4.605109,96.781822,50,GY 11 (Akp),"8,682,732,208","6,133,333,333","2,246,376,812",0
11229 - TAKENGON,GD112290140,BIE007-00,DS.LENGA,4.594796,96.784593,50,GY 11 (Akp),"6,121,067,554",45,"1,777,777,778",0
11229 - TAKENGON,GD112290159,BIE008-00,BIES PENANTANAN,4.617259,96.801133,100,GY 11 (Akp),"3,609,940,293",51,"2,745,098,039",0
11229 - TAKENGON,GD112290143,BIE009-00,TALANG MAS,4.595939,96.766172,100,GY 11 (Akp),"0,451487911","0,666666667","1,333,333,333",0
11229 - TAKENGON,GD112290157,BIE010-00,BIES MULI,4.612915,96.79642,50,GY 11 (Akp),"6,485,952,924","4,566,666,667","3,260,340,633",0
11229 - TAKENGON,GD112290158,BIE011-00,BIES PILAR,4.621437,96.799604,50,GY 11 (Akp),"7,989,373,025","5,666,666,667","3,137,254,902",0
11229 - TAKENGON,GD112290156,BIE012-00,ARUL LATONG,4.609977,96.790148,50,GY 11 (Akp),"7,691,845,186","5,333,333,333","5,416,666,667",0
11229 - TAKENGON,GD112290393,BIE013-00,ATANG JUNGKET,4.596562,96.796081,50,GY 11 (Akp),"7,124,810,242","5,133,333,333","1,731,601,732",0
11229 - TAKENGON,GD112290592,BIE014-00,UNING,4.607771,96.806896,50,GY 11 (Akp),"3,926,251,261","2,766,666,667","4,899,598,394",0
11229 - TAKENGON,GD112290593,BIE015-00,TEBES LUES,4.608085,96.796934,50,GY 11 (Akp),"1,705,723,635",12,"7,222,222,222",0
11229 - TAKENGON,GD112290675,BIE016-00,SANEHEN 2,4.592464,96.773742,50,GY 11 (Akp),"3,246,633,014","2,333,333,333","1,904,761,905",0
11229 - TAKENGON,GD112290227,BIN001-00,LINUNG BULAN I,4.580796,96.997049,50,DD 03 (Btg),"2,193,007,262",16,"12,5",0
11229 - TAKENGON,GD112290228,BIN002-00,DEDAMAR,4.584013,97.018025,50,DD 03 (Btg),"7,447,087,162","5,433,333,333","2,862,985,685",0
11229 - TAKENGON,GD112290229,BIN003-00,MENGAYA,4.580616,96.968636,25,DD 03 (Btg),"4,844,661,579",17,"2,352,941,176",0
11229 - TAKENGON,GD112290230,BIN004-00,KELITU,4.630324,96.945614,50,DD 03 (Btg),"5,115,369,573","3,673,333,333","4,041,137,326",0
11229 - TAKENGON,GD112290231,BIN005-00,MERODOT,4.605142,96.990899,50,DD 03 (Btg),"3,772,907,029","2,766,666,667","4,658,634,538",0
11229 - TAKENGON,GD112290232,BIN006-00,BEWANG,4.577235,96.9811,50,DD 03 (Btg),"2,111,870,305","1,466,666,667","5,606,060,606",0
11229 - TAKENGON,GD112290233,BIN007-00,NOSAR,4.588872,96.947963,50,DD 03 (Btg),"4,549,520,121","3,333,333,333","2,666,666,667",0
11229 - TAKENGON,GD112290234,BIN008-00,PLTD BINTANG,4.584597,97.004114,100,DD 03 (Btg),"9,397,530,332","1,366,666,667","8,943,089,431",0
11229 - TAKENGON,GD112290235,BIN009-00,SINTEP,4.634655,96.95202,25,DD 03 (Btg),"8,611,756,615",3,"6,666,666,667",0
11229 - TAKENGON,GD112290236,BIN010-00,WIH KONYEL,4.527364,97.094479,50,DD 03 (Btg),"2,673,201,028","18,7","816,399,287",0
11229 - TAKENGON,GD112290237,BIN011-00,PULO SANGE,4.548924,97.061849,50,DD 03 (Btg),"5,258,506,252","3,666,666,667","303,030,303",0
11229 - TAKENGON,GD112290238,BIN012-00,GEGARANG ,4.622005,96.965818,50,DD 03 (Btg),"2,233,652,721",16,"6,666,666,667",0
11229 - TAKENGON,GD112290239,BIN013-00,SP 3 PULO,4.586845,97.008532,100,DD 03 (Btg),"3,571,941,023","5,283,333,333","1,821,240,799",0
11229 - TAKENGON,GD112290240,BIN014-00,SERULE,4.634528,96.937476,50,DD 03 (Btg),"0,726075699","0,533333333","1,333,333,333",0
11229 - TAKENGON,GD112290241,BIN015-00,TELKOMSEL GENUREN,4.593547,96.998728,25,DD 03 (Btg),"3,952,770,883","1,466,666,667","2,121,212,121",0
11229 - TAKENGON,GD112290242,BIN016-00,SISIP LINUNG BULEN,4.580835,96.997062,50,DD 03 (Btg),"3,312,720,375","2,433,333,333","3,470,319,635",0
11229 - TAKENGON,GD112290243,BIN017-00,LELABU,4.636565,96.931968,50,DD 03 (Btg),"8,439,321,335","6,333,333,333","4,912,280,702",0
11229 - TAKENGON,GD112290244,BIN018-00,SISIP KUALA I,4.58638,97.003792,50,DD 03 (Btg),"7,660,822,232","5,533,333,333","1,004,016,064",0
11229 - TAKENGON,GD112290245,BIN019-00,TELKOMSEL SERULE,4.49167,97.119057,50,DD 03 (Btg),"1,941,398,015","1,433,333,333","7,333,333,333",0
11229 - TAKENGON,GD112290246,BIN020-00,BAMIL NOSAR,4.591005,96.943088,50,DD 03 (Btg),"8,410,838,722",6,"5,555,555,556",0
11229 - TAKENGON,GD112290247,BIN021-00,KALANG ,4.593066,96.932445,50,DD 03 (Btg),"4,780,460,229","3,333,333,333","1,333,333,333",0
11229 - TAKENGON,GD112290248,BIN022-00,SISIP GENUREN,4.597514,96.996348,50,DD 03 (Btg),"2,899,453,052","2,066,666,667","688,172,043",0
11229 - TAKENGON,GD112290249,BIN023-00,SISIP TAJUREN,4.535454,97.078346,50,DD 03 (Btg),"4,757,366,218","3,333,333,333","1,333,333,333",0
11229 - TAKENGON,GD112290250,BIN024-00,SISIP UNING BINTANG,4.59972,96.99919,25,DD 03 (Btg),"1,130,682,767",4,"3,333,333,333",0
11229 - TAKENGON,GD112290408,BIN025-00,TANOH LIET,4.573659,97.03424,50,DD 03 (Btg),"1,389,682,098","0,966666667","9,885,057,471",0
11229 - TAKENGON,GD112290410,BIN026-00,JAMUR RAMUNG,4.516128,97.098707,25,DD 03 (Btg),"1,208,371,019","4,233,333,333","1,317,585,302",0
11229 - TAKENGON,GD112290407,BIN027-00,KUALA,4.585702,97.006764,0,DD 03 (Btg),#DIV/0!,0,#DIV/0!,0
11229 - TAKENGON,GD112290409,BIN028-00,LATONG,4.56003,97.091097,50,DD 03 (Btg),"1,836,743,656","1,333,333,333","8,333,333,333",0
11229 - TAKENGON,GD112290493,BIN029-00,SISP KALA SEGI,4.609029,96.986648,50,DD 03 (Btg),"1,407,579,956",10,40,0
11229 - TAKENGON,GD112290491,BIN030-00,SISIP BINTANG,4.584694,96.995243,50,DD 03 (Btg),"4,437,745,109",32,"3,541,666,667",0
11229 - TAKENGON,GD112290497,BIN031-00,SISIP GEGARANG,4.617126,96.973801,50,DD 03 (Btg),"7,525,568,309","5,333,333,333","5,416,666,667",0
11229 - TAKENGON,GD112290499,BIN032-00,DS PENENTONGEN,4.567762,97.043764,50,DD 03 (Btg),"0,315233247","0,233333333","1,333,333,333",0
11229 - TAKENGON,GD112290501,BIN033-00,DS JAMUR LUKUP,4.555836,97.053287,50,DD 03 (Btg),"1,047,467,348","0,733333333","1,242,424,242",0
11229 - TAKENGON,GD112290594,BIN035-00,SERULE,4.490116,97.132708,50,DD 03 (Btg),"2,074,927,585","14,9","6,621,923,937",0
11229 - TAKENGON,GD112290661,BIN036-00,BINTANG RESORT,4.590674,96.996084,50,DD 03 (Btg),"1,637,134,423","1,133,333,333","1,960,784,314",0
11229 - TAKENGON,GD112290028,BUK201-00,KP.MERIE SATU,4.676128,96.826034,50,PP 02 (Tkn),"3,868,747,174","2,766,666,667","4,257,028,112",0
11229 - TAKENGON,GD112290507,BUK202-00,MERIE SATU ATAS,4.680508,96.825302,50,PP 02 (Tkn),"1,423,745,764",10,"1,333,333,333",0
11229 - TAKENGON,GD112290182,CEL001-00,GENTING GERBANG,4.625397,96.706165,50,AK 05 (Akp),"6,270,986,174","4,433,333,333","1,002,506,266",0
11229 - TAKENGON,GD112290183,CEL002-00,BLANG KEKUMUR,4.605219,96.69602,50,AK 05 (Akp),"6,094,509,442","4,333,333,333","6,666,666,667",0
11229 - TAKENGON,GD112290189,CEL003-00,DESA CELALA,4.593608,96.689784,100,AK 05 (Akp),"1,837,513,457","2,566,666,667","3,463,203,463",0
11229 - TAKENGON,GD112290192,CEL004-00,PAYA KOLAK,4.577508,96.678506,50,AK 05 (Akp),"9,256,541,396","6,533,333,333","2,517,006,803",0
11229 - TAKENGON,GD112290196,CEL005-00,UNING BR RAMUNG,4.577121,96.703518,50,AK 05 (Akp),"6,591,492,553","4,733,333,333","2,910,798,122",0
11229 - TAKENGON,GD112290197,CEL006-00,DESA KUYUN UKEN,4.571037,96.719721,50,AK 05 (Akp),"4,487,705,152","3,233,333,333","1,993,127,148",0
11229 - TAKENGON,GD112290199,CEL007-00,DESA KUYUN LAH,4.565305,96.737343,50,AK 05 (Akp),"3,397,975,764","2,466,666,667","3,423,423,423",0
11229 - TAKENGON,GD112290200,CEL008-00,BLANG JORONG,4.577776,96.669536,100,AK 05 (Akp),"2,812,850,511",12,"7,777,777,778",0
11229 - TAKENGON,GD112290201,CEL009-00,ENANG-ENANG,4.5607,96.671499,25,AK 05 (Akp),"5,160,125,766","1,866,666,667","1,904,761,905",0
11229 - TAKENGON,GD112290202,CEL010-00,BASE CAMP ALUR GADENG,4.548621,96.677814,25,AK 05 (Akp),"3,397,975,764","1,233,333,333","7,387,387,387",0
11229 - TAKENGON,GD112290191,CEL011-00,BLANG DALEM,4.58466,96.683727,25,AK 05 (Akp),"5,110,319,683","1,833,333,333","6,666,666,667",0
11229 - TAKENGON,GD112290198,CEL012-00,TELKOMSEL KUYUN,4.568536,96.726209,25,AK 05 (Akp),"1,541,602,199","5,666,666,667","1,333,333,333",0
11229 - TAKENGON,GD112290190,CEL013-00,SISIP CELALA,4.592615,96.688994,50,AK 05 (Akp),"5,427,785,351",38,"3,684,210,526",0
11229 - TAKENGON,GD112290195,CEL014-00,INDOSAT BR GADING,4.586,96.690801,25,AK 05 (Akp),"1,311,585,852","4,666,666,667","1,904,761,905",0
11229 - TAKENGON,GD112290204,CEL015-00,TANAH DEPET,4.519565,96.628037,50,AK 05 (Akp),"5,459,270,185","3,933,333,333","1,807,909,605",0
11229 - TAKENGON,GD112290194,CEL016-00,TELKOMSELBR. GADING,4.586563,96.69021,25,AK 05 (Akp),"2,435,802,296","8,666,666,667","2,820,512,821",0
11229 - TAKENGON,GD112290203,CEL017-00,TELKOMSEL TANOH DEPET,4.512303,96.636836,25,AK 05 (Akp),"109,373,235",4,"3,333,333,333",0
11229 - TAKENGON,GD112290193,CEL018-00,BR. GADING,4.58893,96.686875,50,AK 05 (Akp),"2,674,401,917",19,"4,912,280,702",0
11229 - TAKENGON,GD112290397,CEL019-00,CELALA,,,50,0,0,#DIV/0!,0,0
11229 - TAKENGON,GD112290596,CEL020-00,SISIP GENTING GERBANG,4.627335,96.707414,50,AK 05 (Akp),"3,630,224,533","2,533,333,333","4,122,807,018",0
11229 - TAKENGON,GD112290597,CEL021-00,SISIP KUYUN LAH,4.567271,96.72884,50,AK 05 (Akp),"343,073,077","2,433,333,333","2,922,374,429",0
11229 - TAKENGON,GD112290598,CEL022-00,PT WAHANA GLOBAL,4.537147,96.678014,50,AK 05 (Akp),"0,925300031","0,666666667","6,666,666,667",0
11229 - TAKENGON,GD112290657,CEL023-00,TANOH DEPET ATAS,4.514744,96.615208,50,AK 05 (Akp),"0,932228235","0,666666667","6,666,666,667",0
11229 - TAKENGON,GD112290282,JJG001-00,RAMUNG PAYUNG 1,4.372741,96.754286,100,GY 09 (Jgj),"4,703,326,233",68,"1,666,666,667",0
11229 - TAKENGON,GD112290293,JJG002-00,DESA JEGET AYU,4.379242,96.76896,100,GY 09 (Jgj),"5,089,881,483","7,433,333,333","1,405,082,212",0
11229 - TAKENGON,GD112290294,JJG003-00,DESA PANTAN GADING ,4.378927,96.776228,100,GY 09 (Jgj),"3,248,114,879",47,"1,134,751,773",0
11229 - TAKENGON,GD112290280,JJG004-00,DESA BUKIT SARI,4.398366,96.761516,25,GY 09 (Jgj),"8,908,206,733","3,233,333,333","1,512,027,491",0
11229 - TAKENGON,GD112290283,JJG005-00,BERAWANG DEWAL 1,4.375025,96.714024,50,GY 09 (Jgj),"8,097,068,095","5,766,666,667","2,504,816,956",0
11229 - TAKENGON,GD112290288,JJG006-00,GEGARANG 1,4.408319,96.710041,50,GY 09 (Jgj),"6,122,222,254",44,"3,333,333,333",0
11229 - TAKENGON,GD112290286,JJG007-00,BERAWANG DEWAL 2,4.40416,96.705683,25,GY 09 (Jgj),"7,551,741,521",25,"6,666,666,667",0
11229 - TAKENGON,GD112290284,JJG008-00,GEGARANG 2,4.37809,96.706413,50,GY 09 (Jgj),"6,009,446,502","4,333,333,333","1,948,717,949",0
11229 - TAKENGON,GD112290295,JJG009-00,DESA ARUL KULIT,4.381758,96.78578,50,GY 09 (Jgj),"5,607,379,774","4,033,333,333","3,415,977,961",0
11229 - TAKENGON,GD112290281,JJG010-00,RAMUNG PAYUNG 2,4.373797,96.755168,50,GY 09 (Jgj),"4,008,311,979",29,"4,367,816,092",0
11229 - TAKENGON,GD112290292,JJG011-00,PLTD JAGONG,4.376601,96.759992,160,GY 09 (Jgj),"3,641,636,823",87,"7,662,835,249",0
11229 - TAKENGON,GD112290297,JJG012-00,GEMBOYAH 2,4.391506,96.812269,100,GY 09 (Jgj),"2,433,993,265","3,566,666,667","2,180,685,358",0
11229 - TAKENGON,GD112290296,JJG013-00,GEMBOYAH 1,4.388953,96.802724,50,GY 09 (Jgj),"5,870,766,967","4,233,333,333","5,249,343,832",0
11229 - TAKENGON,GD112290298,JJG014-00,DESA KALA BERAWAN ,4.397115,96.829773,25,GY 09 (Jgj),"5,195,921,483","5,033,333,333","6,666,666,667",0
11229 - TAKENGON,GD112290299,JJG015-00,DESA ALUR ITEM,4.39722,96.856274,25,GY 09 (Jgj),"3,846,923,334","4,033,333,333","6,666,666,667",0
11229 - TAKENGON,GD112290285,JJG016-00,BERAWANG DEWAL RT 8,4.387711,96.704151,16,GY 09 (Jgj),"372,150,361","2,333,333,333","7,619,047,619",0
11229 - TAKENGON,GD112290289,JJG017-00,MERA SAID,4.411758,96.68912,25,GY 09 (Jgj),0,0,#DIV/0!,0
11229 - TAKENGON,GD112290290,JJG018-00,BERAWANG BARO,4.415412,96.681135,25,GY 09 (Jgj),0,0,#DIV/0!,0
11229 - TAKENGON,GD112290287,JJG019-00,TELKOMSEL BERAWANG DEWAL,4.404995,96.706345,25,GY 09 (Jgj),"6,466,323,015","6,666,666,667","1,333,333,333",0
11229 - TAKENGON,GD112290300,JJG020-00,DESA ARUL ITEM,4.394126,96.867419,50,GY 09 (Jgj),"5,979,424,288","4,333,333,333","2,717,948,718",0
11229 - TAKENGON,GD112290291,JJG021-00,SISIP BERAWANG BARO ,4.417244,96.672853,50,GY 09 (Jgj),"413,960,143",30,"2,888,888,889",0
11229 - TAKENGON,GD112290664,JJG022-00,SISIP GEGARANG,4.374528,96.73202,50,GY 09 (Jgj),"3,843,189,802","2,766,666,667","6,666,666,667",0
11229 - TAKENGON,GD112290415,JJG023-00,PASIR PUTIH,4.377328,96.690362,25,GY 09 (Jgj),"3,661,170,507","1,333,333,333","3,333,333,333",0
11229 - TAKENGON,GD112290416,JJG024-00,NOSAR BARU,4.407044,96.683843,50,GY 09 (Jgj),"2,855,035,571","2,033,333,333","5,464,480,874",0
11229 - TAKENGON,GD112290599,JJG025-00,SISIP JAGUNG JEGET,4.377769,96.763623,50,GY 09 (Jgj),"1,000,609,601","7,233,333,333","1,321,044,547",0
11229 - TAKENGON,GD112290600,JJG026-00,PANTAN DALU,4.376436,96.75513,50,GY 09 (Jgj),"4,743,509,812","3,466,666,667","2,179,487,179",0
11229 - TAKENGON,GD112290601,JJG027-00,PAYA TUNGEL,4.370353,96.756926,50,GY 09 (Jgj),"5,399,495,188",39,"1,367,521,368",0
11229 - TAKENGON,GD112290602,JJG028-00,PAYA DEDEP,4.373771,96.752124,50,GY 09 (Jgj),"0,466114117","0,333333333","1,333,333,333",0
11229 - TAKENGON,GD112290666,JJG029-00,STONE CRUISER JAGUNG JEGET,4.378992,96.791603,160,GY 09 (Jgj),"8,631,386,524","3,466,666,667","1,025,641,026",0
11229 - TAKENGON,GD112290667,JJG030-00,BUKIT KEMUNING,4.378846,96.776991,50,GY 09 (Jgj),"1,129,585,802",26,"1,538,461,538",0
11229 - TAKENGON,GD112290103,KBY001-00,R. S. U.,4.637594,96.852618,100,AY 05 (Tkn),"1,473,301,662","2,033,333,333","1,202,185,792",0
11229 - TAKENGON,GD112290104,KBY002-00,KP. KEBAYAKAN,4.638823,96.850619,100,AY 05 (Tkn),"3,441,057,641","4,873,333,333","1,253,989,968",0
11229 - TAKENGON,GD112290105,KBY003-00,NON PERUMNAS,4.639359,96.848233,100,AY 05 (Tkn),"4,723,129,347",67,"3,482,587,065",0
11229 - TAKENGON,GD112290106,KBY004-00,PLTD AYANGAN,4.649139,96.848435,100,AY 05 (Tkn),"3,525,358,479","4,766,666,667","2,703,962,704",0
11229 - TAKENGON,GD112290107,KBY005-00,KP. MENDALE,4.638827,96.86024,100,AY 05 (Tkn),"7,160,759,919","1,023,333,333","1,129,207,383",0
11229 - TAKENGON,GD112290108,KBY006-00,JL. LTG. KEBAYAKAN,4.629856,96.852171,200,AY 05 (Tkn),"6,881,399,368","1,973,333,333","5,630,630,631",0
11229 - TAKENGON,GD112290109,KBY007-00,JL. R.S.U. KEBAYAKAN,4.636592,96.847875,160,AY 05 (Tkn),"5,181,935,172",118,"2,259,887,006",0
11229 - TAKENGON,GD112290110,KBY008-00,SISIP BUKIT EIWEH,4.637475,96.85332,50,AY 05 (Tkn),"7,496,893,245",53,"3,270,440,252",0
11229 - TAKENGON,GD112290111,KBY009-00,R.S.U DATU BERU,4.635955,96.851942,200,AY 05 (Tkn),"5,964,836,571","1,713,333,333","8,300,907,912",0
11229 - TAKENGON,GD112290112,KBY010-00,MAMPAK KEBAYAKAN,4.634005,96.853065,50,AY 05 (Tkn),"8,102,187,268",57,"1,637,426,901",0
11229 - TAKENGON,GD112290113,KBY011-00,PDAM ORIGON,4.64181,96.864813,415,AY 05 (Tkn),"4,217,355,904","2,476,666,667","4,396,590,399",0
11229 - TAKENGON,GD112290114,KBY012-00,KALA PASIR,4.629965,96.853639,50,AY 05 (Tkn),"5,286,026,615","3,783,333,333","5,315,712,188",0
11229 - TAKENGON,GD112290115,KBY013-00,TELKOMSEL MAMPAK,4.635088,96.853052,25,AY 05 (Tkn),"130,835,269","4,666,666,667","3,333,333,333",0
11229 - TAKENGON,GD112290116,KBY014-00,SISIPAN GUNUNG BALOHEN,4.638449,96.853471,50,AY 05 (Tkn),"9,641,595,535","6,866,666,667","1,197,411,003",0
11229 - TAKENGON,GD112290117,KBY015-00,JONGOK MULEUM,4.641347,96.85387,50,AY 05 (Tkn),"7,408,635,634","5,233,333,333","1,231,422,505",0
11229 - TAKENGON,GD112290118,KBY016-00,PAYA REJE,4.656195,96.846529,50,AY 05 (Tkn),"7,467,987,242","5,266,666,667","1,308,016,878",0
11229 - TAKENGON,GD112290119,KBY017-00,SPBU MAMPAK,4.632425,96.85272,50,AY 05 (Tkn),"2,283,589,671","1,646,666,667","298,245,614",0
11229 - TAKENGON,GD112290120,KBY018-00,BANK MANDIRI SYARIAH,4.629333,96.852071,50,AY 05 (Tkn),"15,736,028","11,3","7,138,643,068",0
11229 - TAKENGON,GD112290121,KBY019-00,SISIP MAMPAK,4.634422,96.855714,50,AY 05 (Tkn),"1,041,350,515","73,8","1,878,952,123",0
11229 - TAKENGON,GD112290122,KBY020-00,SISIP MENDALE,4.643334,96.858734,50,AY 05 (Tkn),"5,263,586,934","3,733,333,333","4,166,666,667",0
11229 - TAKENGON,GD112290123,KBY021-00,SISIP RSU,4.635532,96.851998,50,AY 05 (Tkn),"7,197,017,516",53,"251,572,327",0
11229 - TAKENGON,GD112290124,KBY022-00,SISIP LENTIK,4.637572,96.848402,100,AY 05 (Tkn),"4,172,799,071","5,833,333,333","419,047,619",0
11229 - TAKENGON,GD112290125,KBY023-00,SISIP PERUMNAS,4.638469,96.847333,50,AY 05 (Tkn),"6,181,727,822","4,366,666,667","1,017,811,705",0
11229 - TAKENGON,GD112290126,KBY024-00,SISIP JL. ABDUL WAHAB,4.636482,96.846499,50,AY 05 (Tkn),"7,845,497,338",57,"3,040,935,673",0
11229 - TAKENGON,GD112290127,KBY025-00,SISIP ULUH KUNING,4.638373,96.843958,50,AY 05 (Tkn),"5,547,181,386",40,"8,333,333,333",0
11229 - TAKENGON,GD112290128,KBY026-00,SISIP SP. 4,4.634917,96.843754,50,PP 06 (Tkn),"6,980,203,245","5,033,333,333","1,501,103,753",0
11229 - TAKENGON,GD112290129,KBY027-00,SISIP GELENGANG,4.633519,96.844632,50,AY 05 (Tkn),"7,166,879,832",51,"2,875,816,993",0
11229 - TAKENGON,GD112290130,KBY028-00,SISIP NUNANG ANTARA,4.632993,96.847757,50,AY 05 (Tkn),"6,336,765,615",46,"1,884,057,971",0
11229 - TAKENGON,GD112290131,KBY029-00,SISIP JL. LINTANG,4.631376,96.852495,100,AY 05 (Tkn),"3,356,321,867","4,703,333,333","1,554,453,107",0
11229 - TAKENGON,GD112290132,KBY030-00,SISIP MEPAR,4.64027,96.900135,25,AY 05 (Tkn),"7,445,509,071",26,"3,769,230,769",0
11229 - TAKENGON,GD112290133,KBY031-00,KANTOR KPPN,4.636954,96.848002,50,AY 05 (Tkn),"1,263,704,269",9,"4,444,444,444",0
11229 - TAKENGON,GD112290392,KBY032-00,PDAM ORIGON,4.647098,96.861786,100,AY 05 (Tkn),"0,022901561","0,033333333","1,333,333,333",0
11229 - TAKENGON,GD112290391,KBY033-00,MENDELE,4.639992,96.861815,50,AY 05 (Tkn),"1,074,718,281","7,666,666,667","4,927,536,232",0
11229 - TAKENGON,GD112290641,KBY034-00,BEBULI,4.641199,96.87267,50,AY 05 (Tkn),"2,353,418,261","1,673,333,333","379,814,077",0
11229 - TAKENGON,GD112290642,KBY035-00,JALAN LINTANG,4.630901,96.852392,50,AY 05 (Tkn),"7,290,394,299","5,166,666,667","9,462,365,591",0
11229 - TAKENGON,GD112290643,KBY036-00,SISIP KALA PASIR,4.630135,96.853061,50,AY 05 (Tkn),"1,426,347,689","1,013,333,333","3,574,561,404",0
11229 - TAKENGON,GD112290644,KBY037-00,LOT KALAH,4.638098,96.859194,50,AY 05 (Tkn),"4,651,980,549","3,233,333,333","2,611,683,849",0
11229 - TAKENGON,GD112290645,KBY038-00,KAMPUS MUHAMADDIYAH ,4.635128,96.851906,50,AY 05 (Tkn),"1,911,067,881","1,366,666,667","5,528,455,285",0
11229 - TAKENGON,GD112290435,KBY039-00,SISIP ASIR-ASIR ATAS,4.644105,96.853951,50,AY 05 (Tkn),"4,544,901,319",32,"5,791,666,667",0
11229 - TAKENGON,GD112290469,KBY040-00,KAMPUNG BUJANG,4.636224,96.84604,50,AY 05 (Tkn),"1,486,638,453","1,066,666,667","8,958,333,333",0
11229 - TAKENGON,GD112290658,KBY041-00,RSU DATU BERU 2,4.635955,96.851922,100,AY 05 (Tkn),"1,003,800,423","1,433,333,333","4,031,007,752",0
11229 - TAKENGON,GD112290646,KBY042-00,PABRIK KOPI ULUH KUNING,4.636593,96.844526,50,AY 05 (Tkn),"3,728,912,939","2,666,666,667","1,333,333,333",0
11229 - TAKENGON,GD112290647,KBY043-00,SAMSAT,4.636516,96.845236,100,AY 05 (Tkn),"4,040,489,634","5,666,666,667","5,098,039,216",0
11229 - TAKENGON,GD112290026,KBY044-00,KP. BUKIT SAMA,4.661541,96.816958,50,PP 02 (Tkn),"3,007,763,962","2,133,333,333","2,604,166,667",0
11229 - TAKENGON,GD112290023,KBY045-00,KP.PAYA TUMPI,4.652101,96.830536,100,PP 02 (Tkn),"627,366,123",87,"6,130,268,199",0
11229 - TAKENGON,GD112290027,KBY046-00,PT. TELKOM BUKIT SAMA,4.662687,96.811501,50,PP 02 (Tkn),"5,846,826,176",41,"1,300,813,008",0
11229 - TAKENGON,GD112290021,KBY047-00,INDOSAT PAYA TUMPI,4.647243,96.835765,25,PP 02 (Tkn),"9,532,283,884",34,"2,156,862,745",0
11229 - TAKENGON,GD112290022,KBY048-00,SPJAKUR DUA PAYATUMPI,4.648967,96.833998,100,PP 02 (Tkn),"3,548,852,786","4,993,333,333","246,105,919",0
11229 - TAKENGON,GD112290024,KBY049-00,REBE GEDUNG,4.655079,96.839858,50,PP 02 (Tkn),"3,311,296,244","2,333,333,333","1,619,047,619",0
11229 - TAKENGON,GD112290382,KBY050-00,PAYA TUMPI,4.654536,96.824011,50,PP 02 (Tkn),"2,392,154,615","1,666,666,667","2,533,333,333",0
11229 - TAKENGON,GD112290029,KBY051-00,KELUPAK MATA,4.678307,96.816631,50,PP 02 (Tkn),"4,177,706,548",30,"3,333,333,333",0
11229 - TAKENGON,GD112290025,KBY052-00,RRI BUKIT SAMA,4.663654,96.823145,50,PP 02 (Tkn),"8,995,117,194","6,333,333,333","8,070,175,439",0
11229 - TAKENGON,GD112290383,KBY053-00,KELUPAK MATA,4.675161,96.815842,100,PP 02 (Tkn),"9,642,134,396","1,366,666,667","4,552,845,528",0
11229 - TAKENGON,GD112290505,KBY054-00,PERUMAHAN KORPRI,4.658501,96.835139,50,PP 02 (Tkn),"1,558,499,317",11,"2,424,242,424",0
11229 - TAKENGON,GD112290030,KBY055-00,KP. PINANGAN,4.641337,96.839238,100,PP 06 (Tkn),"6,956,089,248",99,"1,077,441,077",0
11229 - TAKENGON,GD112290072,KBY056-00,TEMI DELEM,4.649675,96.843412,100,PP 07 (Tkn),"6,142,891,394","8,566,666,667","1,582,360,571",0
11229 - TAKENGON,GD112290076,KBY057-00,PERUMNAS DS. SOMOL PINANGAN,4.642766,96.845228,100,PP 07 (Tkn),"6,451,446,623","9,033,333,333","9,840,098,401",0
11229 - TAKENGON,GD112290078,KBY058-00,SISIP DS.SOMOL,4.648898,96.843399,25,PP 07 (Tkn),"856,947,918","3,026,666,667","46,989,721",0
11229 - TAKENGON,GD112290082,KBY059-00,SERIBU SATU,4.6298,96.847654,50,PP 07 (Tkn),"5,129,641,672",36,"2,222,222,222",0
11229 - TAKENGON,GD112290087,KBY060-00,SISIP GENESA BARU,4.629162,96.849768,50,PP 07 (Tkn),"2,267,762,575","15,8","2,658,227,848",0
11229 - TAKENGON,GD112290094,KBY061-00,SISIP UMAH OPAT,4.638579,96.840875,50,PP 07 (Tkn),"6,774,674,247","4,793,333,333","1,242,466,389",0
11229 - TAKENGON,GD112290095,KBY062-00,SISIP PINANGAN,4.64184,96.840187,50,PP 07 (Tkn),"4,801,475,779",34,"4,509,803,922",0
11229 - TAKENGON,GD112290096,KBY063-00,SISIP DS. AMAL,4.64304,96.842539,50,PP 07 (Tkn),"720,687,096","5,166,666,667","5,591,397,849",0
11229 - TAKENGON,GD112290509,KBY064-00,GRAND BAYU HILL,4.641801,96.839182,100,PP 06 (Tkn),"3,970,976,661","5,533,333,333","2,088,353,414",0
11229 - TAKENGON,GD112290654,KBY065-00,SISIP GENESA BARU,4.629304,96.848834,50,PP 07 (Tkn),"3,776,282,604","2,656,666,667","2,718,527,813",0
11229 - TAKENGON,GD112290648,KBY066-00,SISIP PINANGAN,4.644319,96.841348,50,PP 07 (Tkn),"2,988,057,073","2,133,333,333","4,583,333,333",0
11229 - TAKENGON,GD112290511,KBY067-00,SISIP KANDEPAG,4.642803,96.83834,50,PP 06 (Tkn),"2,759,156,936","1,966,666,667","1,129,943,503",0
11229 - TAKENGON,GD112290603,KBY068-00,SMAN 2 RUJUKAN TAKENGON,4.644843,96.840606,50,PP 07 (Tkn),"2,133,886,595",15,"1,777,777,778",0
11229 - TAKENGON,GD112290604,KBY069-00,SISIP PINANGAN,4.642996,96.844497,50,PP 07 (Tkn),"1,724,622,234","1,233,333,333","1,801,801,802",0
11229 - TAKENGON,GD112290668,KBY071-00,SAMPING SAMSAT,4.636575,96.844874,160,AY 05 (Tkn),"3,692,335,393","8,333,333,333","6,133,333,333",0
11229 - TAKENGON,GD112290682,KBY072-00,MEPAR 2,4.641125,96.885363,50,AY 09 ( Tkn ),"283,398,538","2,023,333,333","3,866,007,688",0
,,KBY073-00,,4.641972,96.863882,,,,,,
,,KBY074-00,,4.633096,96.855205,,,,,,
11229 - TAKENGON,GD112290173,KET001-00,TAPAK MOGE,4.66564,96.764009,50,AK 08 (Akp),"5,521,085,154",39,"2,905,982,906",0
11229 - TAKENGON,GD112290303,LNG001-00,ISAQ,4.458183,96.880559,50,GY 09 (Isq),"3,868,854,946","2,846,666,667","2,615,144,418",0
11229 - TAKENGON,GD112290307,LNG002-00,DISPOT 1,,,25,GY 09 (Isq),"9,648,077,254","34,3","3,070,942,663",0
11229 - TAKENGON,GD112290308,LNG003-00,DESA DESPOT 2,4.465252,96.840871,25,GY 09 (Isq),"2,658,798,064","1,053,333,333","1,244,725,738",0
11229 - TAKENGON,GD112290306,LNG004-00,TRANS GLP GADENG 3,4.478437,96.865027,25,GY 09 (Isq),"305,790,106","10,1","7,722,772,277",0
11229 - TAKENGON,GD112290310,LNG005-00,DESA KEMERLANG,4.464439,96.954338,25,GY 09 (Isq),"7,273,166,167","2,626,666,667","4,280,879,865",0
11229 - TAKENGON,GD112290311,LNG006-00,DESA TIRO,4.467547,96.964749,50,GY 09 (Isq),"2,245,661,607",17,"4,705,882,353",0
11229 - TAKENGON,GD112290312,LNG007-00,DESA UNING,4.456626,97.002778,50,GY 09 (Isq),"1,756,414,989","1,366,666,667","6,666,666,667",0
11229 - TAKENGON,GD112290314,LNG008-00,DESA PANTAN NANGKA,4.427078,97.010463,25,GY 09 (Isq),"7,884,680,176","2,833,333,333","1,725,490,196",0
11229 - TAKENGON,GD112290316,LNG009-00,DESA UMANG,4.499232,97.03754,25,GY 09 (Isq),"2,705,694,302",29,"1,057,471,264",0
11229 - TAKENGON,GD112290302,LNG010-00,BPP LINGE,4.431847,96.863598,50,GY 09 (Isq),"0,740240025","0,533333333","1,333,333,333",0
11229 - TAKENGON,GD112290301,LNG011-00,DESA PREGEN,4.409952,96.86257,50,GY 09 (Isq),"1,078,236,269","7,9","6,666,666,667",0
11229 - TAKENGON,GD112290304,LNG012-00,TELKOMSEL ISAQ,4.460332,96.883344,25,GY 09 (Isq),"2,886,640,495","10,6","5,220,125,786",0
11229 - TAKENGON,GD112290309,LNG013-00,PABRIK GETAH,4.462967,96.901016,50,GY 09 (Isq),0,0,#DIV/0!,0
11229 - TAKENGON,GD112290318,LNG014-00,MITRATEL,4.457625,97.039551,25,GY 09 (Isq),"2,051,567,994","7,496,666,667","1,488,068,771",0
11229 - TAKENGON,GD112290305,LNG015-00,SIMPANG GADING,4.473776,96.873495,50,GY 09 (Isq),"2,638,521,522","1,926,666,667","6,666,666,667",0
11229 - TAKENGON,GD112290317,LNG016-00,GELAMPANG,4.463549,97.032528,25,GY 09 (Isq),"7,439,350,669","2,666,666,667","6,666,666,667",0
11229 - TAKENGON,GD112290313,LNG017-00,DESA PANTAN NANGKA,4.429084,97.011914,50,GY 09 (Isq),"1,676,163,302","1,266,666,667","350,877,193",0
11229 - TAKENGON,GD112290315,LNG018-00,SISIP MUNGKUR,4.420815,97.012522,50,GY 09 (Isq),"4,879,302,595",38,"5,087,719,298",0
11229 - TAKENGON,GD112290418,LNG019-00,KATAPANG,4.402863,97.012149,50,GY 09 (Isq),"2,365,307,828","1,743,333,333","7,864,882,091",0
11229 - TAKENGON,GD112290417,LNG020-00, KEMULO,,,50,0,0,0,#DIV/0!,0
11229 - TAKENGON,GD112290419,LNG021-00,GEWAT,4.41363,96.97433,50,GY 09 (Isq),"6,342,385,157","4,666,666,667","9,047,619,048",0
11229 - TAKENGON,GD112290605,LNG022-00,SISIP ISAQ,4.459436,96.882591,50,GY 09 (Isq),"5,066,417,968","3,753,333,333","1,782,119,597",0
11229 - TAKENGON,GD112290606,LNG023-00,KUTE RAYANG,4.457708,96.892838,50,GY 09 (Isq),"9,545,909,351",7,"380,952,381",0
11229 - TAKENGON,GD112290607,LNG024-00,PABRIK GETAH ISAQ,4.473522,96.875622,250,GY 09 (Isq),"2,156,056,845",8,"1,666,666,667",0
11229 - TAKENGON,GD112290608,LNG025-00,PAYA JAMI,4.438364,96.866325,50,GY 09 (Isq),"1,486,638,453","1,066,666,667","1,083,333,333",0
11229 - TAKENGON,GD112290609,LNG026-00,TVRI ISAQ,4.475245,96.860262,50,GY 09 (Isq),"2,574,227,026","1,836,666,667","1,004,234,725",0
11229 - TAKENGON,GD112290320,LNG027-00,DESA OWAQ,4.405935,97.115625,50,GY 09 (Owq),"2,619,969,334","1,933,333,333","6,666,666,667",0
11229 - TAKENGON,GD112290330,LNG028-00,DESA LINGE,4.392858,97.198714,25,GY 09 (Owq),"1,781,471,991","1,933,333,333","6,666,666,667",0
11229 - TAKENGON,GD112290327,LNG029-00,DESA LUMUT,4.335684,97.14227,25,GY 09 (Owq),"1,318,833,368","51,3","2,703,053,931",0
11229 - TAKENGON,GD112290326,LNG030-00,DESA LANE,4.355345,97.134616,25,GY 09 (Owq),"0,09084414","0,033333333","1,333,333,333",0
11229 - TAKENGON,GD112290332,LNG031-00,DESA JAMAT,4.415078,97.251688,16,GY 09 (Owq),"1,820,075,073","7,566,666,667","6,666,666,667",0
11229 - TAKENGON,GD112290335,LNG032-00,DESA DELUNG SEKINEL,4.407557,97.252966,50,GY 09 (Owq),"7,655,664,569","5,666,666,667","8,745,098,039",0
11229 - TAKENGON,GD112290331,LNG033-00,DESA PAYONG ,4.423757,97.248632,50,GY 09 (Owq),"1,637,149,819","2,133,333,333","6,458,333,333",0
11229 - TAKENGON,GD112290319,LNG034-00,DESA PENARUN,4.456941,97.08112,25,GY 09 (Isq),"3,756,481,029","13,51","553,170,491",0
11229 - TAKENGON,GD112290333,LNG035-00,DESA PERTIK,4.397491,97.253721,25,GY 09 (Owq),"2,224,107,197","8,266,666,667","1,268,817,204",0
11229 - TAKENGON,GD112290329,LNG036-00,DESA KALALI,4.400757,97.148917,50,GY 09 (Owq),"1,774,613,069","1,3","8,205,128,205",0
11229 - TAKENGON,GD112290323,LNG037-00,KOMPI 114 OWAQ,4.368968,97.122782,50,GY 09 (Owq),"1,015,011,411","8,566,666,667","6,199,740,597",0
11229 - TAKENGON,GD112290321,LNG038-00,KETAPANG 2,4.385173,97.126964,50,GY 09 (Owq),"0,393521943","0,3","1,333,333,333",0
11229 - TAKENGON,GD112290325,LNG039-00,KETAPANG 2.2,4.357626,97.130402,25,GY 09 (Owq),"2,699,020,132","1,086,666,667","6,830,265,849",0
11229 - TAKENGON,GD112290322,LNG040-00,KETAPANG KOMPI,4.383096,97.121671,50,GY 09 (Owq),"5,766,343,549","4,2","4,603,174,603",0
11229 - TAKENGON,GD112290336,LNG041-00,KETAPANG 5,4.391948,97.127868,50,GY 09 (Owq),"0,72059472","0,533333333","1,666,666,667",0
11229 - TAKENGON,GD112290328,LNG042-00,TELKOMSEL OWAQ,4.392581,97.122811,25,GY 09 (Owq),"3,853,050,944","1,343,333,333","435,070,306",0
11229 - TAKENGON,GD112290324,LNG043-00,KETAPANG 2.1,4.369616,97.126498,25,GY 09 (Owq),"8,901,971,351","3,266,666,667","131,292,517",0
11229 - TAKENGON,GD112290334,LNG044-00,SISIP PERTIK,4.394172,97.256441,16,GY 09 (Owq),"3,274,120,901","13,7","6,666,666,667",0
11229 - TAKENGON,GD112290420,LNG045-00,DS OWAQ,4.398441,97.11866,50,GY 09 (Owq),"1,059,668,684","7,666,666,667","6,666,666,667",0
11229 - TAKENGON,GD112290610,LNG046-00,SIMPANG SIMPIL,4.430654,97.087808,50,GY 09 (Owq),"1,313,444,919","9,666,666,667","1,563,218,391",0
11229 - TAKENGON,GD112290134,LTW001-00,DEDALU,4.616276,96.853745,160,DD 01 (Tkn),"518,281,924","116,3","1,049,011,178",0
11229 - TAKENGON,GD112290402,LTW002-00,SISIP DEDALU,4.615634,96.854869,50,DD 01 (Tkn),"4,169,046,294",29,"1,609,195,402",0
11229 - TAKENGON,GD112290405,LTW003-00,SIMPANG ASIR-ASIR,4.617164,96.845905,100,DD 01 (Tkn),"5,458,038,505",78,"9,401,709,402",0
11229 - TAKENGON,GD112290403,LTW004-00,PDAM DEDALU,4.614521,96.860023,250,DD 01 (Tkn),"1,615,287,489",56,"9,523,809,524",0
11229 - TAKENGON,GD112290135,LTW005-00,HOTEL RENGGALI,4.611808,96.864074,100,DD 01 (Tkn),"2,513,860,052","3,466,666,667","2,179,487,179",0
11229 - TAKENGON,GD112290136,LTW006-00,SISIP BALE BAWAH,4.616157,96.848179,50,DD 01 (Tkn),"2,502,236,067","1,833,333,333","6,060,606,061",0
11229 - TAKENGON,GD112290389,LTW007-00,ASIR-ASIR,4.617681,96.842747,100,DD 01 (Tkn),"3,606,418,456","5,166,666,667","3,827,956,989",0
11229 - TAKENGON,GD112290064,LTW008-00,TELKOMSEL ASIR-ASIR ATAS,4.615549,96.84278,25,DD 01 (Tkn),"7,340,277,362","2,633,333,333","6,751,054,852",0
11229 - TAKENGON,GD112290038,LTW009-00,ASIR-ASIR ATAS,4.613874,96.842728,50,DD 01 (Tkn),"1,820,847,279",13,"1,538,461,538",0
11229 - TAKENGON,GD112290033,LTW010-00,SIMPANG ASIR-ASIR,4.616133,96.845829,25,DD 01 (Tkn),"2,392,416,347","8,533,333,333","1,927,083,333",0
11229 - TAKENGON,GD112290034,LTW011-00,SMA ASIR-ASIR,4.613947,96.845488,50,DD 01 (Tkn),"7,924,478,855",57,"1,286,549,708",0
11229 - TAKENGON,GD112290612,LTW012-00,ASIR-ASIR ATAS III,4.610166,96.844275,50,DD 01 (Tkn),"3,759,704,953","2,666,666,667","3,166,666,667",0
11229 - TAKENGON,GD112290613,LTW013-00,KAMPUNG BUJANG,4.612073,96.847854,50,DD 01 (Tkn),"714,293,904","5,033,333,333","1,766,004,415",0
11229 - TAKENGON,GD112290483,LTW014-00,BUR GAYO,4.609213,96.852899,50,DD 01 (Tkn),"9,691,786,519","6,666,666,667","6,333,333,333",0
11229 - TAKENGON,GD112290614,LTW015-00,POLRES,4.621639,96.847301,100,GY 05 (Tkn),"6,271,755,974",9,"1,481,481,481",0
11229 - TAKENGON,GD112290137,LTW016-00,PENDERE,4.618006,96.820067,50,DD 01 (Tkn),"2,469,442,571",17,"3,137,254,902",0
11229 - TAKENGON,GD112290615,LTW017-00,SIMPANG UNING,4.615508,96.815666,50,DD 01 (Tkn),"8,682,732,208","6,133,333,333","268,115,942",0
11229 - TAKENGON,GD112290226,LTW018-00,DS. ONE-ONE,4.606195,96.861901,50,DD 03 (Tkn),"6,406,401,755","4,503,333,333","3,246,977,547",0
11229 - TAKENGON,GD112290222,LTW019-00,PEDEMUN,4.602975,96.870612,50,DD 03 (Tkn),"1,705,492,695","1,166,666,667","380,952,381",0
11229 - TAKENGON,GD112290649,LTW020-00,TELKOMSEL KENAWAT,4.600136,96.866048,50,DD 03 (Tkn),"1,175,947,028",8,"3,333,333,333",0
11229 - TAKENGON,GD112290223,LTW021-00,KENAWAT,4.594835,96.862342,50,DD 03 (Tkn),"6,491,125,982","44,9","6,829,992,576",0
11229 - TAKENGON,GD112290487,LTW022-00,KENAWAT 2,4.589671,96.866651,50,DD 03 (Tkn),"1,837,359,497",13,"6,666,666,667",0
11229 - TAKENGON,GD112290489,LTW023-00,SISIP PEDEMUN,4.603204,96.872954,50,DD 03 (Tkn),"1,753,104,847","1,233,333,333","6,306,306,306",0
11229 - TAKENGON,GD112290224,LTW024-00,TOWEREN,4.601356,96.892723,100,DD 03 (Tkn),"4,058,541,452",58,"1,609,195,402",0
11229 - TAKENGON,GD112290406,LTW025-00,TOWEREN,4.598579,96.893079,50,DD 03 (Tkn),"497,541,217","3,433,333,333","5,889,967,638",0
11229 - TAKENGON,GD112290225,LTW026-00,KP. RAWE,4.590638,96.918258,50,DD 03 (Tkn),"4,581,851,736",32,"2,708,333,333",0
11229 - TAKENGON,GD112290068,LTW028-00,DEPAN KODIM,4.619349,96.849525,200,GY 05 (Tkn),"6,652,903,377","1,983,333,333","4,593,837,535",0
11229 - TAKENGON,GD112290069,LTW029-00,S.B.K. JL. LEBE KADER,4.621774,96.847608,50,GY 05 (Tkn),"1,070,291,929","7,666,666,667","3,768,115,942",0
11229 - TAKENGON,GD112290070,LTW030-00,DEPAN KANTOR POS,4.620865,96.84779,250,GY 05 (Tkn),"4,571,782,748",162,"1,069,958,848",0
11229 - TAKENGON,GD112290073,LTW031-00,JL. SENGEDA,4.623145,96.850882,160,GY 05 (Tkn),"4,710,456,509",107,"1,246,105,919",0
11229 - TAKENGON,GD112290075,LTW032-00,DS. BOOM,4.618891,96.852433,50,GY 05 (Tkn),"7,756,662,377","5,533,333,333","5,220,883,534",0
11229 - TAKENGON,GD112290032,LTW033-00,ASRAMA GENTALA/ KP. BARU,4.61912,96.847495,160,GY 05 (Tkn),"3,369,560,509","7,666,666,667","1,594,202,899",0
11229 - TAKENGON,GD112290081,LTW034-00,SISPAN SENGEDA,4.622641,96.850793,100,GY 05 (Tkn),"6,031,560,364","86,41","2,128,611,658",0
11229 - TAKENGON,GD112290084,LTW035-00,LR KURNIA,4.621586,96.853466,50,GY 05 (Tkn),"107,761,273",77,"6,926,406,926",0
11229 - TAKENGON,GD112290085,LTW036-00,SISIPAN KODIM,4.619312,96.850511,50,GY 05 (Tkn),"5,714,766,925","4,066,666,667","8,743,169,399",0
11229 - TAKENGON,GD112290035,LTW037-00,ASPOL,4.620035,96.844606,50,GY 05 (Tkn),"7,758,394,427","5,566,666,667","1,636,726,547",0
11229 - TAKENGON,GD112290036,LTW038-00,SISIP SIMPANG LIMA,4.619695,96.848324,50,GY 05 (Tkn),"2,670,591,405","1,866,666,667","869,047,619",0
11229 - TAKENGON,GD112290090,LTW039-00,SISIP HOTEL MAHARA,4.620994,96.850426,50,GY 05 (Tkn),"9,576,316,465","6,666,666,667","5,333,333,333",0
11229 - TAKENGON,GD112290091,LTW040-00,SISIP BANK BPD,4.619309,96.85012,50,GY 05 (Tkn),"4,135,559,978",29,"1,379,310,345",0
11229 - TAKENGON,GD112290092,LTW041-00,SISIP DEPAN KANTOR POS,4.621237,96.847555,50,GY 05 (Tkn),"7,672,946,588","5,433,333,333","7,075,664,622",0
11229 - TAKENGON,GD112290037,LTW042-00,SISIP MESJID RAYA,4.620971,96.845816,50,GY 05 (Tkn),"690,641,788","4,866,666,667","9,132,420,091",0
11229 - TAKENGON,GD112290097,LTW043-00,PASAR INPRES,4.621825,96.850607,50,GY 05 (Tkn),"3,531,844,047","2,466,666,667","990,990,991",0
11229 - TAKENGON,GD112290421,PCU001-00,ISE ISE,4.303272,97.149712,50,GY 09 (Owq),"1,464,260,357","1,133,333,333","862,745,098",0
11229 - TAKENGON,GD112290611,PCU002-00,SISIP ISE-ISE,4.279657,97.159402,50,GY 09 (Owq),"124,770,012","9,2","4,782,608,696",0
11229 - TAKENGON,GD112290354,PGS001-00,SP. KUTE LINTANG,4.603306,96.816641,100,GY 13 (Tkn),"11,159,026",160,"7,083,333,333",0
11229 - TAKENGON,GD112290355,PGS002-00,KUTE LINTANG,4.599613,96.819982,50,GY 13 (Tkn),0,0,#DIV/0!,0
11229 - TAKENGON,GD112290356,PGS003-00,DEPAN KANTOR CAMAT,4.595749,96.817199,50,GY 13 (Tkn),"5,038,189,389",36,"9,259,259,259",0
11229 - TAKENGON,GD112290357,PGS004-00,DS. WEH NAREH,4.578516,96.816218,100,GY 13 (Tkn),"4,817,637,737","6,913,333,333","2,963,677,274",0
11229 - TAKENGON,GD112290358,PGS005-00,GELELUNGI I,4.570902,96.81527,100,GY 13 (Tkn),"9,422,760,538","1,356,666,667","3,570,843,571",0
11229 - TAKENGON,GD112290359,PGS006-00,IE RELOP,4.560465,96.821565,50,GY 13 (Tkn),"6,827,744,283","4,866,666,667","2,283,105,023",0
11229 - TAKENGON,GD112290360,PGS007-00,DS. TEBOK,4.564081,96.829084,50,GY 13 (Tkn),"667,093,595","4,766,666,667","331,002,331",0
11229 - TAKENGON,GD112290361,PGS008-00,STM PERTANIAN,4.578975,96.814125,50,GY 13 (Tkn),"1,018,676,815","7,333,333,333","303,030,303",0
11229 - TAKENGON,GD112290362,PGS009-00,HT. CULTURAL,4.591962,96.811878,50,GY 13 (Tkn),"6,966,654,758",51,"1,176,470,588",0
11229 - TAKENGON,GD112290363,PGS010-00,DS. PEJEGET GELELUNGI II,4.572668,96.816877,50,GY 13 (Tkn),"1,070,045,593","7,633,333,333","2,125,181,951",0
11229 - TAKENGON,GD112290364,PGS011-00,DS. PEPALANG,4.565655,96.801864,50,GY 13 (Tkn),"8,281,974,141","5,733,333,333","2,015,503,876",0
11229 - TAKENGON,GD112290365,PGS012-00,INDOSAT KAYUKUL,4.606304,96.815647,50,GY 13 (Tkn),"3,480,575,343","2,466,666,667","5,045,045,045",0
11229 - TAKENGON,GD112290366,PGS013-00,DS. UNING  ,4.613665,96.812215,100,GY 13 (Tkn),"4,931,649,019","6,933,333,333","2,435,897,436",0
11229 - TAKENGON,GD112290367,PGS014-00,TELKOMSEL KAYUKUL,4.604077,96.816392,25,GY 13 (Tkn),"2,627,482,585","9,333,333,333","4,761,904,762",0
11229 - TAKENGON,GD112290368,PGS015-00,DSN. JELEBOK DALAM,4.538577,96.811402,25,GY 13 (Tkn),"4,871,219,691","2,633,333,333","6,666,666,667",0
11229 - TAKENGON,GD112290369,PGS016-00,PABRIK KOPI WEH NAREH,4.58093,96.81719,160,GY 13 (Tkn),"7,758,264,524","1,766,666,667","1,006,289,308",0
11229 - TAKENGON,GD112290370,PGS017-00,SISIP SP. KELAPING,4.597583,96.816956,50,GY 13 (Tkn),"1,019,485,105","7,266,666,667","1,620,795,107",0
11229 - TAKENGON,GD112290371,PGS018-00,DS. WEH LAH,4.549722,96.81945,50,GY 13 (Tkn),"7,296,360,252","5,166,666,667","7,311,827,957",0
11229 - TAKENGON,GD112290001,PGS019-00,TELKOMSEL PEJEGET GELELUNGI,4.572182,96.816955,25,GY 13 (Tkn),"2,228,110,159",8,25,0
11229 - TAKENGON,GD112290002,PGS020-00,KAMPUS GAJAH PUTIH,4.592382,96.809304,50,GY 13 (Tkn),"2,099,803,684","1,516,666,667","2,271,062,271",0
11229 - TAKENGON,GD112290003,PGS021-00,BLANG BEBANGKA,4.595416,96.814159,50,GY 13 (Tkn),"7,105,680,703","4,966,666,667","1,834,451,902",0
11229 - TAKENGON,GD112290004,PGS022-00,TELKOMSEL IE RELOP,4.560945,96.82143,25,GY 13 (Tkn),"7,470,142,683","2,666,666,667","3,166,666,667",0
11229 - TAKENGON,GD112290005,PGS023-00,SISIPAN PEPALANG,4.552315,96.797645,50,GY 13 (Tkn),"5,413,428,574","3,833,333,333","6,376,811,594",0
11229 - TAKENGON,GD112290006,PGS024-00,LUANG PEGASING,4.59021,96.833909,25,GY 13 (Tkn),"4,908,170,108","1,766,666,667","2,893,081,761",0
11229 - TAKENGON,GD112290007,PGS025-00,PDAM PEGASING,4.606687,96.81093,160,GY 13 (Tkn),"2,682,176,901","6,033,333,333","2,578,268,877",0
11229 - TAKENGON,GD112290008,PGS026-00,TELKOMSEL PEPALANG,4.559766,96.801798,25,GY 13 (Tkn),"1,305,119,529","4,666,666,667","2,380,952,381",0
11229 - TAKENGON,GD112290009,PGS027-00,SISIP KAYU KUL,4.608429,96.814936,50,GY 13 (Tkn),"1,280,331,957",90,"162,962,963",0
11229 - TAKENGON,GD112290010,PGS028-00,SISIP KP. JURUSEN,4.608193,96.812544,50,GY 13 (Tkn),"272,447,743","1,866,666,667","2,380,952,381",0
11229 - TAKENGON,GD112290011,PGS029-00,SISIP KP. KUTE LINTANG,4.601236,96.81917,50,GY 13 (Tkn),"9,777,157,379","7,133,333,333","2,024,922,118",0
11229 - TAKENGON,GD112290012,PGS030-00,SISIP SP. KELAPING II,4.595274,96.819279,50,GY 13 (Tkn),"1,862,866,832","13,3","4,862,155,388",0
11229 - TAKENGON,GD112290013,PGS031-00,SISIP KP. KUNG,4.58954,96.816503,50,GY 13 (Tkn),"1,006,059,787","7,266,666,667","5,198,776,758",0
11229 - TAKENGON,GD112290014,PGS032-00,SISIP KP. KALA NAREH,4.589125,96.803527,50,GY 13 (Tkn),"1,529,285,393",11,"5,454,545,455",0
11229 - TAKENGON,GD112290015,PGS033-00,SISIP STM,4.581814,96.816353,50,GY 13 (Tkn),"2,154,671,205",15,"4,444,444,444",0
11229 - TAKENGON,GD112290016,PGS034-00,SISIP KALA PEGASING,4.581593,96.808991,50,GY 13 (Tkn),"5,784,587,817","4,133,333,333","1,666,666,667",0
11229 - TAKENGON,GD112290017,PGS035-00,SISIP KP. PEGASING INDAH,4.563966,96.822993,25,GY 13 (Tkn),"1,867,535,671","6,666,666,667","1,333,333,333",0
11229 - TAKENGON,GD112290018,PGS036-00,SISIP KP. UJUNG GELE,4.568109,96.811413,50,GY 13 (Tkn),"3,701,700,496","2,566,666,667","1,645,021,645",0
11229 - TAKENGON,GD112290019,PGS037-00,SISIP KP. PEPALANG,4.562397,96.784484,16,GY 13 (Tkn),"1,000,740,467","0,666666667","1,333,333,333",0
11229 - TAKENGON,GD112290020,PGS038-00,SISIP KANTOR PERTANIAN,4.590368,96.814095,50,GY 13 (Tkn),"4,865,138,268","3,333,333,333","2,666,666,667",0
11229 - TAKENGON,GD112290377,PGS039-00,PEUGASENG,4.595444,96.811889,50,GY 13 (Tkn),"7,339,430,582","5,146,666,667","9,801,381,693",0
11229 - TAKENGON,GD112290380,PGS040-00,LELUMU,4.542993,96.814252,50,GY 13 (Tkn),"8,010,504,045","5,766,666,667","1,579,961,464",0
11229 - TAKENGON,GD112290381,PGS041-00,BLANG GELE,4.602667,96.812846,50,GY 13 (Tkn),"5,288,143,566","3,666,666,667","4,242,424,242",0
11229 - TAKENGON,GD112290378,PGS042-00,PEUGASENG INDAH,4.568374,96.813613,100,GY 13 (Tkn),"1,813,649,646","2,533,333,333","1,666,666,667",0
11229 - TAKENGON,GD112290379,PGS043-00,WIH ILANG,4.55536,96.82133,50,GY 13 (Tkn),"733,419,594","5,266,666,667","2,616,033,755",0
11229 - TAKENGON,GD112290650,PGS044-00,RSUD BLANG BEBANGKA,4.594386,96.810467,50,GY 13 (Tkn),"0,287289494","0,2",1.11E-09,0
11229 - TAKENGON,GD112290651,PGS045-00,SISIP LUANG,4.59531,96.820875,50,GY 13 (Tkn),"606,910,603","43,8","2,313,546,423",0
11229 - TAKENGON,GD112290652,PGS046-00,SISIP IE RELOP,4.562796,96.820935,50,GY 13 (Tkn),"3,620,679,008",26,"1,538,461,538",0
11229 - TAKENGON,GD112290653,PGS047-00,SISIP KUNG,4.592656,96.816844,50,GY 13 (Tkn),"8,209,343,478",59,"1,468,926,554",0
11229 - TAKENGON,GD112290519,PGS048-00,PEGASING,,,50,GY 13 (Tkn),"1,733,240,149","1,223,333,333","472,297,911",0
11229 - TAKENGON,GD112290616,PGS049-00,SISIP GELE LUNGI,4.57058,96.816125,50,GY 13 (Tkn),0,0,#DIV/0!,0
11229 - TAKENGON,GD112290617,PGS050-00,LAPANGAN PACUAN KUDA,4.6,96.81343,50,GY 13 (Tkn),"7,385,464,643",52,"2,307,692,308",0
11229 - TAKENGON,GD112290256,PGS051-00,WEH ILANG,4.485685,96.782304,50,GY 09 (Jgj),"5,671,658,104",41,"1,300,813,008",0
11229 - TAKENGON,GD112290257,PGS052-00,TRANS DESPOT 1,4.473151,96.769932,25,GY 09 (Jgj),"6,504,043,233","2,333,333,333","4,666,666,667",0
11229 - TAKENGON,GD112290258,PGS053-00,TRANS DESPOT 2,4.472697,96.768085,16,GY 09 (Jgj),"5,558,800,561",13,"6,666,666,667",0
11229 - TAKENGON,GD112290252,PGS054-00,TELKOMSEL JEJEM,4.490332,96.773017,25,GY 09 (Jgj),0,0,#DIV/0!,0
11229 - TAKENGON,GD112290253,PGS055-00,ARUL BADAK,4.503538,96.777186,50,GY 09 (Jgj),"3,463,485,775","2,466,666,667","4,414,414,414",0
11229 - TAKENGON,GD112290266,PGS056-00,ARUL BADAK,4.508681,96.741864,50,GY 09 (Jgj),"4,413,457,908","3,166,666,667","2,807,017,544",0
11229 - TAKENGON,GD112290265,PGS057-00,PANANG MATA,4.522671,96.761111,25,GY 09 (Jgj),"3,638,692,337",13,"6,666,666,667",0
11229 - TAKENGON,GD112290251,PGS058-00,ARUL BADAK,4.523729,96.783884,25,GY 09 (Jgj),"2,692,299,775","9,666,666,667","367,816,092",0
11229 - TAKENGON,GD112290254,PGS059-00,WEH ILANG,4.492264,96.779537,50,GY 09 (Jgj),"3,725,833,737","2,666,666,667","4,166,666,667",0
11229 - TAKENGON,GD112290264,PGS060-00,SISIP ARUL BADAK,4.507445,96.762822,50,GY 09 (Jgj),"147,924,837","1,066,666,667","1,666,666,667",0
11229 - TAKENGON,GD112290255,PGS061-00,DUSUN PILAR,4.479168,96.773334,50,GY 09 (Jgj),"5,843,939,425",42,"4,761,904,762",0
11229 - TAKENGON,GD112290267,PGS062-00,KALA WIH ILANG,4.507092,96.716478,50,GY 09 (Jgj),"1,849,060,462","1,333,333,333","3,333,333,333",0
11229 - TAKENGON,GD112290268,PGS063-00,TRAN ARUL BADAK 1,4.508368,96.685456,50,GY 09 (Jgj),"1,852,139,664","1,333,333,333","3,333,333,333",0
11229 - TAKENGON,GD112290259,PGS064-00,TRANS ARUL BADAK 2,4.477862,96.74541,50,GY 09 (Jgj),"1,064,980,307","7,666,666,667","2,028,985,507",0
11229 - TAKENGON,GD112290411,PGS065-00,SP. KULIT MANIS,4.528949,96.789508,25,GY 09 (Jgj),"3,079,201,436","3,333,333,333","6,666,666,667",0
11229 - TAKENGON,GD112290412,PGS066-00,DESPOT,4.50309,96.763231,50,GY 09 (Jgj),"2,313,250,079","1,666,666,667","6,666,666,667",0
11229 - TAKENGON,GD112290413,PGS067-00, KALAH WIH ILANG,4.482078,96.740981,50,GY 09 (Jgj),"9,631,126,251","6,933,333,333","108,974,359",0
11229 - TAKENGON,GD112290618,PGS068-00,PILAR WIH ILANG II,4.503168,96.763254,50,GY 09 (Jgj),"2,313,250,079","1,666,666,667","1,333,333,333",0
11229 - TAKENGON,GD112290672,PGS069-00,BLANG BEBANGKA 2,4.590087,96.808049,100,GY 13 (Tkn),"2,781,596,617","3,866,666,667","2,011,494,253",0
11229 - TAKENGON,GD112290669,PGS070-00,KALA WIH ILANG 3,4.480425,96.731879,50,GY 09 (Jgj),"0,047034802","0,033333333","1,333,333,333",0
11229 - TAKENGON,GD112290670,PGS071-00,PEGASING DEKAN PACUAN KUDA,4.59988,96.81342,160,GY 13 (Tkn),0,0,#DIV/0!,0
11229 - TAKENGON,GD112290673,PGS072-00,KP. KALA NAREH 2,4.590878,96.804526,50,GY 13 (Tkn),"3,021,389,429",21,"4,126,984,127",0
,,PGS074-00,,4.609314,96.814648,,,,,,
,,PGS075-00,,4.568854,96.814465,,,,,,
11229 - TAKENGON,GD112290206,RAT001-00,JERATA,4.626454,96.67487,100,AK 06 (Akp),"9,253,000,314","1,333,333,333","3,166,666,667",0
11229 - TAKENGON,GD112290209,RAT002-00,DESA RUSIP,4.62925,96.643368,50,AK 06 (Akp),"3,598,046,878","2,533,333,333","2,543,859,649",0
11229 - TAKENGON,GD112290221,RAT003-00,TERMIARA,4.599048,96.641202,50,AK 06 (Akp),"175,953,268","1,266,666,667","8,771,929,825",0
11229 - TAKENGON,GD112290220,RAT004-00,SPII RUSIP,4.612583,96.629996,50,AK 06 (Akp),"5,879,350,241","4,166,666,667","2,666,666,667",0
11229 - TAKENGON,GD112290208,RAT005-00,PANTAN PERTIK,4.640843,96.633896,50,AK 06 (Akp),"3,991,414,861","2,833,333,333","3,450,980,392",0
11229 - TAKENGON,GD112290205,RAT006-00,JERATA PELANG,4.625874,96.683289,25,AK 06 (Akp),"508,391,553",18,"6,666,666,667",0
11229 - TAKENGON,GD112290211,RAT007-00,KARAWANG I,4.625784,96.62468,25,AK 06 (Akp),"8,306,915,673",3,"6,666,666,667",0
11229 - TAKENGON,GD112290212,RAT008-00,KARAWANGII,4.618942,96.610276,25,AK 06 (Akp),"2,259,518,014",8,"5,833,333,333",0
11229 - TAKENGON,GD112290184,RAT009-00,GENTING,4.626915,96.703207,100,AK 06 (Akp),"5,186,799,348","7,233,333,333","3,993,855,607",0
11229 - TAKENGON,GD112290207,RAT010-00,ATU SINGKIH,4.627588,96.655174,50,AK 06 (Akp),"8,902,779,641","6,366,666,667","1,710,296,684",0
11229 - TAKENGON,GD112290210,RAT011-00,PANTAN TENGAH RUSIP,4.627119,96.631505,50,AK 06 (Akp),"3,412,217,071","2,466,666,667","3,063,063,063",0
11229 - TAKENGON,GD112290213,RAT012-00,SIMAMORA,4.635944,96.600387,25,AK 06 (Akp),"1,126,063,965",4,50,0
11229 - TAKENGON,GD112290188,RAT013-00,SP TERANG ENGON,4.628802,96.694707,50,AK 06 (Akp),"5,530,091,818",39,"1,367,521,368",0
11229 - TAKENGON,GD112290187,RAT014-00,TERANG ENGON,4.646228,96.679011,25,AK 06 (Akp),"9,091,342,239","3,333,333,333","5,333,333,333",0
11229 - TAKENGON,GD112290214,RAT015-00,LUT JAYA 1,4.673675,96.574154,25,AK 06 (Akp),"6,784,250,563","2,333,333,333","6,666,666,667",0
11229 - TAKENGON,GD112290215,RAT016-00,LUT JAYA 2,4.679395,96.541639,50,AK 06 (Akp),"205,936,992","1,466,666,667","2,121,212,121",0
11229 - TAKENGON,GD112290216,RAT017-00,BLANG PULIM,4.677099,96.52368,50,AK 06 (Akp),"3,787,417,766",8,"4,166,666,667",0
11229 - TAKENGON,GD112290217,RAT018-00,KUALA RAWA 1,4.694013,96.504198,25,AK 06 (Akp),"932,998,035",10,"6,666,666,667",0
11229 - TAKENGON,GD112290218,RAT019-00,KUALA RAWA 2,4.706231,96.484692,25,AK 06 (Akp),"1,661,383,135",6,"6,666,666,667",0
11229 - TAKENGON,GD112290219,RAT020-00,KUALA RAWA 3,4.742593,96.459713,50,AK 06 (Akp),"4,134,713,198","2,966,666,667","3,445,692,884",0
11229 - TAKENGON,GD112290401,RAT021-00,KUALA RAWA,4.729339,96.463967,50,AK 06 (Akp),"8,973,177,884","6,333,333,333","1,333,333,333",0
11229 - TAKENGON,GD112290399,RAT022-00,TERANG ENGON,4.62626,96.634133,50,AK 06 (Akp),"3,354,866,944","2,433,333,333","4,200,913,242",0
11229 - TAKENGON,GD112290400,RAT023-00,KARAWANG,4.62562,96.60178,25,AK 06 (Akp),"2,105,173,042","7,666,666,667","1,449,275,362",0
11229 - TAKENGON,GD112290398,RAT024-00,KAMPUS GAJAH PUTIH GENTING,4.636612,96.689363,50,AK 06 (Akp),"1,816,728,847","1,333,333,333","3,333,333,333",0
11229 - TAKENGON,GD112290619,RAT025-00,SISIP DALING RUSIP,4.630606,96.648308,50,AK 06 (Akp),"4,671,687,438",33,"5,252,525,253",0
11229 - TAKENGON,GD112290620,RAT026-00,ARUL PERTIK,4.637748,96.637723,50,AK 06 (Akp),"210,097,763",15,"5,777,777,778",0
11229 - TAKENGON,GD112290621,RAT027-00,SISIP SP. II RUSIP,4.606143,96.635793,50,AK 06 (Akp),"278,848,633",19,"4,210,526,316",0
11229 - TAKENGON,GD112290622,RAT028-00,WIH KIRI,4.590527,96.641721,50,AK 06 (Akp),"3,429,306,639","2,466,666,667","2,882,882,883",0
11229 - TAKENGON,GD112290623,RAT029-00,PILAR RUSIP,4.606221,96.626334,50,AK 06 (Akp),"4,872,104,962","3,566,666,667","6,230,529,595",0
11229 - TAKENGON,GD112290624,RAT030-00,KOMPI PAMAR,4.750244,96.429272,50,AK 06 (Akp),"3,859,163,159","2,766,666,667","4,176,706,827",0
11229 - TAKENGON,GD112290625,RAT031-00,SP. 3 PAMAR,4.747348,96.453722,50,AK 06 (Akp),"4,927,646,058","3,466,666,667","391,025,641",0
11229 - TAKENGON,GD112290627,RAT033-00,TRANS 2 PAMAR,4.744218,96.449929,50,AK 06 (Akp),"1,487,870,134","1,066,666,667","4,791,666,667",0
11229 - TAKENGON,GD112290628,RAT034-00,TRANS 3 PAMAR,4.718811,96.466457,50,AK 06 (Akp),"6,184,576,084","4,333,333,333","2,051,282,051",0
11229 - TAKENGON,GD112290662,RAT035-00,TRANS 2 PAMAR,4.740243,96.433725,50,AK 06 (Akp),"7,089,861,306",5,40,0
11229 - TAKENGON,GD112290163,SNR001-00,ANGKOP,4.621879,96.720243,160,GY 11 (Akp),"2,963,851,663","6,833,333,333","3,674,796,748",0
11229 - TAKENGON,GD112290151,SNR002-00,KP.REMESEN,4.608566,96.739578,100,GY 11 (Akp),"4,595,977,573","6,466,666,667","3,780,068,729",0
11229 - TAKENGON,GD112290149,SNR003-00,BURNI BIUS,4.606824,96.750573,100,GY 11 (Akp),"4,529,601,537",65,"2,461,538,462",0
11229 - TAKENGON,GD112290146,SNR004-00,WIH PESAM,4.602965,96.761116,100,GY 11 (Akp),"9,055,257,847","9,166,666,667","9,696,969,697",0
11229 - TAKENGON,GD112290142,SNR005-00,SANEHAN,4.594045,96.773508,100,GY 11 (Akp),"8,850,972,077","1,233,333,333","5,225,225,225",0
11229 - TAKENGON,GD112290160,SNR006-00,ARUL GELE,4.62305,96.733895,50,GY 11 (Akp),"6,485,375,574",47,"8,510,638,298",0
11229 - TAKENGON,GD112290161,SNR007-00,ATU KAPUR,4.626412,96.74438,50,GY 11 (Akp),"7,516,831,075","5,366,666,667","1,035,196,687",0
11229 - TAKENGON,GD112290166,SNR008-00,SP. KEMILI,4.630357,96.725242,50,AK 08 (Akp),"6,049,476,121","4,333,333,333","2,205,128,205",0
11229 - TAKENGON,GD112290179,SNR009-00,SIMELIT MUTIARA,4.637005,96.717639,50,AK 08 (Akp),"6,559,237,918","4,633,333,333","2,398,081,535",0
11229 - TAKENGON,GD112290167,SNR010-00,ALUR KUMER,4.639591,96.731628,100,AK 08 (Akp),"5,177,369,294","7,466,666,667","1,041,666,667",0
11229 - TAKENGON,GD112290168,SNR011-00,GUNUNG SEGIT,4.636497,96.740677,100,AK 08 (Akp),"3,598,566,493","5,233,333,333","135,881,104",0
11229 - TAKENGON,GD112290170,SNR012-00,WEH DUREN,4.652765,96.741737,50,AK 08 (Akp),"817,066,101",61,"1,092,896,175",0
11229 - TAKENGON,GD112290172,SNR013-00,KP. BARO,4.662001,96.746289,100,AK 08 (Akp),"3,475,648,621",50,12,0
11229 - TAKENGON,GD112290174,SNR014-00,DESA JALOK,4.672604,96.750921,50,AK 08 (Akp),"6,117,141,572",44,"303,030,303",0
11229 - TAKENGON,GD112290176,SNR015-00,SP JULI,4.674229,96.736968,50,AK 08 (Akp),"5,322,476,662",38,"4,035,087,719",0
11229 - TAKENGON,GD112290147,SNR016-00,KOMPLEK PLTA,4.605775,96.759688,100,GY 11 (Akp),"4,519,036,027",64,"1,979,166,667",0
11229 - TAKENGON,GD112290162,SNR017-00,ANGKOP,4.619467,96.724174,50,GY 11 (Akp),"9,056,893,673",63,"1,375,661,376",0
11229 - TAKENGON,GD112290178,SNR018-00,CANG DURI,4.670479,96.720946,50,AK 08 (Akp),"4,667,876,926",33,"1,414,141,414",0
11229 - TAKENGON,GD112290144,SNR019-00,WIH BAKONG,4.600141,96.765487,50,GY 11 (Akp),"6,761,349,002",49,"3,265,306,122",0
11229 - TAKENGON,GD112290148,SNR020-00,HYUNDAI,4.606029,96.755009,160,GY 11 (Akp),"8,203,185,075","1,833,333,333","3,151,515,152",0
11229 - TAKENGON,GD112290169,SNR021-00,ALUR KUMER,4.641958,96.732634,50,AK 08 (Akp),"9,905,598,568","7,166,666,667","2,635,658,915",0
11229 - TAKENGON,GD112290150,SNR022-00,SISIP BURNI BIUS,4.608431,96.746144,100,GY 11 (Akp),"4,639,586,763","6,833,333,333","237,398,374",0
11229 - TAKENGON,GD112290186,SNR023-00,SIKIREN,4.650491,96.693236,25,AK 08 (Akp),"0,953782645","0,333333333","1,333,333,333",0
11229 - TAKENGON,GD112290181,SNR024-00,PP MUTIARA,4.632287,96.712525,50,AK 08 (Akp),"1,399,497,053",1,"6,666,666,667",0
11229 - TAKENGON,GD112290175,SNR025-00,TELKOMSEL JALOK,4.674124,96.740122,25,AK 08 (Akp),"2,049,208,555","7,333,333,333","6,060,606,061",0
11229 - TAKENGON,GD112290145,SNR026-00,TELKOMSEL WIH BAKONG,4.600444,96.765117,25,GY 11 (Akp),"3,116,998,633",11,"2,424,242,424",0
11229 - TAKENGON,GD112290165,SNR027-00,TELKOMSEL KEMILI,4.629898,96.725174,50,AK 08 (Akp),"148,074,948","1,033,333,333","752,688,172",0
11229 - TAKENGON,GD112290171,SNR028-00,ARUL RELEM,4.660009,96.743523,50,AK 08 (Akp),"6,265,867,001","4,433,333,333","1,704,260,652",0
11229 - TAKENGON,GD112290185,SNR029-00,SISIP SIKIREN,4.649829,96.694106,25,AK 08 (Akp),"5,630,319,825",2,"1,333,333,333",0
11229 - TAKENGON,GD112290177,SNR030-00,TELKOMSEL SP JULI,4.624844,96.723222,50,AK 08 (Akp),"5,961,141,529","4,166,666,667","1,653,333,333",0
11229 - TAKENGON,GD112290180,SNR031-00,TELKOMSEL MUTIARA,4.637085,96.711285,50,AK 08 (Akp),"3,125,081,537","2,266,666,667","3,725,490,196",0
11229 - TAKENGON,GD112290152,SNR032-00,WIKA AMARTA,4.607196,96.743478,400,GY 11 (Akp),0,0,#DIV/0!,0
11229 - TAKENGON,GD112290395,SNR033-00,REMESEN,4.611626,96.73063,50,GY 11 (Akp),"9,055,431,052","6,433,333,333","2,417,962,003",0
11229 - TAKENGON,GD112290396,SNR034-00,SINGKIREN,4.644418,96.696793,50,AK 08 (Akp),"3,224,539,743","2,266,666,667","3,921,568,627",0
11229 - TAKENGON,GD112290394,SNR035-00,KOMPLEK PLTA,4.604629,96.759961,100,GY 11 (Akp),"5,879,350,241","8,333,333,333","3,733,333,333",0
11229 - TAKENGON,GD112290629,SNR036-00,UIP WIH BAKONG,,,50,GY 11 (Akp),"1,182,605,801","8,333,333,333","6,666,666,667",0
11229 - TAKENGON,GD112290630,SNR037-00,SISIP PEPAYUNGEN ANGKUP,4.627379,96.723827,50,AK 08 (Akp),"2,602,233,133",18,"3,703,703,704",0
11229 - TAKENGON,GD112290631,SNR038-00,SISIP REMESEN,4.60804,96.736011,50,GY 11 (Akp),"2,952,184,376","2,166,666,667","441,025,641",0
11229 - TAKENGON,GD112290632,SNR039-00,SISIP BURNI BIUS UTAMA,4.605236,96.754942,50,GY 11 (Akp),"2,361,747,501","1,733,333,333","358,974,359",0
11229 - TAKENGON,GD112290633,SNR040-00,SISIP ARUL GELE,4.623791,96.737005,50,GY 11 (Akp),"304,475,287","2,166,666,667","2,051,282,051",0
11229 - TAKENGON,GD112290634,SNR041-00,SISIP GUNUNG SINGIT,4.637529,96.738196,50,AK 08 (Akp),"7,002,450,475","4,966,666,667","2,863,534,676",0
11229 - TAKENGON,GD112290635,SNR042-00,SISIP JALUK,4.669177,96.76126,50,AK 08 (Akp),"203,739,212","1,433,333,333","1,705,426,357",0
11229 - TAKENGON,GD112290636,SNR043-00,REREMAL,4.662984,96.741638,50,AK 08 (Akp),"2,408,589,853",17,"2,745,098,039",0
11229 - TAKENGON,GD112290637,SNR044-00,ARUL PUTIH,4.641925,96.727412,50,AK 08 (Akp),"7,709,935,495",55,"1,333,333,333",0
11229 - TAKENGON,GD112290638,SNR045-00,KOMPLEK PLTA,4.605383,96.759535,50,GY 11 (Akp),"4,141,564,421","2,966,666,667","2,996,254,682",0
11229 - TAKENGON,GD112290639,SNR046-00,ANGKUP PLTM 1,4.621775,96.720345,50,AK 05 (Akp),"3,448,782,588","2,366,666,667","2,910,798,122",0
11229 - TAKENGON,GD112290640,SNR047-00,SISIP ANGKUP,4.619688,96.721932,50,AK 05 (Akp),"3,543,237,092","2,466,666,667","3,153,153,153",0
11229 - TAKENGON,GD112290663,SNR048-00,DESA CANG DURI II,4.673879,96.732738,50,AK 08 (Akp),"3,964,779,769",29,"4,597,701,149",0
11229 - TAKENGON,GD112290676,SNR049-00,PASAR ANGKUP,4.621766,96.722979,50,AK 08 (Akp),"5,354,808,277","3,933,333,333","1,581,920,904",0
11229 - TAKENGON,GD112290678,SNR050-00,WIH SAGI INDAH,4.596328,96.767123,50,GY 11 (Akp),"6,449,079,487","4,533,333,333","3,137,254,902",0
11230 - JANARATA,GD112300072,BAN001-00,SP.UTAMA  PD BARU,4.75423,96.909135,200,,,,,
11230 - JANARATA,GD112300010,BAN002-00,POLRES (SISIP),4.754545,96.909981,100,,,,,
11230 - JANARATA,GD112300075,BAN003-00,BANK BRI,4.755332,96.912256,50,,,,,
11230 - JANARATA,GD112300070,BAN004-00,PONDOK BARU,4.755744,96.913543,200,,,,,
11230 - JANARATA,GD112300320,BAN005-00,SP BAHAGIA II,4.756546,96.917572,100,,,,,
11230 - JANARATA,GD112300077,BAN006-00,SD JANARATA,4.753556,96.910686,50,,,,,
11230 - JANARATA,GD112300113,BAN007-00,PUJA MULIA ,4.753236,96.912396,100,,,,,
11230 - JANARATA,GD112300071,BAN008-00,TAWAR SEDENGE,4.752763,96.913284,100,,,,,
11230 - JANARATA,GD112300073,BAN009-00,TAWAR SEDENGE 2,4.749132,96.913269,160,,,,,
11230 - JANARATA,GD112300076,BAN010-00,PLTD,4.752196,96.917815,50,,,,,
11230 - JANARATA,GD112300114,BAN011-00,DSN BENARA,4.754443,96.916614,50,,,,,
11230 - JANARATA,GD112300087,BAN012-00,KERAMAT JAYA,4.750218,96.928465,50,,,,,
11230 - JANARATA,GD112300086,BAN013-00,TELEDEN,4.743413,96.921036,25,,,,,
11230 - JANARATA,GD112300321,BAN014-00,SIDODADI II,4.749201,96.937571,100,,,,,
11230 - JANARATA,GD112300088,BAN015-00,SIDODADI,4.746343,96.941899,50,,,,,
11230 - JANARATA,GD112300322,BAN016-00,TANSARA BIDIN,4.720696,96.934987,50,,,,,
11230 - JANARATA,GD112300094,BAN017-00,WONOSARI,4.724128,96.945826,100,,,,,
11230 - JANARATA,GD112300093,BAN018-00,PAYA BANING,4.731212,96.949137,25,,,,,
11230 - JANARATA,GD112300092,BAN019-00,BLANG JORONG,4.740619,96.947681,50,,,,,
11230 - JANARATA,GD112300095,BAN020-00,GENTING RAMPE,4.738104,96.951801,50,,,,,
11230 - JANARATA,GD112300096,BAN021-00,MANGKU,4.728206,96.965113,50,,,,,
11230 - JANARATA,GD112300344,BAN022-00,GENTING RAMPE,4.737025,96.954797,50,,,,,
11230 - JANARATA,GD112300097,BAN023-00,BLANG PULO,4.739187,96.976615,50,,,,,
11230 - JANARATA,GD112300345,BAN024-00,BLANG PULO,4.739699,96.978741,50,,,,,
11230 - JANARATA,GD112300074,BAN025-00,SIMPANG BAHAGIA,4.756746,96.919094,100,,,,,
11230 - JANARATA,GD112300323,BAN026-00,PONDOK ULUNG,4.75981,96.933568,100,,,,,
11230 - JANARATA,GD112300091,BAN027-00,PONDOK UJUNG2,4.759063,96.935624,50,,,,,
11230 - JANARATA,GD112300090,BAN028-00,SELAMAT REJO,4.758083,96.943167,50,,,,,
11230 - JANARATA,GD112300089,BAN029-00,BAKARAN BATU,4.749851,96.950961,25,,,,,
11230 - JANARATA,GD112300030,BAN030-00,SPBU SP UTAMA,4.752073,96.903318,25,,,,,
11230 - JANARATA,GD112300035,BAN031-00,MAKMUR SENTOSA,4.750036,96.902629,50,,,,,
11230 - JANARATA,GD112300036,BAN032-00,HK WIH ILANG,4.735311,96.913031,100,,,,,
11230 - JANARATA,GD112300037,BAN033-00,LEWA JADI,4.720026,96.914102,50,,,,,
11230 - JANARATA,GD112300038,BAN034-00,TSEL HK WIH ILANG,4.735687,96.916616,50,,,,,
11230 - JANARATA,GD112300039,BAN035-00,HAKIM ATAS,4.730367,96.9286,25,,,,,
11230 - JANARATA,GD112300324,BAN036-00,TANJUNG PURA,4.735062,96.935329,50,,,,,
11230 - JANARATA,GD112300029,BAN037-00,PONDOK GAJAH I,4.752152,96.899697,100,,,,,
11230 - JANARATA,GD112300032,BAN038-00,WIH ILANG,4.743412,96.90139,50,,,,,
11230 - JANARATA,GD112300033,BAN039-00,BUKIT WIH ILANG,4.727208,96.906292,50,,,,,
11230 - JANARATA,GD112300034,BAN040-00,BATHIN BARU,4.762068,96.900209,25,,,,,
11230 - JANARATA,GD112300437,BAN041-00,BATIN BARU II,4.759721,96.902424,50,,,,,
11230 - JANARATA,GD112300438,BAN042-00,BATIN BARU III,4.756479,96.900045,50,,,,,
11230 - JANARATA,GD112300466,BAN043-00,BANDAR,4.749098,96.9097,50,,,,,
11230 - JANARATA,GD112300475,BAN044-00,BANDAR,4.737182,96.912474,50,,,,,
11230 - JANARATA,GD112300461,BAN045-00,"TANJUNG PURA, KANTOR DESA",4.73794,96.940157,50,,,,,
11230 - JANARATA,GD112300462,BAN046-00,SISIP KERAMAT JAYA,4.749444,96.921924,50,,,,,
11230 - JANARATA,GD112300041,BEK001-00,GUNUNG BENER KELIPAH,4.776386,96.922881,,,,,,
11230 - JANARATA,GD112300044,BEK002-00,KALA TENANG,4.771997,96.939383,,,,,,
11230 - JANARATA,GD112300042,BEK003-00,BENER LUKUP II,4.768836,96.907307,50,,,,,
11230 - JANARATA,GD112300043,BEK004-00,BENER KELIPAH,4.769606,96.922812,50,,,,,
11230 - JANARATA,GD112300319,BEK005-00,NOSAR,4.785016,96.896596,50,,,,,
11230 - JANARATA,GD112300045,BEK006-00,BENER PEPANYI,4.783087,96.920282,50,,,,,
11230 - JANARATA,GD112300057,BEK007-00,PLASTIK,4.805479,96.892621,25,,,,,
11230 - JANARATA,GD112300055,BEK008-00,BENER LUKUP I,4.768703,96.919697,15,,,,,
11230 - JANARATA,GD112300054,BEK009-00,BATHIN ATAS,4.781126,96.90262,50,,,,,
11230 - JANARATA,GD112300056,BEK010-00,GUNUNG JATI,4.796084,96.902721,25,,,,,
11230 - JANARATA,GD112300453,BEK011-00,MESJID BENER KELIFAH,4.775063,96.923865,50,,,,,
,,BEK012-00,,4.776624,96.901177,,,,,,
11230 - JANARATA,GD112300141,BUK001-00,REMBELE,4.707129,96.840459,100,,,,,
11230 - JANARATA,GD112300140,BUK002-00,KARANG REJO,4.709932,96.830464,50,,,,,
11230 - JANARATA,GD112300325,BUK003-00,REMBELE II,4.711938,96.836813,50,,,,,
11230 - JANARATA,GD112300115,BUK004-00,BELANG ARA,4.737653,96.893348,25,,,,,
11230 - JANARATA,GD112300116,BUK005-00,KENAWAT,4.724948,96.893485,50,,,,,
11230 - JANARATA,GD112300326,BUK006-00,KENAWAT II,4.723217,96.890077,50,,,,,
11230 - JANARATA,GD112300117,BUK007-00,DELUNG TUE,4.717813,96.888809,100,,,,,
11230 - JANARATA,GD112300118,BUK008-00,MUMU JAYA,4.709873,96.902782,50,,,,,
11230 - JANARATA,GD112300119,BUK010-00,REJE GURU,4.7221,96.879483,100,,,,,
11230 - JANARATA,GD112300328,BUK011-00,REJE GURU,4.718497,96.877929,50,,,,,
11230 - JANARATA,GD112300120,BUK012-00,PENDOPO BUPATI,4.716922,96.873351,50,,,,,
11230 - JANARATA,GD112300348,BUK013-00,SP RRI,4.717735,96.869843,50,,,,,
11230 - JANARATA,GD112300349,BUK014-00,PAYA GAJAH,4.72231,96.868509,50,,,,,
11230 - JANARATA,GD112300121,BUK015-00,PENDOPO BUPATI 2,4.719639,96.864831,50,,,,,
11230 - JANARATA,GD112300122,BUK016-00,TINGKEM BENYER,4.71511,96.86463,50,,,,,
11230 - JANARATA,GD112300306,BUK017-00,TINGKEM BENYER,4.719563,96.860284,50,,,,,
11230 - JANARATA,GD112300123,BUK018-00,PT SARI MAKMUR,4.715387,96.871724,160,,,,,
11230 - JANARATA,GD112300124,BUK019-00,BATIN WIH PONGAS,4.714767,96.871721,50,,,,,
11230 - JANARATA,GD112300125,BUK020-00,TINGKEM BERSATU,4.709754,96.871149,50,,,,,
11230 - JANARATA,GD112300126,BUK021-00,TINGKEM ASLI,4.706146,96.868071,50,,,,,
11230 - JANARATA,GD112300127,BUK022-00,TANYUNG,4.698618,96.866443,50,,,,,
11230 - JANARATA,GD112300474,BUK023-00,BUKIT,4.716579,96.835195,50,,,,,
11230 - JANARATA,GD112300128,BUK024-00,KANTOR BUPATI BM,4.703962,96.861165,100,,,,,
11230 - JANARATA,GD112300129,BUK025-00,KUTE KERING,4.698791,96.857925,50,,,,,
11230 - JANARATA,GD112300307,BUK027-00,KUTE KERING,4.697816,96.860571,50,,,,,
11230 - JANARATA,GD112300130,BUK030-00,KUTE KERING 2,4.70109,96.862862,100,,,,,
11230 - JANARATA,GD112300132,BUK031-00,RSUD BM,4.696374,96.861561,100,,,,,
11230 - JANARATA,GD112300350,BUK032-00,PERUMAHAN GIZATAMA,4.699041,96.853331,50,,,,,
11230 - JANARATA,GD112300131,BUK033-00,TERMINAL BM,4.701518,96.8509,25,,,,,
11230 - JANARATA,GD112300351,BUK034-00,REMBELE TIMUR,4.698072,96.845901,50,,,,,
11230 - JANARATA,GD112300352,BUK035-00,TERMINAL BM II,4.714383,96.851327,50,,,,,
11230 - JANARATA,GD112300353,BUK036-00,PERUMAHAN KUTE KERING,4.694267,96.85681,50,,,,,
11230 - JANARATA,GD112300133,BUK037-00,GUNUNG TERITIT,4.68812,96.85467,50,,,,,
11230 - JANARATA,GD112300134,BUK038-00,UNING TERITI,4.687532,96.852238,50,,,,,
11230 - JANARATA,GD112300135,BUK039-00,BLANG PANAS,4.683714,96.846402,100,,,,,
11230 - JANARATA,GD112300314,BUK040-00,URING SP III,4.719372,96.872104,50,,,,,
11230 - JANARATA,GD112300019,BUK041-00,URING SP TIGA,4.719812,96.872308,100,,,,,
11230 - JANARATA,GD112300315,BUK042-00,SP TIGA III,4.720738,96.87268,50,,,,,
11230 - JANARATA,GD112300020,BUK043-00,SIMPANG TIGA,4.722508,96.873591,100,,,,,
11230 - JANARATA,GD112300018,BUK044-00,SIMPANG TIGA (SISIP),4.724185,96.871812,50,,,,,
11230 - JANARATA,GD112300017,BUK045-00,BABUSSALAM,4.725083,96.870114,160,,,,,
11230 - JANARATA,GD112300313,BUK046-00,BALEE ATU,4.725089,96.862438,50,,,,,
11230 - JANARATA,GD112300354,BUK047-00,SMA BALE ATU,4.725785,96.867974,50,,,,,
11230 - JANARATA,GD112300016,BUK048-00,BALE ATU,4.72466,96.859221,100,,,,,
11230 - JANARATA,GD112300015,BUK049-00,BALE ATU (POM),4.724398,96.853925,50,,,,,
11230 - JANARATA,GD112300311,BUK050-00,BALEE ATU,4.726906,96.852253,50,,,,,
11230 - JANARATA,GD112300355,BUK051-00,PAYA JERANGU,4.734344,96.86552,50,,,,,
11230 - JANARATA,GD112300312,BUK052-00,REMBELE,4.724574,96.840485,50,,,,,
11230 - JANARATA,GD112300013,BUK053-00,BANDARA REMBELE,4.724008,96.846899,160,,,,,
11230 - JANARATA,GD112300014,BUK054-00,PASAR TRADISIONAL,4.731178,96.854509,25,,,,,
11230 - JANARATA,GD112300263,BUK055-00,WONOSOBO,4.733498,96.882222,50,,,,,
11230 - JANARATA,GD112300028,BUK056-00,PONDOK GAJAH,4.750847,96.893222,50,,,,,
11230 - JANARATA,GD112300031,BUK057-00,SIDOREJO,4.757198,96.888407,50,,,,,
11230 - JANARATA,GD112300027,BUK058-00,PONDOK SAYUR I,4.744212,96.887431,50,,,,,
11230 - JANARATA,GD112300026,BUK059-00,PONDOK SAYUR,4.742027,96.887381,50,,,,,
11230 - JANARATA,GD112300025,BUK060-00,PANJI MULIA,4.740747,96.886878,50,,,,,
11230 - JANARATA,GD112300329,BUK061-00,PANJI MULIA II,4.740092,96.886522,50,,,,,
11230 - JANARATA,GD112300330,BUK062-00,PANJI MUIA I,4.742292,96.881932,50,,,,,
11230 - JANARATA,GD112300331,BUK063-00,ISAQ BUSUR II,4.716775,96.859463,50,,,,,
11230 - JANARATA,GD112300024,BUK064-00,BUSUR,4.734364,96.883752,50,,,,,
11230 - JANARATA,GD112300023,BUK065-00,BUJANG,4.730447,96.878292,50,,,,,
11230 - JANARATA,GD112300022,BUK066-00,BALE SIMPANG TIGA,4.725884,96.875513,50,,,,,
11230 - JANARATA,GD112300021,BUK067-00,SIMPANG TIGA I,4.7254,96.875203,50,,,,,
11230 - JANARATA,GD112300470,BUK068-00,BUKIT,4.74718,96.889894,50,,,,,
11230 - JANARATA,GD112300487,BUK069-00,PABRIK KOPI BATALYON,4.729356,96.830024,50,,,,,
11230 - JANARATA,GD112300206,GJP001-00,TIMANG GAJAH,4.811108,96.739166,50,,,,,
11230 - JANARATA,GD112300208,GJP002-00,TIMANG GAJAH-II,4.803246,96.734267,50,,,,,
11230 - JANARATA,GD112300228,GJP003-00,MERIAH JAYA,4.797508,96.713519,100,,,,,
11230 - JANARATA,GD112300207,GJP004-00,T-SEL TGH,4.805945,96.736828,25,,,,,
11230 - JANARATA,GD112300332,GJP005-00,KALARELO,4.797294,96.722392,50,,,,,
11230 - JANARATA,GD112300334,GJP006-00,PANTE KARYA II,4.803179,96.754546,50,,,,,
11230 - JANARATA,GD112300333,GJP007-00,PANTE KARYA 3,4.794561,96.766264,50,,,,,
11230 - JANARATA,GD112300215,GJP008-00,PANTAN LUWES-I,4.80199,96.750638,50,,,,,
11230 - JANARATA,GD112300301,GJP009-00,PANTAN LUES,4.790751,96.759724,50,,,,,
11230 - JANARATA,GD112300216,GJP010-00,PANTAN LUWES-II,4.788926,96.761916,25,,,,,
11230 - JANARATA,GD112300212,GJP011-00,SUMBEREJO-II,4.816974,96.745697,50,,,,,
11230 - JANARATA,GD112300213,GJP012-00,SUMBEREJO-I,4.823428,96.753403,25,,,,,
11230 - JANARATA,GD112300356,GJP013-00,SUMBEREJO III,4.822754,96.750449,50,,,,,
11230 - JANARATA,GD112300214,GJP014-00,PANTE KARYA,4.80806,96.757785,50,,,,,
11230 - JANARATA,GD112300205,GJP015-00,RONGA RONGA,4.816138,96.738696,100,,,,,
11230 - JANARATA,GD112300194,GJP016-00,GEDUNG TENGAH,4.816419,96.736354,50,,,,,
11230 - JANARATA,GD112300226,GJP017-00,GEDUNG TENGAH-I,4.815666,96.729685,50,,,,,
11230 - JANARATA,GD112300357,GJP018-00,GEDUNG TENGAH IV,4.816595,96.720679,50,,,,,
11230 - JANARATA,GD112300227,GJP019-00,GEDUNG TENGAH-III,4.813207,96.725391,50,,,,,
11230 - JANARATA,GD112300197,GJP020-00,TEBANG BARU,4.819082,96.740176,50,,,,,
11230 - JANARATA,GD112300463,GJP021-00,SISIP PANTAN LUES,4.788923,96.76051,50,,,,,
11230 - JANARATA,GD112300439,KET024-00,KUTE GELIME,4.685092,96.727305,50,,,,,
11230 - JANARATA,GD112300294,KET025-00,I-SAT KUTE GELIME,4.686516,96.722546,25,,,,,
11230 - JANARATA,GD112300276,KET026-00,KUTE GELIME,4.692077,96.719425,50,,,,,
11230 - JANARATA,GD112300292,KET027-00,SP EMPAT,4.701725,96.713686,25,,,,,
11230 - JANARATA,GD112300280,KET028-00,JL. TENGAH,4.707074,96.710734,50,,,,,
11230 - JANARATA,GD112300440,KET029-00,KALA KETOL I,4.708306,96.703876,50,,,,,
11230 - JANARATA,GD112300281,KET030-00,KALA KETOL,4.704506,96.706645,50,,,,,
11230 - JANARATA,GD112300287,KET031-00,BERAWANG GAJAH,4.719823,96.671699,50,,,,,
11230 - JANARATA,GD112300441,KET032-00,BUGARA II,4.737364,96.666753,50,,,,,
11230 - JANARATA,GD112300442,KET033-00,BINTANG PEPARA I,4.767479,96.675919,50,,,,,
11230 - JANARATA,GD112300296,KET034-00,BINTANG PEPARA,4.76408,96.672984,25,,,,,
11230 - JANARATA,GD112300482,KET035-00,KETOL,4.726485,96.66916,25,,,,,
11230 - JANARATA,GD112300289,KET036-00,BUGARA,4.728324,96.663065,25,,,,,
11230 - JANARATA,GD112300288,KET037-00,UYEM ROA KEKUYANG,4.735894,96.667055,25,,,,,
11230 - JANARATA,GD112300443,KET038-00,DESA KEKUYANG,4.738265,96.660506,25,,,,,
11230 - JANARATA,GD112300295,KET039-00,SP 3 KEKUYANG,4.737886,96.659429,25,,,,,
11230 - JANARATA,GD112300284,KET040-00,DS. BAH,4.686557,96.704899,50,,,,,
11230 - JANARATA,GD112300444,KET041-00,DESA BAH BAWAH,4.692407,96.697532,50,,,,,
11230 - JANARATA,GD112300290,KET042-00,SEREMPAH,4.697843,96.679706,50,,,,,
11230 - JANARATA,GD112300445,KET043-00,SEREMPAH,4.676848,96.698384,50,,,,,
11230 - JANARATA,GD112300446,KET044-00,KUTE ALAM,4.687073,96.690393,25,,,,,
11230 - JANARATA,GD112300485,KET045-00,SISIP KUTE GELIME,4.726835,96.809867,50,,,,,
11230 - JANARATA,GD112300486,KET046-00,SISIP PD BALIK,4.724189,96.721131,50,,,,,
11230 - JANARATA,GD112300229,KET101-00,AYUN,4.824372,96.699973,25,,,,,
11230 - JANARATA,GD112300230,KET102-00,BERGANG ,4.837981,96.673211,50,,,,,
11230 - JANARATA,GD112300447,KET103-00,KARANG AMPAR,4.844155,96.663984,50,,,,,
11230 - JANARATA,GD112300428,KET104-00,KARANG AMPAR,4.831945,96.645837,25,,,,,
11230 - JANARATA,GD112300232,KET105-00,UNING BARU,4.789133,96.705218,25,,,,,
11230 - JANARATA,GD112300427,KET106-00,UNING BARU,4.780168,96.695554,50,,,,,
11230 - JANARATA,GD112300233,KET107-00,PT REDUK-II,4.790793,96.694546,,,,,,
11230 - JANARATA,GD112300234,KET108-00,PUTTING,4.795705,96.680308,50,,,,,
11230 - JANARATA,GD112300235,KET109-00,ULING RATA,4.774941,96.701992,50,,,,,
11230 - JANARATA,GD112300448,KET111-00,PONDOK BALEK II,4.72478,96.720628,50,,,,,
11230 - JANARATA,GD112300277,KET112-00,SELUN,4.713254,96.716495,50,,,,,
11230 - JANARATA,GD112300278,KET113-00,BUTER DALAM,4.724898,96.711769,50,,,,,
11230 - JANARATA,GD112300429,KET114-00,CV RAJAWALI MAS,4.726624,96.711293,800,,,,,
11230 - JANARATA,GD112300430,KET115-00,SELUN,4.70642,96.719879,50,,,,,
11230 - JANARATA,GD112300293,KET116-00,TELKOMSEL KETOL,4.697186,96.725693,100,,,,,
11230 - JANARATA,GD112300275,KET119-00,BLANG MANCUNG,4.691313,96.728179,100,,,,,
11230 - JANARATA,GD112300285,KET120-00,BL. MANCUNG A,4.684285,96.734684,50,,,,,
11230 - JANARATA,GD112300291,KET121-00,BL.MANCUNG B,4.687884,96.735602,100,,,,,
11230 - JANARATA,GD112300286,KET122-00,BL. MANCUNG,4.689085,96.733093,50,,,,,
11230 - JANARATA,GD112300449,KET123-00,BLANG MANCUNG ATAS,4.684477,96.739635,100,,,,,
11230 - JANARATA,GD112300450,KET124-00,BLANG MANCUNG ATAS,4.684337,96.742302,100,,,,,
11230 - JANARATA,GD112300432,KET126-00,GELUMPANG PAYUNG II,,,50,,,,,
11230 - JANARATA,GD112300283,KET127-00,ATU GOGOP,4.68774,96.77017,50,,,,,
11230 - JANARATA,GD112300431,KET128-00,ATU GOGOP,4.693192,96.767393,50,,,,,
11230 - JANARATA,GD112300153,KTN001-00,BUKIT,4.707321,96.77853,50,,,,,
11230 - JANARATA,GD112300148,KTN002-00,SIMPANG TERITIT,4.677528,96.799228,50,,,,,
11230 - JANARATA,GD112300151,KTN003-00,SIMPANG TERITIT,4.685821,96.79521,50,,,,,
11230 - JANARATA,GD112300152,KTN004-00,SIMPANG TERITIT,4.694878,96.790908,25,,,,,
11230 - JANARATA,GD112300149,KTN005-00,SIMPANG TERITIT,4.689671,96.801412,25,,,,,
11230 - JANARATA,GD112300150,KTN006-00,SIMPANG TERITIT,4.696186,96.798532,50,,,,,
11230 - JANARATA,GD112300155,KTN007-00,SIMPANG TERITIT,4.691549,96.787267,50,,,,,
11230 - JANARATA,GD112300154,KTN008-00,SIMPANG TERITIT,4.702353,96.777256,25,,,,,
11230 - JANARATA,GD112300156,KTN009-00,SIMPANG TERITIT,4.696824,96.771352,50,,,,,
11230 - JANARATA,GD112300157,KTN010-00,SIMPANG TERITIT,4.688326,96.776931,50,,,,,
,,KTN011-00,,4.67789,96.779373,50,,,,,
,,KTN012-00,,4.672893,96.791923,50,,,,,
,,KTN013-00,,4.684819,96.779014,50,,,,,
,,KTN014-00,,4.680344,96.761881,50,,,,,
11230 - JANARATA,GD112300358,MSD001-00,BINTANG BARU,4.756952,96.953524,,,,,,
11230 - JANARATA,GD112300359,MSD002-00,CEMPARAM LAMA II,4.760631,96.966731,25,,,,,
11230 - JANARATA,GD112300098,MSD003-00,CEMPARAM LAMA,4.759505,96.968622,25,,,,,
11230 - JANARATA,GD112300099,MSD004-00,CEMAPARAM BARU,4.757576,96.97567,50,,,,,
11230 - JANARATA,GD112300100,MSD005-00,PAKAT JEROH,4.760978,96.986419,,,,,,
11230 - JANARATA,GD112300108,MSD006-00,PANTAN KULI,4.780625,96.997297,50,,,,,
11230 - JANARATA,GD112300370,MSD007-00,JAMUR ATU II,4.763997,97.005723,50,,,,,
11230 - JANARATA,GD112300371,MSD008-00,SOSIAL II,4.751627,97.011191,50,,,,,
11230 - JANARATA,GD112300102,MSD009-00,SOSIAL,4.741534,97.011493,50,,,,,
11230 - JANARATA,GD112300101,MSD010-00,JAMUR ATU,4.762824,97.011046,50,,,,,
11230 - JANARATA,GD112300103,MSD011-00,RENGGALI,4.769877,97.016983,16,,,,,
11230 - JANARATA,GD112300104,MSD012-00,GUNUNG SAYANG,4.763402,97.022154,16,,,,,
11230 - JANARATA,GD112300105,MSD013-00,BUNTUL GAYO,4.759072,97.025929,50,,,,,
11230 - JANARATA,GD112300106,MSD014-00,LR 5,4.762499,97.03463,16,,,,,
11230 - JANARATA,GD112300107,MSD015-00,WIH RESAP,4.771493,97.042162,25,,,,,
11230 - JANARATA,GD112300360,MSD016-00,WER TINGKEM ,4.773072,97.055991,25,,,,,
11230 - JANARATA,GD112300361,MSD017-00,WER TINGKEM,4.761057,97.054887,,,,,,
11230 - JANARATA,GD112300362,MSD018-00,WER TINGKEM,4.744845,97.044293,25,,,,,
11230 - JANARATA,GD112300363,MSD019-00,UWER TINGKEM,4.732858,97.045717,50,,,,,
11230 - JANARATA,GD112300364,MSD020-00,ALUR PUTIH,4.712749,97.024386,25,,,,,
11230 - JANARATA,GD112300365,MSD021-00,PERUMPAKAN MENJADI,4.74797,97.068848,25,,,,,
11230 - JANARATA,GD112300366,MSD022-00,CIPUGA,4.76419,97.065597,50,,,,,
11230 - JANARATA,GD112300367,MSD023-00,SIMPUR,4.758878,97.087604,25,,,,,
11230 - JANARATA,GD112300368,MSD024-00,HAKIM PUTRI PINTU,4.774346,97.084046,25,,,,,
11230 - JANARATA,GD112300369,MSD025-00,SIMPUR II,4.792546,97.087777,25,,,,,
11230 - JANARATA,GD112300468,MSD026-00,MESIDAH,,,25,,,,,
11230 - JANARATA,GD112300046,PMT001-00,TSEL DARUS,4.785402,96.920435,25,,,,,
11230 - JANARATA,GD112300372,PMT002-00,BENER PEPANYI,4.788452,96.920619,50,,,,,
11230 - JANARATA,GD112300047,PMT003-00,BINTANG BENER,4.792981,96.921548,25,,,,,
11230 - JANARATA,GD112300048,PMT004-00,BALE MUSARA,4.803396,96.918701,25,,,,,
11230 - JANARATA,GD112300049,PMT005-00,BALE PERMATA,4.811434,96.910314,50,,,,,
11230 - JANARATA,GD112300050,PMT006-00,BUNTUL KEMUMU,4.817856,96.917681,100,,,,,
11230 - JANARATA,GD112300053,PMT007-00,KOTA BUNTUL,4.81477,96.927058,25,,,,,
11230 - JANARATA,GD112300058,PMT008-00,TSEL TENANG UKEN,4.814249,96.930914,100,,,,,
11230 - JANARATA,GD112300379,PMT009-00,SEPEDEN,4.817548,96.931358,50,,,,,
11230 - JANARATA,GD112300059,PMT010-00,WIH T UKEN,4.814164,96.934314,100,,,,,
11230 - JANARATA,GD112300374,PMT011-00,SIMPANG SEPAKAT,4.819384,96.939256,50,,,,,
11230 - JANARATA,GD112300060,PMT012-00,WIH T UKEN I,4.812441,96.938468,50,,,,,
11230 - JANARATA,GD112300062,PMT013-00,TSEL PLN TENGAH,4.796911,96.950408,25,,,,,
11230 - JANARATA,GD112300063,PMT014-00,PEKING,4.782722,96.954768,25,,,,,
11230 - JANARATA,GD112300064,PMT015-00,RAMUNG,4.800612,96.942096,100,,,,,
11230 - JANARATA,GD112300065,PMT016-00,JUNGKE,4.795328,96.936487,50,,,,,
11230 - JANARATA,GD112300061,PMT017-00,RAMUNG JAYA,4.80609,96.945953,50,,,,,
11230 - JANARATA,GD112300066,PMT018-00,PEMANGU,4.81721,96.953467,50,,,,,
11230 - JANARATA,GD112300380,PMT019-00,SEPAKAT,4.821563,96.90164,50,,,,,
11230 - JANARATA,GD112300067,PMT020-00,JELOBOK,4.824914,96.953056,50,,,,,
11230 - JANARATA,GD112300068,PMT021-00,WIH DUE,4.843133,96.962752,50,,,,,
11230 - JANARATA,GD112300376,PMT022-00,PENOSAN JAYA,4.849132,96.958508,50,,,,,
11230 - JANARATA,GD112300317,PMT023-00,TAWAR BENGI,4.812663,96.962519,25,,,,,
11230 - JANARATA,GD112300069,PMT024-00,TAWAR BENGI,4.805999,96.962754,50,,,,,
11230 - JANARATA,GD112300078,PMT025-00,BATHIN PENARA,4.820427,96.971822,25,,,,,
11230 - JANARATA,GD112300377,PMT026-00,SUKU SARA TANGKE,4.815602,96.974279,50,,,,,
11230 - JANARATA,GD112300381,PMT027-00,TEMAS MUMANANG,4.818705,96.979257,50,,,,,
11230 - JANARATA,GD112300477,PMT028-00,PERMATA,,,50,,,,,
11230 - JANARATA,GD112300080,PMT029-00,BAKONGAN,4.793964,96.969092,50,,,,,
11230 - JANARATA,GD112300081,PMT030-00,TIMUR JAYA,4.805889,96.985213,50,,,,,
11230 - JANARATA,GD112300051,PMT031-00,TSEL BUNTUL KEUPIES,4.819135,96.913418,25,,,,,
11230 - JANARATA,GD112300052,PMT032-00,BUNTUL KEUPIES,4.821368,96.900619,50,,,,,
11230 - JANARATA,GD112300318,PMT033-00,BUNTUL,4.820196,96.914366,50,,,,,
11230 - JANARATA,GD112300082,PMT034-00,BUNTUL FITRI,4.821641,96.916201,50,,,,,
11230 - JANARATA,GD112300083,PMT035-00,BUMI PASE,4.832254,96.914738,50,,,,,
11230 - JANARATA,GD112300382,PMT036-00,KEM II,4.843065,96.905967,50,,,,,
11230 - JANARATA,GD112300383,PMT037-00,SIMPANG KERAJUT,4.862568,96.896032,50,,,,,
11230 - JANARATA,GD112300084,PMT038-00,CAMP,4.866903,96.889,25,,,,,
11230 - JANARATA,GD112300085,PMT039-00,RIKIT INDAH,4.869998,96.888654,50,,,,,
11230 - JANARATA,GD112300384,PMT040-00,PABRIK KOPI KERAJUT,4.891091,96.886991,50,,,,,
11230 - JANARATA,GD112300469,PMT041-00,PERMATA,4.858956,96.895893,50,,,,,
11230 - JANARATA,GD112300478,PMT042-00,PERMATA,4.839728,96.910932,50,,,,,
11230 - JANARATA,GD112300459,PMT043-00,"Desa Pantan Tengah, Kecamatan Permata, Kab. Bener Meriah",4.81934,96.911979,50,,,,,
11230 - JANARATA,GD112300196,PRG001-00,SISIP NENAS BUGE ARAMI,4.826499,96.75272,50,,,,,
11230 - JANARATA,GD112300195,PRG002-00,SISIP RIMBA RAYA,4.831182,96.744485,50,,,,,
11230 - JANARATA,GD112300298,PRG003-00,MNS SELATAN,4.827779,96.723682,50,,,,,
11230 - JANARATA,GD112300193,PRG004-00,KM 60,4.835172,96.74374,100,,,,,
11230 - JANARATA,GD112300190,PRG005-00,XL RIMBA RAYA,4.836397,96.746092,25,,,,,
11230 - JANARATA,GD112300204,PRG006-00,ARAMIKO,4.839193,96.760656,25,,,,,
11230 - JANARATA,GD112300192,PRG007-00,MNSH YAKIN,4.832472,96.715873,50,,,,,
11230 - JANARATA,GD112300191,PRG008-00,SEJAHTRA II,4.837874,96.723296,50,,,,,
11230 - JANARATA,GD112300203,PRG009-00,BERINGIN JAYA,4.839526,96.740254,50,,,,,
11230 - JANARATA,GD112300189,PRG010-00,BI. BETONA,4.845042,96.726884,50,,,,,
11230 - JANARATA,GD112300188,PRG011-00,SEJAHTRA II,4.842147,96.727344,50,,,,,
11230 - JANARATA,GD112300159,PRG012-00,KM. 58,4.845751,96.73928,50,,,,,
11230 - JANARATA,GD112300186,PRG013-00,SINGAH MULO,4.847807,96.739972,50,,,,,
11230 - JANARATA,GD112300200,PRG014-00,LBK CENGKEH-I,4.850573,96.733558,25,,,,,
11230 - JANARATA,GD112300158,PRG015-00,KP BARO,4.850577,96.727349,50,,,,,
11230 - JANARATA,GD112300201,PRG016-00,LBK CENGKEH-II,4.854467,96.706389,50,,,,,
11230 - JANARATA,GD112300202,PRG017-00,TELEDEN,4.865447,96.700209,50,,,,,
11230 - JANARATA,GD112300297,PRG018-00,RATA ARA,4.847896,96.750656,25,,,,,
11230 - JANARATA,GD112300335,PRG019-00,RATA ARA II,4.847997,96.758896,50,,,,,
11230 - JANARATA,GD112300185,PRG020-00,TRANSAD,4.857612,96.734472,50,,,,,
11230 - JANARATA,GD112300184,PRG021-00,ALU GADING,4.856524,96.744599,50,,,,,
11230 - JANARATA,GD112300471,PRG022-00,PINTU RIME GAYO,4.859691,96.745911,100,,,,,
11230 - JANARATA,GD112300198,PRG023-00,BLANG LANCANG-II,4.866585,96.756557,25,,,,,
11230 - JANARATA,GD112300199,PRG024-00,BLANG LANCANG-I,4.868485,96.759408,25,,,,,
11230 - JANARATA,GD112300337,PRG025-00,SIMPANG LANCANG,4.862199,96.743938,25,,,,,
11230 - JANARATA,GD112300170,PRG026-00,SESONGO,4.878614,96.720644,50,,,,,
11230 - JANARATA,GD112300169,PRG027-00,MENDEREK,4.876966,96.732742,50,,,,,
11230 - JANARATA,GD112300168,PRG028-00,ENANG ENANG,4.891884,96.735981,50,,,,,
11230 - JANARATA,GD112300178,PRG029-00,BTG. BERANGUN,4.893545,96.750193,50,,,,,
11230 - JANARATA,GD112300338,PRG030-00,BINTANG BERANGUN II,4.888095,96.764496,50,,,,,
11230 - JANARATA,GD112300179,PRG031-00,BTG UNING MAS II,4.872831,96.808094,50,,,,,
11230 - JANARATA,GD112300339,PRG032-00,LEWAH,4.886512,96.760694,25,,,,,
11230 - JANARATA,GD112300180,PRG033-00,RT. FIRDAUS,4.880142,96.774976,50,,,,,
11230 - JANARATA,GD112300340,PRG034-00,LAHARA,4.87982,96.761922,25,,,,,
11230 - JANARATA,GD112300341,PRG035-00,WIH PORAK II,4.870131,96.762493,50,,,,,
11230 - JANARATA,GD112300182,PRG036-00,SEJAHTRA WIHPORAK ,4.870128,96.769344,25,,,,,
11230 - JANARATA,GD112300342,PRG037-00,BLANG RAKAL,4.903102,96.739021,50,,,,,
11230 - JANARATA,GD112300166,PRG038-00,JALUNG-I,4.841069,96.759136,25,,,,,
11230 - JANARATA,GD112300167,PRG039-00,JALUNG-II,4.907288,96.706932,25,,,,,
11230 - JANARATA,GD112300343,PRG040-00,PASAR KM 40,4.905773,96.737756,50,,,,,
11230 - JANARATA,GD112300164,PRG041-00,PESANTREN BLANG RAKAL,4.907682,96.736015,25,,,,,
11230 - JANARATA,GD112300476,PRG042-00,PINTU RIME GAYO,4.913649,96.732487,25,,,,,
11230 - JANARATA,GD112300162,PRG043-00,PERUMAHAN MAMAMIA KM. 41,4.925715,96.726477,50,,,,,
11230 - JANARATA,GD112300299,PRG044-00,KM 40,4.941241,96.716979,50,,,,,
11230 - JANARATA,GD112300161,PRG045-00,TELKOMSEL KM. 40,4.942031,96.716413,25,,,,,
11230 - JANARATA,GD112300160,PRG046-00,KM. 40,4.946913,96.709792,50,,,,,
11230 - JANARATA,GD112300187,PRG047-00,KM88,4.948939,96.7059,50,,,,,
11230 - JANARATA,GD112300396,PRG048-00,KM 35,4.970425,96.696766,25,,,,,
11230 - JANARATA,GD112300165,PRG049-00,POLSEK BLANG RAKAL,4.902471,96.745387,100,,,,,
11230 - JANARATA,GD112300171,PRG050-00,TEGET,4.902951,96.756017,15,,,,,
11230 - JANARATA,GD112300172,PRG051-00,SP IV ULU NARON,4.893959,96.777066,50,,,,,
11230 - JANARATA,GD112300174,PRG052-00,ULU NARON I,4.904281,96.777883,50,,,,,
11230 - JANARATA,GD112300175,PRG053-00,PANJAR JELEBOK,4.909323,96.782545,50,,,,,
11230 - JANARATA,GD112300173,PRG054-00,ULU NARON,4.918479,96.790655,50,,,,,
11230 - JANARATA,GD112300176,PRG055-00,PANJAR LELEBOK II,4.930362,96.781704,50,,,,,
11230 - JANARATA,GD112300397,PRG056-00,TRANS JELOBOK,4.938879,96.77845,25,,,,,
11230 - JANARATA,GD112300177,PRG057-00,PANTAN SINAKU,4.913641,96.798544,50,,,,,
11230 - JANARATA,GD112300398,PRG058-00,TRANS 50,4.920963,96.804141,50,,,,,
11230 - JANARATA,GD112300399,PRG059-00,TRANS SUNDA,4.912526,96.814036,50,,,,,
11230 - JANARATA,GD112300400,PRG060-00,PANTAN SINAKU,4.911862,96.820228,50,,,,,
11230 - JANARATA,GD112300401,PRG061-00,PANTAN KERIKO,4.908349,96.827851,50,,,,,
11230 - JANARATA,GD112300112,SYU001-00,TEMBOLON,4.709817,97.052239,25,,,,,
11230 - JANARATA,GD112300415,SYU002-00,MANTAM PUTIH,4.714123,97.084761,25,,,,,
11230 - JANARATA,GD112300416,SYU003-00,BONTOK,4.719847,97.107207,50,,,,,
11230 - JANARATA,GD112300417,SYU004-00,RUSIP,4.719922,97.123143,50,,,,,
11230 - JANARATA,GD112300418,SYU005-00,TRANS RUSIP,4.699065,97.116976,25,,,,,
11230 - JANARATA,GD112300419,SYU006-00,TRANS RUSIP,4.695874,97.111808,25,,,,,
11230 - JANARATA,GD112300421,SYU008-00,PUCUK NUNING,4.692061,97.137806,50,,,,,
11230 - JANARATA,GD112300422,SYU009-00,PUCUK NUNING,4.698023,97.142002,50,,,,,
11230 - JANARATA,GD112300423,SYU010-00,SAMAR KILANG,4.669495,97.211353,50,,,,,
11230 - JANARATA,GD112300454,SYU011-00,SAMAR KILANG,4.669538,97.20879,50,,,,,
11230 - JANARATA,GD112300238,TGJ001-00,SUKA DAMAI,4.767065,96.762022,50,,,,,
11230 - JANARATA,GD112300239,TGJ002-00,SUKA DAMAI II,4.769368,96.762428,100,,,,,
11230 - JANARATA,GD112300241,TGJ003-00,SUKA DAMAI V,4.776667,96.761982,50,,,,,
11230 - JANARATA,GD112300240,TGJ004-00,SUKA DAMAI III,4.767511,96.773779,50,,,,,
11230 - JANARATA,GD112300385,TGJ005-00,SMA 2 LAMPAHAN,4.760897,96.763306,50,,,,,
11230 - JANARATA,GD112300236,TGJ006-00,MEKAR AYU,4.760108,96.756263,50,,,,,
11230 - JANARATA,GD112300237,TGJ007-00,XL MEKAR AYU,4.75949,96.757103,25,,,,,
11230 - JANARATA,GD112300386,TGJ008-00,DESA MEKAR AYU,4.762322,96.752174,50,,,,,
11230 - JANARATA,GD112300211,TGJ009-00,SP LAYANG,4.772314,96.743503,100,,,,,
11230 - JANARATA,GD112300210,TGJ010-00,SP ALUE PUNGKEH,4.784006,96.737833,25,,,,,
11230 - JANARATA,GD112300209,TGJ011-00,BLANG RONGA,4.790477,96.735638,50,,,,,
11230 - JANARATA,GD112300387,TGJ012-00,PONDOK GAJAH,4.788198,96.724069,50,,,,,
11230 - JANARATA,GD112300217,TGJ013-00,UNING DALAM,4.793784,96.743911,25,,,,,
11230 - JANARATA,GD112300218,TGJ014-00,TUNYANG-II,4.767077,96.73297,50,,,,,
11230 - JANARATA,GD112300219,TGJ015-00,TUNYANG-I,4.764171,96.731234,50,,,,,
11230 - JANARATA,GD112300223,TGJ016-00,CEKAL,4.762493,96.71217,50,,,,,
11230 - JANARATA,GD112300388,TGJ017-00,CEKAL,4.763205,96.703915,50,,,,,
11230 - JANARATA,GD112300224,TGJ018-00,T-SEL CEKAL,4.76574,96.703733,,,,,,
11230 - JANARATA,GD112300225,TGJ019-00,CEKAL-II,4.763012,96.700432,50,,,,,
11230 - JANARATA,GD112300220,TGJ020-00,P.KEMUNING-I,4.771358,96.721979,15,,,,,
11230 - JANARATA,GD112300222,TGJ021-00,P.KEMUNING-III,4.778557,96.719097,15,,,,,
11230 - JANARATA,GD112300221,TGJ022-00,P.KEMUNING-IV,4.782794,96.714923,15,,,,,
11230 - JANARATA,GD112300389,TGJ023-00,PASAR LAMPHAN TIMUR,4.757716,96.768207,50,,,,,
11230 - JANARATA,GD112300242,TGJ024-00,DS. BARU,4.745232,96.756744,100,,,,,
11230 - JANARATA,GD112300304,TGJ025-00,SP BALEK,4.75382,96.772563,50,,,,,
11230 - JANARATA,GD112300390,TGJ026-00,LAPHAN TIMUR II,4.759085,96.790857,100,,,,,
11230 - JANARATA,GD112300243,TGJ027-00,KARANG JADI,4.749296,96.770076,50,,,,,
11230 - JANARATA,GD112300391,TGJ028-00,PERTAMINA BLOK C,4.748278,96.771572,25,,,,,
11230 - JANARATA,GD112300392,TGJ029-00,BLOK C,4.746643,96.772483,50,,,,,
11230 - JANARATA,GD112300244,TGJ030-00,BUMI AYU,4.740856,96.770803,50,,,,,
11230 - JANARATA,GD112300264,TGJ031-00,T-SEL BDR LAMPAHAN,4.744113,96.775723,25,,,,,
11230 - JANARATA,GD112300245,TGJ032-00,T-SEL BDR LAMPAHAN BAWAH,4.75131,96.783236,50,,,,,
11230 - JANARATA,GD112300246,TGJ033-00,BDR LAMPAHAN ATAS,4.759855,96.796017,25,,,,,
11230 - JANARATA,GD112300247,TGJ035-00,FAJAR HARAPAN,4.740876,96.781304,50,,,,,
11230 - JANARATA,GD112300272,TGJ036-00,KENINE I,4.734816,96.791147,50,,,,,
11230 - JANARATA,GD112300394,TGJ037-00,KENINE ATAS,4.740983,96.791396,50,,,,,
11230 - JANARATA,GD112300248,TGJ038-00,KENINE  II,4.737569,96.786395,50,,,,,
11230 - JANARATA,GD112300001,TGJ040-00,LAMPAHAN,4.75928,96.765287,250,,,,,
11230 - JANARATA,GD112300002,TGJ041-00,SIMPANG KOMPI C,4.757973,96.763505,100,,,,,
11230 - JANARATA,GD112300003,TGJ042-00,ASRAMA KOMPI C,4.755476,96.754119,100,,,,,
11230 - JANARATA,GD112300004,TGJ043-00,LAMPAHAN BRT,4.755217,96.749534,50,,,,,
11230 - JANARATA,GD112300005,TGJ044-00,SIDOMULYO II,4.749197,96.740257,50,,,,,
11230 - JANARATA,GD112300006,TGJ045-00,CINTA DAMAI,4.750465,96.724052,25,,,,,
11230 - JANARATA,GD112300479,TGJ046-00,TIMANG GAJAH,4.758142,96.764291,50,,,,,
11230 - JANARATA,GD112300480,TGJ047-00,TIMANG GAJAH,4.768548,96.770858,50,,,,,
11230 - JANARATA,GD112300464,TGJ048-00,"SISIP TRAFO SP LAYANG, KEBUN JAGUNG",4.763379,96.751042,50,,,,,
11230 - JANARATA,GD112300483,TGJ049-00,MUSARA,4.843074,96.739016,50,,,,,
11230 - JANARATA,GD112300484,TGJ050-00,TIMANG GAJAH UMAH BESI,4.807365,96.737977,50,,,,,
11230 - JANARATA,GD112300402,WPS001-00,BATU GANTUNG,4.732937,96.792986,,,,,,
11230 - JANARATA,GD112300268,WPS002-00,PASAR SP.BALIK,4.731455,96.794318,50,,,,,
11230 - JANARATA,GD112300269,WPS003-00,PABRIK AQSA SIMPANG BALIK,4.731451,96.794909,50,,,,,
11230 - JANARATA,GD112300249,WPS004-00,SIMPANG BALIK,4.72827,96.796804,100,,,,,
11230 - JANARATA,GD112300303,WPS005-00,SP BALEK,4.727647,96.794359,100,,,,,
11230 - JANARATA,GD112300270,WPS006-00,KEBUN BARU I,4.72765,96.789691,50,,,,,
11230 - JANARATA,GD112300266,WPS007-00,SIMPANG BALIK II,4.727186,96.799595,100,,,,,
11230 - JANARATA,GD112300403,WPS008-00,KEBUN BARU,4.726804,96.792548,,,,,,
11230 - JANARATA,GD112300404,WPS009-00,SIMPANG BALEK,4.724817,96.810139,50,,,,,
11230 - JANARATA,GD112300305,WPS010-00,ANNIAS MENSION,4.726122,96.790284,50,,,,,
11230 - JANARATA,GD112300254,WPS011-00,KEBUN BARU,4.729914,96.780213,50,,,,,
11230 - JANARATA,GD112300261,WPS012-00,PANTE RAYA DALAM,4.719071,96.795122,50,,,,,
11230 - JANARATA,GD112300405,WPS013-00,PANTERAYA DALAM,4.72091,96.783239,50,,,,,
11230 - JANARATA,GD112300255,WPS014-00,BLANG KUCAK,4.727165,96.761452,50,,,,,
11230 - JANARATA,GD112300256,WPS015-00,BLANG PAKU I,4.727154,96.754833,100,,,,,
11230 - JANARATA,GD112300406,WPS016-00,SUKA MAKMUR,4.730298,96.762749,50,,,,,
11230 - JANARATA,GD112300259,WPS017-00,BLANG PAKU DALAM,4.716687,96.743947,50,,,,,
11230 - JANARATA,GD112300407,WPS018-00,SEGENE BALIK,4.708884,96.739677,50,,,,,
11230 - JANARATA,GD112300408,WPS019-00,KULEM BALIK,4.708962,96.735821,50,,,,,
11230 - JANARATA,GD112300260,WPS020-00,KULEM BALIK,4.723193,96.72301,50,,,,,
11230 - JANARATA,GD112300409,WPS021-00,BLANG PAKU,4.724516,96.74521,50,,,,,
11230 - JANARATA,GD112300257,WPS022-00,BLANG PAKU II,4.724444,96.74473,50,,,,,
11230 - JANARATA,GD112300250,WPS023-00,PANTE RAYA BARAT,4.725867,96.804566,100,,,,,
11230 - JANARATA,GD112300271,WPS024-00,PANTE RAYA,4.723446,96.805379,100,,,,,
11230 - JANARATA,GD112300302,WPS025-00,DS BURNI TELONG,4.722633,96.807373,50,,,,,
11230 - JANARATA,GD112300253,WPS026-00,UNING GELIME,4.730445,96.811846,50,,,,,
11230 - JANARATA,GD112300267,WPS027-00,SP.UNING GELIME,4.724376,96.808819,50,,,,,
11230 - JANARATA,GD112300265,WPS028-00,COLD STORAGE,4.723385,96.811133,50,,,,,
11230 - JANARATA,GD112300251,WPS029-00,KLK PANTE RAYA,4.72056,96.807429,100,,,,,
11230 - JANARATA,GD112300262,WPS030-00,LUT KUCAK,4.713534,96.801577,100,,,,,
11230 - JANARATA,GD112300274,WPS031-00,WONOSOBO J.UJUNG,4.713681,96.812892,50,,,,,
11230 - JANARATA,GD112300252,WPS032-00,JAMUR UJUNG,4.709571,96.816094,100,,,,,
11230 - JANARATA,GD112300410,WPS033-00,JAMUR ULUH,4.712297,96.813473,50,,,,,
11230 - JANARATA,GD112300411,WPS034-00,SP KARANG REJO,4.704656,96.827305,50,,,,,
11230 - JANARATA,GD112300139,WPS035-00,SUKARAMAI BAWAH,4.702045,96.830288,50,,,,,
11230 - JANARATA,GD112300142,WPS036-00,JAMUR ULUH,4.688836,96.830973,50,,,,,
11230 - JANARATA,GD112300412,WPS037-00,PERTAMINA TERITIT,4.690041,96.835845,50,,,,,
11230 - JANARATA,GD112300451,WPS038-00,SUKA RAMAI ATAS,4.694342,96.821894,50,,,,,
11230 - JANARATA,GD112300143,WPS039-00,BUKIT PEPANYI,4.685301,96.814131,25,,,,,
11230 - JANARATA,GD112300144,WPS040-00,SUKARAMAI ATAS,4.689759,96.81423,25,,,,,
11230 - JANARATA,GD112300145,WPS041-00,SUKARAMAI BAWAH 2,4.699246,96.809686,50,,,,,
11230 - JANARATA,GD112300146,WPS042-00,SURYAJADI,4.698234,96.806519,25,,,,,
11230 - JANARATA,GD112300147,WPS043-00,TELEGE ATU,4.673295,96.804542,50,,,,,
11230 - JANARATA,GD112300007,WPS044-00,PENGADILAN,4.725439,96.813621,50,,,,,
11230 - JANARATA,GD112300310,WPS045-00,BRIMOB,4.725441,96.81685,50,,,,,
11230 - JANARATA,GD112300309,WPS046-00,POLRES II,4.72557,96.819107,50,,,,,
11230 - JANARATA,GD112300308,WPS047-00,POLRES,4.727644,96.826713,100,,,,,
11230 - JANARATA,GD112300008,WPS048-00,KODIM,4.725275,96.827076,16,,,,,
11230 - JANARATA,GD112300009,WPS049-00,WONOSOBO,4.717729,96.822274,25,,,,,
11230 - JANARATA,GD112300012,WPS050-00,BATALYON 114 SM,4.726688,96.835515,200,,,,,
11230 - JANARATA,GD112300138,WPS051-00,SP TERITIT,4.687426,96.834875,100,,,,,
11230 - JANARATA,GD112300136,WPS052-00,SP BERENDAL,4.680216,96.834177,50,,,,,
11230 - JANARATA,GD112300137,WPS053-00,SP BERENDAL 2,4.684156,96.837318,50,,,,,
11230 - JANARATA,GD112300011,WPS054-00,KOMPI BAN,4.728517,96.832342,50,,,,,
11230 - JANARATA,GD112300273,WPS055-00,WONOSOBO,4.723118,96.819266,50,,,,,
11230 - JANARATA,GD112300414,WPS056-00,BLANG PAKU,4.735035,96.828496,50,,,,,
11230 - JANARATA,GD112300488,WPS057-00,UNING GELIME,4.726459,96.809625,50,,,,,
,,0,,,,,,,,,
