UNITUPI,NAMAUNITUPI,UNITAP,NAMAUNITAP,UNITUP,NAMAUNITUP,KD_PROV,NAMA_PROV,KD_KAB,NAMA_KAB,KD_KEC,NAMA_KEC,KD_DESA,NAMA_DESA,STATUS_DAERAH_3T,x
11,ACEH,11LSM,LHOKSEUMAWE,11229,TAKENGON,11,ACEH,1104,KAB. ACEH TENGAH,110420,BIES,1104202001,BIES PENENTANAN,TIDAK,"4.623165780234477, 96.80021631361"
11,ACEH,11LSM,LHOKSEUMAWE,11229,TAKENGON,11,ACEH,1104,KAB. ACEH TENGAH,110420,BIES,1104202002,BIES BARU,TIDAK,"4.616258403042058, 96.80571750616738"
11,ACEH,11LSM,LHOKSEUMAWE,11229,TAKENGON,11,ACEH,1104,KAB. ACEH TENGAH,110420,BIES,1104202003,BIES MULIE,TIDAK,"4.616699540011042, 96.80053030044141"
11,ACEH,11LSM,LHOKSEUMAWE,11229,TAKENGON,11,ACEH,1104,KAB. ACEH TENGAH,110420,BIES,1104202004,ARU LATONG,TIDAK,"4.614082523410197, 96.7922421063603"
11,ACEH,11LSM,LHOKSEUMAWE,11229,TAKENGON,11,ACEH,1104,KAB. ACEH TENGAH,110420,BIES,1104202005,SIMPANG LUKUP BADAK,TIDAK,"4.5965381380088415, 96.80171128874012"
11,ACEH,11LSM,LHOKSEUMAWE,11229,TAKENGON,11,ACEH,1104,KAB. ACEH TENGAH,110420,BIES,1104202006,ATANG JUNGKET,TIDAK,"4.595653184224819, 96.79829681481074"
11,ACEH,11LSM,LHOKSEUMAWE,11229,TAKENGON,11,ACEH,1104,KAB. ACEH TENGAH,110420,BIES,1104202007,TEBES LUES,TIDAK,"4.607548326462569, 96.78687924508003"
11,ACEH,11LSM,LHOKSEUMAWE,11229,TAKENGON,11,ACEH,1104,KAB. ACEH TENGAH,110420,BIES,1104202008,PUCUK DEKU,TIDAK,"4.602331821965275, 96.77499352165762"
11,ACEH,11LSM,LHOKSEUMAWE,11229,TAKENGON,11,ACEH,1104,KAB. ACEH TENGAH,110420,BIES,1104202009,LENGA,TIDAK,"4.601397491544836, 96.77535555755577"
11,ACEH,11LSM,LHOKSEUMAWE,11229,TAKENGON,11,ACEH,1104,KAB. ACEH TENGAH,110420,BIES,1104202010,UNING PEGANTUNGEN,TIDAK,"4.616998938890625, 96.81190628595604"
11,ACEH,11LSM,LHOKSEUMAWE,11229,TAKENGON,11,ACEH,1104,KAB. ACEH TENGAH,110420,BIES,1104202011,SIMPANG UNING NIKEN,TIDAK,"4.606161302614617, 96.80417982682926"
11,ACEH,11LSM,LHOKSEUMAWE,11229,TAKENGON,11,ACEH,1104,KAB. ACEH TENGAH,110420,BIES,1104202012,KARANG BAYUR,TIDAK,"4.598004178523875, 96.79563364886677"
11,ACEH,11LSM,LHOKSEUMAWE,11229,TAKENGON,11,ACEH,1104,KAB. ACEH TENGAH,110421,RUSIP ANTARA,1104212001,PANTAN TENGAH,TIDAK,"4.6457579946662975, 96.57676336444763"
11,ACEH,11LSM,LHOKSEUMAWE,11229,TAKENGON,11,ACEH,1104,KAB. ACEH TENGAH,110421,RUSIP ANTARA,1104212002,RUSIP,TIDAK,"4.624361448459378, 96.63190241786842"
11,ACEH,11LSM,LHOKSEUMAWE,11229,TAKENGON,11,ACEH,1104,KAB. ACEH TENGAH,110421,RUSIP ANTARA,1104212003,PILAR,TIDAK,"4.6271614305543585, 96.60533993779681"
11,ACEH,11LSM,LHOKSEUMAWE,11229,TAKENGON,11,ACEH,1104,KAB. ACEH TENGAH,110421,RUSIP ANTARA,1104212004,ARUL PERTIK,TIDAK,"4.677730423123065, 96.56960298491477"
11,ACEH,11LSM,LHOKSEUMAWE,11229,TAKENGON,11,ACEH,1104,KAB. ACEH TENGAH,110421,RUSIP ANTARA,1104212005,PILAR JAYA,TIDAK,"4.607805744779628, 96.5680115131713"
11,ACEH,11LSM,LHOKSEUMAWE,11229,TAKENGON,11,ACEH,1104,KAB. ACEH TENGAH,110421,RUSIP ANTARA,1104212006,TIRMI ARA,TIDAK,"4.586488096925675, 96.6414688166962"
11,ACEH,11LSM,LHOKSEUMAWE,11229,TAKENGON,11,ACEH,1104,KAB. ACEH TENGAH,110421,RUSIP ANTARA,1104212007,ATU SINGKIH,TIDAK,"4.612612736622904, 96.65334445277384"
11,ACEH,11LSM,LHOKSEUMAWE,11229,TAKENGON,11,ACEH,1104,KAB. ACEH TENGAH,110421,RUSIP ANTARA,1104212008,PANTAN BENER,TIDAK,"4.630547405229973, 96.65986472152265"
11,ACEH,11LSM,LHOKSEUMAWE,11229,TAKENGON,11,ACEH,1104,KAB. ACEH TENGAH,110421,RUSIP ANTARA,1104212009,KERAWANG,TIDAK,"4.660231105469522, 96.50844115534564"
11,ACEH,11LSM,LHOKSEUMAWE,11229,TAKENGON,11,ACEH,1104,KAB. ACEH TENGAH,110421,RUSIP ANTARA,1104212010,MEKAR MAJU,TIDAK,"4.687699143536612, 96.61776108250687"
11,ACEH,11LSM,LHOKSEUMAWE,11229,TAKENGON,11,ACEH,1104,KAB. ACEH TENGAH,110421,RUSIP ANTARA,1104212011,PAYA TAMPU,TIDAK,"4.723546795794679, 96.32323691613537"
11,ACEH,11LSM,LHOKSEUMAWE,11229,TAKENGON,11,ACEH,1104,KAB. ACEH TENGAH,110421,RUSIP ANTARA,1104212012,TANJUNG,TIDAK,"4.746858497047852, 96.4540246273422"
11,ACEH,11LSM,LHOKSEUMAWE,11229,TAKENGON,11,ACEH,1104,KAB. ACEH TENGAH,110421,RUSIP ANTARA,1104212013,MERANDEH PAYA,TIDAK,"4.750507970295383, 96.4360357361487"
11,ACEH,11LSM,LHOKSEUMAWE,11229,TAKENGON,11,ACEH,1104,KAB. ACEH TENGAH,110421,RUSIP ANTARA,1104212014,KUALA RAWA,TIDAK,"4.758520752489744, 96.49913542610484"
11,ACEH,11LSM,LHOKSEUMAWE,11229,TAKENGON,11,ACEH,1104,KAB. ACEH TENGAH,110421,RUSIP ANTARA,1104212015,PILAR WIH KIRI,TIDAK,"4.601684091158487, 96.64016140440924"
11,ACEH,11LSM,LHOKSEUMAWE,11229,TAKENGON,11,ACEH,1104,KAB. ACEH TENGAH,110421,RUSIP ANTARA,1104212016,LUT JAYA,TIDAK,"4.744319649284605, 96.45013951348888"
11,ACEH,11LSM,LHOKSEUMAWE,11229,TAKENGON,11,ACEH,1117,KAB. BENER MERIAH,111706,WIH PESAM,1117062014,MERIE SATU,TIDAK,"4.6769654759606425, 96.82607333302654"
11,ACEH,11LSM,LHOKSEUMAWE,11230,JANARATA,11,ACEH,1104,KAB. ACEH TENGAH,110410,KETOL,1104102001,BAH,TIDAK,"4.688690549498045, 96.67422938869679"
11,ACEH,11LSM,LHOKSEUMAWE,11230,JANARATA,11,ACEH,1104,KAB. ACEH TENGAH,110410,KETOL,1104102002,BLANG MANCUNG,TIDAK,"4.6902477738688235, 96.73545053812919"
11,ACEH,11LSM,LHOKSEUMAWE,11230,JANARATA,11,ACEH,1104,KAB. ACEH TENGAH,110410,KETOL,1104102003,BINTANG PEPARA,TIDAK,"4.7653993305070435, 96.6740394294003"
11,ACEH,11LSM,LHOKSEUMAWE,11230,JANARATA,11,ACEH,1104,KAB. ACEH TENGAH,110410,KETOL,1104102004,BURLAH,TIDAK,"4.724788650440468, 96.66762842106034"
11,ACEH,11LSM,LHOKSEUMAWE,11230,JANARATA,11,ACEH,1104,KAB. ACEH TENGAH,110410,KETOL,1104102005,BUTER,TIDAK,"4.722749213383405, 96.71076721724022"
11,ACEH,11LSM,LHOKSEUMAWE,11230,JANARATA,11,ACEH,1104,KAB. ACEH TENGAH,110410,KETOL,1104102007,GEULUMPANG PAYUNG,TIDAK,"4.6803116954918, 96.76326776553832"
11,ACEH,11LSM,LHOKSEUMAWE,11230,JANARATA,11,ACEH,1104,KAB. ACEH TENGAH,110410,KETOL,1104102009,KALA KETOL,TIDAK,"4.710627277767571, 96.70022463987188"
11,ACEH,11LSM,LHOKSEUMAWE,11230,JANARATA,11,ACEH,1104,KAB. ACEH TENGAH,110410,KETOL,1104102010,KARANG AMPAR,TIDAK,"4.84349735468915, 96.66203561281282"
11,ACEH,11LSM,LHOKSEUMAWE,11230,JANARATA,11,ACEH,1104,KAB. ACEH TENGAH,110410,KETOL,1104102011,KEKUYANG,TIDAK,"4.73582559618779, 96.66641786278024"
11,ACEH,11LSM,LHOKSEUMAWE,11230,JANARATA,11,ACEH,1104,KAB. ACEH TENGAH,110410,KETOL,1104102012,KUTE GELIME,TIDAK,"4.6855148009024825, 96.72889205886848"
11,ACEH,11LSM,LHOKSEUMAWE,11230,JANARATA,11,ACEH,1104,KAB. ACEH TENGAH,110410,KETOL,1104102014,PANTAN REDUK,TIDAK,"4.811100373262052, 96.56722733653018"
11,ACEH,11LSM,LHOKSEUMAWE,11230,JANARATA,11,ACEH,1104,KAB. ACEH TENGAH,110410,KETOL,1104102015,PONDOK BALIK,TIDAK,"4.722423031452111, 96.72196846376559"
11,ACEH,11LSM,LHOKSEUMAWE,11230,JANARATA,11,ACEH,1104,KAB. ACEH TENGAH,110410,KETOL,1104102016,REJEWALI,TIDAK,"4.704305533456854, 96.71400439946638"
11,ACEH,11LSM,LHOKSEUMAWE,11230,JANARATA,11,ACEH,1104,KAB. ACEH TENGAH,110410,KETOL,1104102017,SEREMPAH,TIDAK,"4.695844159979831, 96.6560582549578"
11,ACEH,11LSM,LHOKSEUMAWE,11230,JANARATA,11,ACEH,1104,KAB. ACEH TENGAH,110410,KETOL,1104102018,BERGANG,TIDAK,"4.821776167151194, 96.69065099009862"
11,ACEH,11LSM,LHOKSEUMAWE,11230,JANARATA,11,ACEH,1104,KAB. ACEH TENGAH,110410,KETOL,1104102019,BLANG MANCUNG BAWAH,TIDAK,"4.693181855865354, 96.74937480951766"
11,ACEH,11LSM,LHOKSEUMAWE,11230,JANARATA,11,ACEH,1104,KAB. ACEH TENGAH,110410,KETOL,1104102020,BUGE ARA,TIDAK,"4.7418006747046935, 96.67307276687612"
11,ACEH,11LSM,LHOKSEUMAWE,11230,JANARATA,11,ACEH,1104,KAB. ACEH TENGAH,110410,KETOL,1104102021,GENTING BULEN,TIDAK,"4.695075650743757, 96.71399910763445"
11,ACEH,11LSM,LHOKSEUMAWE,11230,JANARATA,11,ACEH,1104,KAB. ACEH TENGAH,110410,KETOL,1104102022,JALAN TENGAH,TIDAK,"4.710851867946344, 96.70874785424104"
11,ACEH,11LSM,LHOKSEUMAWE,11230,JANARATA,11,ACEH,1104,KAB. ACEH TENGAH,110410,KETOL,1104102023,JERATA,TIDAK,"4.670549492311823, 96.7120758195892"
11,ACEH,11LSM,LHOKSEUMAWE,11230,JANARATA,11,ACEH,1104,KAB. ACEH TENGAH,110410,KETOL,1104102025,SELON,TIDAK,"4.699481492366566, 96.73101970239108"
11,ACEH,11LSM,LHOKSEUMAWE,11230,JANARATA,11,ACEH,1104,KAB. ACEH TENGAH,110412,KUTE PANANG,1104122001,ATU GOGOP,TIDAK,"4.68861129675213, 96.76953021467304"
11,ACEH,11LSM,LHOKSEUMAWE,11230,JANARATA,11,ACEH,1104,KAB. ACEH TENGAH,110412,KUTE PANANG,1104122002,BALIK,TIDAK,"4.7083565485937, 96.7443180223888"
11,ACEH,11LSM,LHOKSEUMAWE,11230,JANARATA,11,ACEH,1104,KAB. ACEH TENGAH,110412,KUTE PANANG,1104122003,BUTER BALIK,TIDAK,"4.697498272322341, 96.73545657597833"
11,ACEH,11LSM,LHOKSEUMAWE,11230,JANARATA,11,ACEH,1104,KAB. ACEH TENGAH,110412,KUTE PANANG,1104122004,DEDINGIN,TIDAK,"4.696279819786361, 96.77224082680604"
11,ACEH,11LSM,LHOKSEUMAWE,11230,JANARATA,11,ACEH,1104,KAB. ACEH TENGAH,110412,KUTE PANANG,1104122005,KUTE PANANG,TIDAK,"4.695660736617764, 96.77229925281237"
11,ACEH,11LSM,LHOKSEUMAWE,11230,JANARATA,11,ACEH,1104,KAB. ACEH TENGAH,110412,KUTE PANANG,1104122006,LUKUB SABUN,TIDAK,"4.692324588763958, 96.79201465816428"
11,ACEH,11LSM,LHOKSEUMAWE,11230,JANARATA,11,ACEH,1104,KAB. ACEH TENGAH,110412,KUTE PANANG,1104122007,PANTAN SILE,TIDAK,"4.666738911176085, 96.79500668273276"
11,ACEH,11LSM,LHOKSEUMAWE,11230,JANARATA,11,ACEH,1104,KAB. ACEH TENGAH,110412,KUTE PANANG,1104122008,RATAWALI,TIDAK,"4.678771330248813, 96.79890504841245"
11,ACEH,11LSM,LHOKSEUMAWE,11230,JANARATA,11,ACEH,1104,KAB. ACEH TENGAH,110412,KUTE PANANG,1104122009,SEGENE BALIK,TIDAK,"4.71608866575559, 96.7438291510608"
11,ACEH,11LSM,LHOKSEUMAWE,11230,JANARATA,11,ACEH,1104,KAB. ACEH TENGAH,110412,KUTE PANANG,1104122011,TAWAR MIKO,TIDAK,"4.689449288206024, 96.79468314670767"
11,ACEH,11LSM,LHOKSEUMAWE,11230,JANARATA,11,ACEH,1104,KAB. ACEH TENGAH,110412,KUTE PANANG,1104122012,TAWARDI,TIDAK,"4.68352797938813, 96.797470730144"
11,ACEH,11LSM,LHOKSEUMAWE,11230,JANARATA,11,ACEH,1104,KAB. ACEH TENGAH,110412,KUTE PANANG,1104122013,TIMANG RASA,TIDAK,"4.754018527095434, 96.74857305250099"
11,ACEH,11LSM,LHOKSEUMAWE,11230,JANARATA,11,ACEH,1104,KAB. ACEH TENGAH,110412,KUTE PANANG,1104122014,WIH NONGKAL,TIDAK,"4.704023940797354, 96.76927674282796"
11,ACEH,11LSM,LHOKSEUMAWE,11230,JANARATA,11,ACEH,1104,KAB. ACEH TENGAH,110412,KUTE PANANG,1104122015,BUKIT RATA,TIDAK,"4.271420659787118, 98.06033285765731"
11,ACEH,11LSM,LHOKSEUMAWE,11230,JANARATA,11,ACEH,1104,KAB. ACEH TENGAH,110412,KUTE PANANG,1104122016,LUKUB SABUN BARAT,TIDAK,"4.710896006401547, 96.77876531584297"
11,ACEH,11LSM,LHOKSEUMAWE,11230,JANARATA,11,ACEH,1104,KAB. ACEH TENGAH,110412,KUTE PANANG,1104122017,LUKUB SABUN TENGAH,TIDAK,"4.703533654185686, 96.782019045646"
11,ACEH,11LSM,LHOKSEUMAWE,11230,JANARATA,11,ACEH,1104,KAB. ACEH TENGAH,110412,KUTE PANANG,1104122018,LUKUB SABUN TIMUR,TIDAK,"4.702497984600332, 96.79140469897564"
11,ACEH,11LSM,LHOKSEUMAWE,11230,JANARATA,11,ACEH,1104,KAB. ACEH TENGAH,110412,KUTE PANANG,1104122019,WIH NONGKAL TOA,TIDAK,"4.705118096981164, 96.76896775600704"
11,ACEH,11LSM,LHOKSEUMAWE,11230,JANARATA,11,ACEH,1104,KAB. ACEH TENGAH,110412,KUTE PANANG,1104122021,EMPU BALIK,TIDAK,"4.707164524981281, 96.73782125692762"
11,ACEH,11LSM,LHOKSEUMAWE,11230,JANARATA,11,ACEH,1104,KAB. ACEH TENGAH,110412,KUTE PANANG,1104122022,BLANG BALIK,TIDAK,"4.7090678112167055, 96.73746999150868"
11,ACEH,11LSM,LHOKSEUMAWE,11230,JANARATA,11,ACEH,1104,KAB. ACEH TENGAH,110412,KUTE PANANG,1104122023,KALA NONGKAL,TIDAK,"4.711893078785206, 96.75933095965995"
11,ACEH,11LSM,LHOKSEUMAWE,11230,JANARATA,11,ACEH,1104,KAB. ACEH TENGAH,110412,KUTE PANANG,1104122024,PANTAN JERIK,TIDAK,"4.69688924480012, 96.78273712027625"
11,ACEH,11LSM,LHOKSEUMAWE,11230,JANARATA,11,ACEH,1117,KAB. BENER MERIAH,111701,PINTU RIME GAYO,1117012001,BLANG RAKAL,TIDAK,"4.904137472998172, 96.74479234699096"
11,ACEH,11LSM,LHOKSEUMAWE,11230,JANARATA,11,ACEH,1117,KAB. BENER MERIAH,111701,PINTU RIME GAYO,1117012002,NEGERI ANTARA,TIDAK,"4.943224765029567, 96.71540642587377"
11,ACEH,11LSM,LHOKSEUMAWE,11230,JANARATA,11,ACEH,1117,KAB. BENER MERIAH,111701,PINTU RIME GAYO,1117012003,ALUR CINCIN,TIDAK,"4.891999672601979, 96.73262120295477"
11,ACEH,11LSM,LHOKSEUMAWE,11230,JANARATA,11,ACEH,1117,KAB. BENER MERIAH,111701,PINTU RIME GAYO,1117012004,PANTAN SINAKU,TIDAK,"4.918336106980422, 96.80446530771403"
11,ACEH,11LSM,LHOKSEUMAWE,11230,JANARATA,11,ACEH,1117,KAB. BENER MERIAH,111701,PINTU RIME GAYO,1117012005,BINTANG BERANGUN,TIDAK,"4.882381345020976, 96.77584877041289"
11,ACEH,11LSM,LHOKSEUMAWE,11230,JANARATA,11,ACEH,1117,KAB. BENER MERIAH,111701,PINTU RIME GAYO,1117012006,TAMAN FIRDAUS,TIDAK,"4.872613229166971, 96.78955707486791"
11,ACEH,11LSM,LHOKSEUMAWE,11230,JANARATA,11,ACEH,1117,KAB. BENER MERIAH,111701,PINTU RIME GAYO,1117012007,UNING MAS,TIDAK,"4.876158756320676, 96.803158091615"
11,ACEH,11LSM,LHOKSEUMAWE,11230,JANARATA,11,ACEH,1117,KAB. BENER MERIAH,111701,PINTU RIME GAYO,1117012008,PERDAMAIAN,TIDAK,"4.898536241578802, 96.7787474533827"
11,ACEH,11LSM,LHOKSEUMAWE,11230,JANARATA,11,ACEH,1117,KAB. BENER MERIAH,111701,PINTU RIME GAYO,1117012009,ULU NARON,TIDAK,"4.911435947428348, 96.77307329044484"
11,ACEH,11LSM,LHOKSEUMAWE,11230,JANARATA,11,ACEH,1117,KAB. BENER MERIAH,111701,PINTU RIME GAYO,1117012010,PANTAN LAH,TIDAK,"4.963667103976027, 96.66923743543697"
11,ACEH,11LSM,LHOKSEUMAWE,11230,JANARATA,11,ACEH,1117,KAB. BENER MERIAH,111701,PINTU RIME GAYO,1117012011,PANCAR JELOBOK,TIDAK,"4.911688218188464, 96.78245462094034"
11,ACEH,11LSM,LHOKSEUMAWE,11230,JANARATA,11,ACEH,1117,KAB. BENER MERIAH,111701,PINTU RIME GAYO,1117012012,ALUR GADING,TIDAK,"4.8583198539320485, 96.74062384233837"
11,ACEH,11LSM,LHOKSEUMAWE,11230,JANARATA,11,ACEH,1117,KAB. BENER MERIAH,111701,PINTU RIME GAYO,1117012013,RIME RAYA,TIDAK,"4.832969950134188, 96.72330049572447"
11,ACEH,11LSM,LHOKSEUMAWE,11230,JANARATA,11,ACEH,1117,KAB. BENER MERIAH,111701,PINTU RIME GAYO,1117012014,SINGAH MULO,TIDAK,"4.8514114796129375, 96.7464021772072"
11,ACEH,11LSM,LHOKSEUMAWE,11230,JANARATA,11,ACEH,1117,KAB. BENER MERIAH,111701,PINTU RIME GAYO,1117012015,SIMPANG LANCANG,TIDAK,"4.869124265836001, 96.7342880446862"
11,ACEH,11LSM,LHOKSEUMAWE,11230,JANARATA,11,ACEH,1117,KAB. BENER MERIAH,111701,PINTU RIME GAYO,1117012016,WIH PORAK,TIDAK,"4.872397304793397, 96.77001592779074"
11,ACEH,11LSM,LHOKSEUMAWE,11230,JANARATA,11,ACEH,1117,KAB. BENER MERIAH,111701,PINTU RIME GAYO,1117012017,BENER MERIAH,TIDAK,"4.867598696643706, 96.75145023817862"
11,ACEH,11LSM,LHOKSEUMAWE,11230,JANARATA,11,ACEH,1117,KAB. BENER MERIAH,111701,PINTU RIME GAYO,1117012018,MUSARA 58,TIDAK,"4.845123176592532, 96.74081319407324"
11,ACEH,11LSM,LHOKSEUMAWE,11230,JANARATA,11,ACEH,1117,KAB. BENER MERIAH,111701,PINTU RIME GAYO,1117012019,MUSARA PAKAT,TIDAK,"4.853175884123301, 96.72719749608909"
11,ACEH,11LSM,LHOKSEUMAWE,11230,JANARATA,11,ACEH,1117,KAB. BENER MERIAH,111701,PINTU RIME GAYO,1117012020,RATA ARA,TIDAK,"4.853601572412104, 96.76905286474671"
11,ACEH,11LSM,LHOKSEUMAWE,11230,JANARATA,11,ACEH,1117,KAB. BENER MERIAH,111701,PINTU RIME GAYO,1117012021,GEMASIH,TIDAK,"4.82758970910314, 96.75358892273756"
11,ACEH,11LSM,LHOKSEUMAWE,11230,JANARATA,11,ACEH,1117,KAB. BENER MERIAH,111701,PINTU RIME GAYO,1117012022,PULO INTAN,TIDAK,"4.838559616507237, 96.75871060512405"
11,ACEH,11LSM,LHOKSEUMAWE,11230,JANARATA,11,ACEH,1117,KAB. BENER MERIAH,111701,PINTU RIME GAYO,1117012023,BLANG ARA,TIDAK,"4.748268605123549, 96.96553273264543"
11,ACEH,11LSM,LHOKSEUMAWE,11230,JANARATA,11,ACEH,1117,KAB. BENER MERIAH,111702,PERMATA,1117022001,BENER PEPANYI,TIDAK,"4.786144585936569, 96.9186748403432"
11,ACEH,11LSM,LHOKSEUMAWE,11230,JANARATA,11,ACEH,1117,KAB. BENER MERIAH,111702,PERMATA,1117022002,BINTANG BENER,TIDAK,"4.794240496189918, 96.92166904185198"
11,ACEH,11LSM,LHOKSEUMAWE,11230,JANARATA,11,ACEH,1117,KAB. BENER MERIAH,111702,PERMATA,1117022003,BINTANG PERMATA,TIDAK,"4.813077026384722, 96.90882667716934"
11,ACEH,11LSM,LHOKSEUMAWE,11230,JANARATA,11,ACEH,1117,KAB. BENER MERIAH,111702,PERMATA,1117022004,BUNTUL PETERI,TIDAK,"4.826859750900936, 96.91781633788314"
11,ACEH,11LSM,LHOKSEUMAWE,11230,JANARATA,11,ACEH,1117,KAB. BENER MERIAH,111702,PERMATA,1117022005,DARUL AMAN,TIDAK,"4.795308148472253, 96.95012713232731"
11,ACEH,11LSM,LHOKSEUMAWE,11230,JANARATA,11,ACEH,1117,KAB. BENER MERIAH,111702,PERMATA,1117022006,GLP. WIH TENANG UKEN,TIDAK,"4.820743281089107, 96.91734530147042"
11,ACEH,11LSM,LHOKSEUMAWE,11230,JANARATA,11,ACEH,1117,KAB. BENER MERIAH,111702,PERMATA,1117022007,PANTAN TENGAH JAYA,TIDAK,"4.795111142959954, 96.9502365222305"
11,ACEH,11LSM,LHOKSEUMAWE,11230,JANARATA,11,ACEH,1117,KAB. BENER MERIAH,111702,PERMATA,1117022008,PENOSAN JAYA,TIDAK,"4.839561016921784, 96.95856461963582"
11,ACEH,11LSM,LHOKSEUMAWE,11230,JANARATA,11,ACEH,1117,KAB. BENER MERIAH,111702,PERMATA,1117022009,RAMUNG JAYA,TIDAK,"4.8058736963940865, 96.944648517952"
11,ACEH,11LSM,LHOKSEUMAWE,11230,JANARATA,11,ACEH,1117,KAB. BENER MERIAH,111702,PERMATA,1117022010,SENI ANTARA,TIDAK,"4.866672119274742, 96.88994716052724"
11,ACEH,11LSM,LHOKSEUMAWE,11230,JANARATA,11,ACEH,1117,KAB. BENER MERIAH,111702,PERMATA,1117022011,TEMAS MUMANANG,TIDAK,"4.819587175560347, 96.97943977279405"
11,ACEH,11LSM,LHOKSEUMAWE,11230,JANARATA,11,ACEH,1117,KAB. BENER MERIAH,111702,PERMATA,1117022012,WIH TENANG TOA,TIDAK,"4.805058122800892, 96.96628884165683"
11,ACEH,11LSM,LHOKSEUMAWE,11230,JANARATA,11,ACEH,1117,KAB. BENER MERIAH,111702,PERMATA,1117022013,WEH TENANG UKEN,TIDAK,"4.814669926349535, 96.92722504097331"
11,ACEH,11LSM,LHOKSEUMAWE,11230,JANARATA,11,ACEH,1117,KAB. BENER MERIAH,111702,PERMATA,1117022014,AYU ARA,TIDAK,"4.775115719157425, 96.95723449251477"
11,ACEH,11LSM,LHOKSEUMAWE,11230,JANARATA,11,ACEH,1117,KAB. BENER MERIAH,111702,PERMATA,1117022015,CEDING AYU,TIDAK,"4.806678599218894, 96.92743346251325"
11,ACEH,11LSM,LHOKSEUMAWE,11230,JANARATA,11,ACEH,1117,KAB. BENER MERIAH,111702,PERMATA,1117022016,UNING SEJUK,TIDAK,"4.8179954320589555, 96.96255463728806"
11,ACEH,11LSM,LHOKSEUMAWE,11230,JANARATA,11,ACEH,1117,KAB. BENER MERIAH,111702,PERMATA,1117022017,SUKU SARA TANGKE,TIDAK,"4.815621673526555, 96.97634075889272"
11,ACEH,11LSM,LHOKSEUMAWE,11230,JANARATA,11,ACEH,1117,KAB. BENER MERIAH,111702,PERMATA,1117022018,RIKIT MUSARA,TIDAK,"4.867716910191755, 96.87520379529937"
11,ACEH,11LSM,LHOKSEUMAWE,11230,JANARATA,11,ACEH,1117,KAB. BENER MERIAH,111702,PERMATA,1117022019,JUNGKE,TIDAK,"4.793232299843562, 96.93462412375135"
11,ACEH,11LSM,LHOKSEUMAWE,11230,JANARATA,11,ACEH,1117,KAB. BENER MERIAH,111702,PERMATA,1117022020,BURNI PASE,TIDAK,"4.835295712962629, 96.91486589587873"
11,ACEH,11LSM,LHOKSEUMAWE,11230,JANARATA,11,ACEH,1117,KAB. BENER MERIAH,111702,PERMATA,1117022021,BALE MUSARA,TIDAK,"4.803864517763545, 96.91831418770214"
11,ACEH,11LSM,LHOKSEUMAWE,11230,JANARATA,11,ACEH,1117,KAB. BENER MERIAH,111702,PERMATA,1117022022,PEMANGO,TIDAK,"4.815838126188875, 96.9518424492913"
11,ACEH,11LSM,LHOKSEUMAWE,11230,JANARATA,11,ACEH,1117,KAB. BENER MERIAH,111702,PERMATA,1117022023,JELOBOK,TIDAK,"4.8241636260398275, 96.95560796538614"
11,ACEH,11LSM,LHOKSEUMAWE,11230,JANARATA,11,ACEH,1117,KAB. BENER MERIAH,111702,PERMATA,1117022024,KEPIES,TIDAK,"4.824380796005521, 96.89754076471496"
11,ACEH,11LSM,LHOKSEUMAWE,11230,JANARATA,11,ACEH,1117,KAB. BENER MERIAH,111702,PERMATA,1117022025,TIMUR JAYA,TIDAK,"4.805964782315146, 96.99320377568635"
11,ACEH,11LSM,LHOKSEUMAWE,11230,JANARATA,11,ACEH,1117,KAB. BENER MERIAH,111702,PERMATA,1117022026,BALE PURNAMA,TIDAK,"4.819126715443026, 96.89574655866114"
11,ACEH,11LSM,LHOKSEUMAWE,11230,JANARATA,11,ACEH,1117,KAB. BENER MERIAH,111702,PERMATA,1117022027,TAWAR BENGI,TIDAK,"4.812576338325093, 96.96473748240744"
11,ACEH,11LSM,LHOKSEUMAWE,11230,JANARATA,11,ACEH,1117,KAB. BENER MERIAH,111703,SYIAH UTAMA,1117032001,BLANG PANU,TIDAK,"4.729098240354422, 97.2177323986626"
11,ACEH,11LSM,LHOKSEUMAWE,11230,JANARATA,11,ACEH,1117,KAB. BENER MERIAH,111703,SYIAH UTAMA,1117032003,GERPA,TIDAK,"4.685709640500794, 97.23796259572009"
11,ACEH,11LSM,LHOKSEUMAWE,11230,JANARATA,11,ACEH,1117,KAB. BENER MERIAH,111703,SYIAH UTAMA,1117032004,GONENG,TIDAK,"4.665784685948483, 97.20159281428587"
11,ACEH,11LSM,LHOKSEUMAWE,11230,JANARATA,11,ACEH,1117,KAB. BENER MERIAH,111703,SYIAH UTAMA,1117032007,KERLANG,TIDAK,"4.664323626261353, 97.23040878674777"
11,ACEH,11LSM,LHOKSEUMAWE,11230,JANARATA,11,ACEH,1117,KAB. BENER MERIAH,111703,SYIAH UTAMA,1117032008,KUTELAH LANE,TIDAK,"4.602817540191564, 97.18575006848745"
11,ACEH,11LSM,LHOKSEUMAWE,11230,JANARATA,11,ACEH,1117,KAB. BENER MERIAH,111703,SYIAH UTAMA,1117032009,PASIR PUTIH,TIDAK,
11,ACEH,11LSM,LHOKSEUMAWE,11230,JANARATA,11,ACEH,1117,KAB. BENER MERIAH,111703,SYIAH UTAMA,1117032010,PAYUNG,TIDAK,"4.687274116350655, 97.1643508304717"
11,ACEH,11LSM,LHOKSEUMAWE,11230,JANARATA,11,ACEH,1117,KAB. BENER MERIAH,111703,SYIAH UTAMA,1117032012,RUSIP,TIDAK,"4.755066278217599, 97.13867161210985"
11,ACEH,11LSM,LHOKSEUMAWE,11230,JANARATA,11,ACEH,1117,KAB. BENER MERIAH,111703,SYIAH UTAMA,1117032014,TEMBOLON,TIDAK,"4.707770938515161, 97.06259467320872"
11,ACEH,11LSM,LHOKSEUMAWE,11230,JANARATA,11,ACEH,1117,KAB. BENER MERIAH,111703,SYIAH UTAMA,1117032015,UNING,TIDAK,"4.816940642217326, 96.96585626139078"
11,ACEH,11LSM,LHOKSEUMAWE,11230,JANARATA,11,ACEH,1117,KAB. BENER MERIAH,111703,SYIAH UTAMA,1117032016,WEHNI DURIN,TIDAK,"4.6532330347344315, 96.74318615582071"
11,ACEH,11LSM,LHOKSEUMAWE,11230,JANARATA,11,ACEH,1117,KAB. BENER MERIAH,111703,SYIAH UTAMA,1117032017,RATA MULIE,TIDAK,"4.63002497738421, 97.18585933077048"
11,ACEH,11LSM,LHOKSEUMAWE,11230,JANARATA,11,ACEH,1117,KAB. BENER MERIAH,111703,SYIAH UTAMA,1117032018,TEMPEN BARU,TIDAK,"4.62861698549482, 97.23350453114632"
11,ACEH,11LSM,LHOKSEUMAWE,11230,JANARATA,11,ACEH,1117,KAB. BENER MERIAH,111703,SYIAH UTAMA,1117032019,GERUTI JAYA,TIDAK,"4.606735889795307, 97.26101846471997"
11,ACEH,11LSM,LHOKSEUMAWE,11230,JANARATA,11,ACEH,1117,KAB. BENER MERIAH,111704,BANDAR,1117042001,BAHGIE BERTONA,TIDAK,"4.7578789709188465, 96.92114699193587"
11,ACEH,11LSM,LHOKSEUMAWE,11230,JANARATA,11,ACEH,1117,KAB. BENER MERIAH,111704,BANDAR,1117042003,BATHIN BARU,TIDAK,"4.764181938817164, 96.89885533313802"
11,ACEH,11LSM,LHOKSEUMAWE,11230,JANARATA,11,ACEH,1117,KAB. BENER MERIAH,111704,BANDAR,1117042004,BELANG PULO,TIDAK,"4.748134431542008, 96.96332873681762"
11,ACEH,11LSM,LHOKSEUMAWE,11230,JANARATA,11,ACEH,1117,KAB. BENER MERIAH,111704,BANDAR,1117042009,BUKIT WIH ILANG,TIDAK,"4.732528322427161, 96.91182299696442"
11,ACEH,11LSM,LHOKSEUMAWE,11230,JANARATA,11,ACEH,1117,KAB. BENER MERIAH,111704,BANDAR,1117042010,HAKIM WIH ILANG,TIDAK,"4.734221763126957, 96.91426364418383"
11,ACEH,11LSM,LHOKSEUMAWE,11230,JANARATA,11,ACEH,1117,KAB. BENER MERIAH,111704,BANDAR,1117042011,JANARATA,TIDAK,"4.756699924520261, 96.9132130302671"
11,ACEH,11LSM,LHOKSEUMAWE,11230,JANARATA,11,ACEH,1117,KAB. BENER MERIAH,111704,BANDAR,1117042012,KERAMAT JAYA,TIDAK,"4.744201225458853, 96.92931630906659"
11,ACEH,11LSM,LHOKSEUMAWE,11230,JANARATA,11,ACEH,1117,KAB. BENER MERIAH,111704,BANDAR,1117042013,LEWA JADI,TIDAK,"4.722568097455186, 96.9138793226878"
11,ACEH,11LSM,LHOKSEUMAWE,11230,JANARATA,11,ACEH,1117,KAB. BENER MERIAH,111704,BANDAR,1117042014,MUYANG KUTE MANGKU,TIDAK,"4.732808779203005, 96.96752669929039"
11,ACEH,11LSM,LHOKSEUMAWE,11230,JANARATA,11,ACEH,1117,KAB. BENER MERIAH,111704,BANDAR,1117042016,PAKAT JEROH,TIDAK,"4.758267630007644, 96.93887988514669"
11,ACEH,11LSM,LHOKSEUMAWE,11230,JANARATA,11,ACEH,1117,KAB. BENER MERIAH,111704,BANDAR,1117042017,PAYA BANING,TIDAK,"4.734106922542747, 96.95936419017984"
11,ACEH,11LSM,LHOKSEUMAWE,11230,JANARATA,11,ACEH,1117,KAB. BENER MERIAH,111704,BANDAR,1117042018,BELANG JORONG,TIDAK,"4.743326887761442, 96.94522072055602"
11,ACEH,11LSM,LHOKSEUMAWE,11230,JANARATA,11,ACEH,1117,KAB. BENER MERIAH,111704,BANDAR,1117042019,PONDOK BARU,TIDAK,"4.7565492447464965, 96.91686517270331"
11,ACEH,11LSM,LHOKSEUMAWE,11230,JANARATA,11,ACEH,1117,KAB. BENER MERIAH,111704,BANDAR,1117042020,PONDOK GAJAH,TIDAK,"4.753281639151171, 96.89646258028422"
11,ACEH,11LSM,LHOKSEUMAWE,11230,JANARATA,11,ACEH,1117,KAB. BENER MERIAH,111704,BANDAR,1117042021,PONDOK ULUNG,TIDAK,"4.757116613739773, 96.92609663262589"
11,ACEH,11LSM,LHOKSEUMAWE,11230,JANARATA,11,ACEH,1117,KAB. BENER MERIAH,111704,BANDAR,1117042022,PUJA MULIA,TIDAK,"4.75393772571821, 96.91370327707399"
11,ACEH,11LSM,LHOKSEUMAWE,11230,JANARATA,11,ACEH,1117,KAB. BENER MERIAH,111704,BANDAR,1117042023,PURWOSARI,TIDAK,"4.747341498001702, 96.90938230314318"
11,ACEH,11LSM,LHOKSEUMAWE,11230,JANARATA,11,ACEH,1117,KAB. BENER MERIAH,111704,BANDAR,1117042024,SELAMAT REJO,TIDAK,"4.751354738049693, 96.95179165800829"
11,ACEH,11LSM,LHOKSEUMAWE,11230,JANARATA,11,ACEH,1117,KAB. BENER MERIAH,111704,BANDAR,1117042025,SIDODADI,TIDAK,"4.7503940676599425, 96.93448112334676"
11,ACEH,11LSM,LHOKSEUMAWE,11230,JANARATA,11,ACEH,1117,KAB. BENER MERIAH,111704,BANDAR,1117042026,SIMPANG UTAMA,TIDAK,"4.751955057721284, 96.90442615621885"
11,ACEH,11LSM,LHOKSEUMAWE,11230,JANARATA,11,ACEH,1117,KAB. BENER MERIAH,111704,BANDAR,1117042027,SUKU WIH ILANG,TIDAK,"4.7399802640002955, 96.900572622851"
11,ACEH,11LSM,LHOKSEUMAWE,11230,JANARATA,11,ACEH,1117,KAB. BENER MERIAH,111704,BANDAR,1117042028,TANJUNG PURA,TIDAK,"4.737385387507728, 96.94017078276892"
11,ACEH,11LSM,LHOKSEUMAWE,11230,JANARATA,11,ACEH,1117,KAB. BENER MERIAH,111704,BANDAR,1117042029,WONOSARI,TIDAK,"4.724240417574385, 96.94709925543425"
11,ACEH,11LSM,LHOKSEUMAWE,11230,JANARATA,11,ACEH,1117,KAB. BENER MERIAH,111704,BANDAR,1117042030,MUTIARA,TIDAK,"4.752910738274401, 96.91111524551813"
11,ACEH,11LSM,LHOKSEUMAWE,11230,JANARATA,11,ACEH,1117,KAB. BENER MERIAH,111704,BANDAR,1117042032,TANSARAN BIDIN,TIDAK,"4.721089985375615, 96.94283961482097"
11,ACEH,11LSM,LHOKSEUMAWE,11230,JANARATA,11,ACEH,1117,KAB. BENER MERIAH,111704,BANDAR,1117042033,JADI SEPAKAT,TIDAK,"4.749795167540947, 96.92443327126577"
11,ACEH,11LSM,LHOKSEUMAWE,11230,JANARATA,11,ACEH,1117,KAB. BENER MERIAH,111704,BANDAR,1117042034,SELISIH MARA,TIDAK,"4.7619696298096175, 96.94701771970873"
11,ACEH,11LSM,LHOKSEUMAWE,11230,JANARATA,11,ACEH,1117,KAB. BENER MERIAH,111704,BANDAR,1117042035,KALA NEMPAN,TIDAK,"4.7586045558573975, 96.93891465516475"
11,ACEH,11LSM,LHOKSEUMAWE,11230,JANARATA,11,ACEH,1117,KAB. BENER MERIAH,111704,BANDAR,1117042036,GUNUNG ANTARA,TIDAK,"4.717540433349079, 96.91653161328321"
11,ACEH,11LSM,LHOKSEUMAWE,11230,JANARATA,11,ACEH,1117,KAB. BENER MERIAH,111704,BANDAR,1117042037,GELE SEMAYANG,TIDAK,"4.741205837995212, 96.90481186588403"
11,ACEH,11LSM,LHOKSEUMAWE,11230,JANARATA,11,ACEH,1117,KAB. BENER MERIAH,111704,BANDAR,1117042042,TAWAR SEDENGE,TIDAK,"4.747837840326382, 96.91380015682613"
11,ACEH,11LSM,LHOKSEUMAWE,11230,JANARATA,11,ACEH,1117,KAB. BENER MERIAH,111704,BANDAR,1117042043,BERANUN TELEDEN,TIDAK,"4.7353331831903365, 96.9233997866152"
11,ACEH,11LSM,LHOKSEUMAWE,11230,JANARATA,11,ACEH,1117,KAB. BENER MERIAH,111704,BANDAR,1117042044,REMANG KETIKE JAYA,TIDAK,"4.728551827427847, 96.92817337500163"
11,ACEH,11LSM,LHOKSEUMAWE,11230,JANARATA,11,ACEH,1117,KAB. BENER MERIAH,111704,BANDAR,1117042045,MAKMUR SENTOSA,TIDAK,"4.74651795531871, 96.90948324173274"
11,ACEH,11LSM,LHOKSEUMAWE,11230,JANARATA,11,ACEH,1117,KAB. BENER MERIAH,111704,BANDAR,1117042047,SINAR JAYA PAYA RINGKEL,TIDAK,"4.741039167259159, 96.97028046022237"
11,ACEH,11LSM,LHOKSEUMAWE,11230,JANARATA,11,ACEH,1117,KAB. BENER MERIAH,111705,BUKIT,1117052001,BALE ATU,TIDAK,"4.725085958618028, 96.85932551052777"
11,ACEH,11LSM,LHOKSEUMAWE,11230,JANARATA,11,ACEH,1117,KAB. BENER MERIAH,111705,BUKIT,1117052002,BALE REDELONG,TIDAK,"4.728987220735928, 96.87147307713101"
11,ACEH,11LSM,LHOKSEUMAWE,11230,JANARATA,11,ACEH,1117,KAB. BENER MERIAH,111705,BUKIT,1117052003,BATIN WIH PONGAS,TIDAK,"4.713408705876762, 96.87270261211478"
11,ACEH,11LSM,LHOKSEUMAWE,11230,JANARATA,11,ACEH,1117,KAB. BENER MERIAH,111705,BUKIT,1117052004,BELANG ARA,TIDAK,"4.742078895763833, 96.89099834753308"
11,ACEH,11LSM,LHOKSEUMAWE,11230,JANARATA,11,ACEH,1117,KAB. BENER MERIAH,111705,BUKIT,1117052005,BLANG SENTANG,TIDAK,"4.722681468508047, 96.87254846041104"
11,ACEH,11LSM,LHOKSEUMAWE,11230,JANARATA,11,ACEH,1117,KAB. BENER MERIAH,111705,BUKIT,1117052006,BLANG TAMPU,TIDAK,"4.684236943343965, 96.8449673109443"
11,ACEH,11LSM,LHOKSEUMAWE,11230,JANARATA,11,ACEH,1117,KAB. BENER MERIAH,111705,BUKIT,1117052007,BUJANG,TIDAK,"4.614481383370362, 96.84860364415475"
11,ACEH,11LSM,LHOKSEUMAWE,11230,JANARATA,11,ACEH,1117,KAB. BENER MERIAH,111705,BUKIT,1117052009,DELUNG TUE,TIDAK,"4.718095183324499, 96.88892379779365"
11,ACEH,11LSM,LHOKSEUMAWE,11230,JANARATA,11,ACEH,1117,KAB. BENER MERIAH,111705,BUKIT,1117052010,HAKIM TUNGGUL NARU,TIDAK,"4.725487987855339, 96.8627340266855"
11,ACEH,11LSM,LHOKSEUMAWE,11230,JANARATA,11,ACEH,1117,KAB. BENER MERIAH,111705,BUKIT,1117052011,ISAQ BUSUR,TIDAK,"4.732245721469564, 96.8886138903441"
11,ACEH,11LSM,LHOKSEUMAWE,11230,JANARATA,11,ACEH,1117,KAB. BENER MERIAH,111705,BUKIT,1117052012,KENAWAT REDELONG,TIDAK,"4.726627609566912, 96.89310178193396"
11,ACEH,11LSM,LHOKSEUMAWE,11230,JANARATA,11,ACEH,1117,KAB. BENER MERIAH,111705,BUKIT,1117052013,KUTE LINTANG,TIDAK,"4.698410980725904, 96.85743154001516"
11,ACEH,11LSM,LHOKSEUMAWE,11230,JANARATA,11,ACEH,1117,KAB. BENER MERIAH,111705,BUKIT,1117052014,PANJI MULIA I,TIDAK,"4.741787496364669, 96.88740022390071"
11,ACEH,11LSM,LHOKSEUMAWE,11230,JANARATA,11,ACEH,1117,KAB. BENER MERIAH,111705,BUKIT,1117052015,PANJI MULIA II,TIDAK,"4.742619178094342, 96.88289789190272"
11,ACEH,11LSM,LHOKSEUMAWE,11230,JANARATA,11,ACEH,1117,KAB. BENER MERIAH,111705,BUKIT,1117052016,PASAR SIMPANG TIGA,TIDAK,"4.724036007205805, 96.8727155909082"
11,ACEH,11LSM,LHOKSEUMAWE,11230,JANARATA,11,ACEH,1117,KAB. BENER MERIAH,111705,BUKIT,1117052017,REJE GURU,TIDAK,"4.720366864357638, 96.87879249156853"
11,ACEH,11LSM,LHOKSEUMAWE,11230,JANARATA,11,ACEH,1117,KAB. BENER MERIAH,111705,BUKIT,1117052018,REMBELE,TIDAK,"4.703789972469856, 96.83973524772081"
11,ACEH,11LSM,LHOKSEUMAWE,11230,JANARATA,11,ACEH,1117,KAB. BENER MERIAH,111705,BUKIT,1117052019,SEDIE JADI,TIDAK,"4.760480616696702, 96.89032875179973"
11,ACEH,11LSM,LHOKSEUMAWE,11230,JANARATA,11,ACEH,1117,KAB. BENER MERIAH,111705,BUKIT,1117052020,TINGKEM ASLI,TIDAK,"4.709283045390385, 96.8709035628264"
11,ACEH,11LSM,LHOKSEUMAWE,11230,JANARATA,11,ACEH,1117,KAB. BENER MERIAH,111705,BUKIT,1117052021,TINGKEM BENYER,TIDAK,"4.718852015385668, 96.85954622531563"
11,ACEH,11LSM,LHOKSEUMAWE,11230,JANARATA,11,ACEH,1117,KAB. BENER MERIAH,111705,BUKIT,1117052022,TINGKEM BERSATU,TIDAK,"4.706938247042223, 96.86746110328922"
11,ACEH,11LSM,LHOKSEUMAWE,11230,JANARATA,11,ACEH,1117,KAB. BENER MERIAH,111705,BUKIT,1117052023,UJUNG GELE,TIDAK,"4.72456480711307, 96.88191136595586"
11,ACEH,11LSM,LHOKSEUMAWE,11230,JANARATA,11,ACEH,1117,KAB. BENER MERIAH,111705,BUKIT,1117052024,UNING BERSAH,TIDAK,"4.688392964148554, 96.85443458884572"
11,ACEH,11LSM,LHOKSEUMAWE,11230,JANARATA,11,ACEH,1117,KAB. BENER MERIAH,111705,BUKIT,1117052025,GUNUNG TERITIT,TIDAK,"4.693674398299374, 96.85901403500723"
11,ACEH,11LSM,LHOKSEUMAWE,11230,JANARATA,11,ACEH,1117,KAB. BENER MERIAH,111705,BUKIT,1117052026,WAQ PONDOK SAYUR,TIDAK,"4.750729457985197, 96.88346956637848"
11,ACEH,11LSM,LHOKSEUMAWE,11230,JANARATA,11,ACEH,1117,KAB. BENER MERIAH,111705,BUKIT,1117052027,BABUSSALAM,TIDAK,"4.725619170585161, 96.87023940964475"
11,ACEH,11LSM,LHOKSEUMAWE,11230,JANARATA,11,ACEH,1117,KAB. BENER MERIAH,111705,BUKIT,1117052028,PAYA GAJAH,TIDAK,"4.723556267310496, 96.86834732086974"
11,ACEH,11LSM,LHOKSEUMAWE,11230,JANARATA,11,ACEH,1117,KAB. BENER MERIAH,111705,BUKIT,1117052029,KUTE TANYUNG,TIDAK,"4.70810466632909, 96.85893039221291"
11,ACEH,11LSM,LHOKSEUMAWE,11230,JANARATA,11,ACEH,1117,KAB. BENER MERIAH,111705,BUKIT,1117052030,MELUEM,TIDAK,"4.736419218353613, 96.88742944444894"
11,ACEH,11LSM,LHOKSEUMAWE,11230,JANARATA,11,ACEH,1117,KAB. BENER MERIAH,111705,BUKIT,1117052031,DELUNG ASLI,TIDAK,"4.718356246635056, 96.89098601982433"
11,ACEH,11LSM,LHOKSEUMAWE,11230,JANARATA,11,ACEH,1117,KAB. BENER MERIAH,111705,BUKIT,1117052032,PILAR JAYA,TIDAK,"4.700335906687557, 96.91298416632172"
11,ACEH,11LSM,LHOKSEUMAWE,11230,JANARATA,11,ACEH,1117,KAB. BENER MERIAH,111705,BUKIT,1117052033,SERULE KAYU,TIDAK,"4.700323619609168, 96.86258805464134"
11,ACEH,11LSM,LHOKSEUMAWE,11230,JANARATA,11,ACEH,1117,KAB. BENER MERIAH,111705,BUKIT,1117052034,URING,TIDAK,"4.051019444572729, 97.48386124727881"
11,ACEH,11LSM,LHOKSEUMAWE,11230,JANARATA,11,ACEH,1117,KAB. BENER MERIAH,111705,BUKIT,1117052035,MUPAKAT JADI,TIDAK,"4.750472320560861, 96.89250985717771"
11,ACEH,11LSM,LHOKSEUMAWE,11230,JANARATA,11,ACEH,1117,KAB. BENER MERIAH,111705,BUKIT,1117052036,KUTE KERING,TIDAK,"4.711610743114036, 96.85134130051257"
11,ACEH,11LSM,LHOKSEUMAWE,11230,JANARATA,11,ACEH,1117,KAB. BENER MERIAH,111705,BUKIT,1117052037,BLANG PANAS,TIDAK,"4.687568548965865, 96.8515019011098"
11,ACEH,11LSM,LHOKSEUMAWE,11230,JANARATA,11,ACEH,1117,KAB. BENER MERIAH,111705,BUKIT,1117052038,MUTIARA BARU,TIDAK,"4.6780642167540565, 96.83550564841218"
11,ACEH,11LSM,LHOKSEUMAWE,11230,JANARATA,11,ACEH,1117,KAB. BENER MERIAH,111705,BUKIT,1117052039,BUKIT BERSATU,TIDAK,"4.679925992528981, 96.83896562009494"
11,ACEH,11LSM,LHOKSEUMAWE,11230,JANARATA,11,ACEH,1117,KAB. BENER MERIAH,111705,BUKIT,1117052040,GODANG,TIDAK,"4.734253798266627, 96.88259602826818"
11,ACEH,11LSM,LHOKSEUMAWE,11230,JANARATA,11,ACEH,1117,KAB. BENER MERIAH,111705,BUKIT,1117052041,KARANG REJO,TIDAK,"4.717907097042037, 96.83329146757109"
11,ACEH,11LSM,LHOKSEUMAWE,11230,JANARATA,11,ACEH,1117,KAB. BENER MERIAH,111706,WIH PESAM,1117062001,BLANG PAKU,TIDAK,"4.721106794527872, 96.74340156797152"
11,ACEH,11LSM,LHOKSEUMAWE,11230,JANARATA,11,ACEH,1117,KAB. BENER MERIAH,111706,WIH PESAM,1117062004,PANTE RAYA,TIDAK,"4.723479747252343, 96.80854871002815"
11,ACEH,11LSM,LHOKSEUMAWE,11230,JANARATA,11,ACEH,1117,KAB. BENER MERIAH,111706,WIH PESAM,1117062005,SIMPANG BALEK,TIDAK,"4.727288325602161, 96.79828728846708"
11,ACEH,11LSM,LHOKSEUMAWE,11230,JANARATA,11,ACEH,1117,KAB. BENER MERIAH,111706,WIH PESAM,1117062006,SIMPANG TERITIT,TIDAK,"4.684072981413831, 96.83346964359333"
11,ACEH,11LSM,LHOKSEUMAWE,11230,JANARATA,11,ACEH,1117,KAB. BENER MERIAH,111706,WIH PESAM,1117062007,SUKA JADI,TIDAK,"4.702852036185749, 96.79763862790722"
11,ACEH,11LSM,LHOKSEUMAWE,11230,JANARATA,11,ACEH,1117,KAB. BENER MERIAH,111706,WIH PESAM,1117062008,SUKA MAKMUR,TIDAK,"4.7284250585538254, 96.75023328854815"
11,ACEH,11LSM,LHOKSEUMAWE,11230,JANARATA,11,ACEH,1117,KAB. BENER MERIAH,111706,WIH PESAM,1117062009,SUKA RAMAI ATAS,TIDAK,"4.695323012367898, 96.82286485925954"
11,ACEH,11LSM,LHOKSEUMAWE,11230,JANARATA,11,ACEH,1117,KAB. BENER MERIAH,111706,WIH PESAM,1117062010,SUKA RAMAI BAWAH,TIDAK,"4.692141937840102, 96.8121514478095"
11,ACEH,11LSM,LHOKSEUMAWE,11230,JANARATA,11,ACEH,1117,KAB. BENER MERIAH,111706,WIH PESAM,1117062011,SYURA JADI,TIDAK,"4.698747819135594, 96.80666163344998"
11,ACEH,11LSM,LHOKSEUMAWE,11230,JANARATA,11,ACEH,1117,KAB. BENER MERIAH,111706,WIH PESAM,1117062012,JAMUR ULUH,TIDAK,"4.693662455278276, 96.83042046379632"
11,ACEH,11LSM,LHOKSEUMAWE,11230,JANARATA,11,ACEH,1117,KAB. BENER MERIAH,111706,WIH PESAM,1117062013,GEGERUNG,TIDAK,"4.691417429576548, 96.83403334538009"
11,ACEH,11LSM,LHOKSEUMAWE,11230,JANARATA,11,ACEH,1117,KAB. BENER MERIAH,111706,WIH PESAM,1117062015,BLANG BENARA,TIDAK,"4.724774480955294, 96.7515424932687"
11,ACEH,11LSM,LHOKSEUMAWE,11230,JANARATA,11,ACEH,1117,KAB. BENER MERIAH,111706,WIH PESAM,1117062016,BUKIT PEPANYI,TIDAK,"4.684030035058639, 96.81228128901415"
11,ACEH,11LSM,LHOKSEUMAWE,11230,JANARATA,11,ACEH,1117,KAB. BENER MERIAH,111706,WIH PESAM,1117062017,WIH PESAM,TIDAK,"4.727308718292694, 96.8111392529445"
11,ACEH,11LSM,LHOKSEUMAWE,11230,JANARATA,11,ACEH,1117,KAB. BENER MERIAH,111706,WIH PESAM,1117062018,CINTA DAMAI,TIDAK,"4.719029671913322, 96.79586069905994"
11,ACEH,11LSM,LHOKSEUMAWE,11230,JANARATA,11,ACEH,1117,KAB. BENER MERIAH,111706,WIH PESAM,1117062019,BENER AYU,TIDAK,"4.728924083668835, 96.7777675403962"
11,ACEH,11LSM,LHOKSEUMAWE,11230,JANARATA,11,ACEH,1117,KAB. BENER MERIAH,111706,WIH PESAM,1117062020,BENER MULIE,TIDAK,"4.734437685854352, 96.79333575654519"
11,ACEH,11LSM,LHOKSEUMAWE,11230,JANARATA,11,ACEH,1117,KAB. BENER MERIAH,111706,WIH PESAM,1117062021,BLANG KUCAK,TIDAK,"4.728291406907745, 96.76339514668737"
11,ACEH,11LSM,LHOKSEUMAWE,11230,JANARATA,11,ACEH,1117,KAB. BENER MERIAH,111706,WIH PESAM,1117062022,WONOSOBO,TIDAK,"4.715330654599571, 96.81734291068352"
11,ACEH,11LSM,LHOKSEUMAWE,11230,JANARATA,11,ACEH,1117,KAB. BENER MERIAH,111706,WIH PESAM,1117062023,LUT KUCAK,TIDAK,"4.721932709961424, 96.80786816484486"
11,ACEH,11LSM,LHOKSEUMAWE,11230,JANARATA,11,ACEH,1117,KAB. BENER MERIAH,111706,WIH PESAM,1117062024,KEBUN BARU,TIDAK,"4.727804892925414, 96.79142071453582"
11,ACEH,11LSM,LHOKSEUMAWE,11230,JANARATA,11,ACEH,1117,KAB. BENER MERIAH,111706,WIH PESAM,1117062025,SIMPANG ANTARA,TIDAK,"4.7207679171258725, 96.78133788912447"
11,ACEH,11LSM,LHOKSEUMAWE,11230,JANARATA,11,ACEH,1117,KAB. BENER MERIAH,111706,WIH PESAM,1117062026,JAMUR UJUNG,TIDAK,"4.709525895504284, 96.81754035691367"
11,ACEH,11LSM,LHOKSEUMAWE,11230,JANARATA,11,ACEH,1117,KAB. BENER MERIAH,111706,WIH PESAM,1117062027,SUKA MAKMUR TIMUR,TIDAK,"4.728337736076673, 96.75739843360323"
11,ACEH,11LSM,LHOKSEUMAWE,11230,JANARATA,11,ACEH,1117,KAB. BENER MERIAH,111706,WIH PESAM,1117062028,BURNI TELONG,TIDAK,"4.711912044212423, 96.81326778276886"
11,ACEH,11LSM,LHOKSEUMAWE,11228,GANDAPURA,11,ACEH,1111,KAB. BIREUEN,111107,GANDAPURA,1111072001,KEUDE LAPANG,TIDAK,"5.233213664973669, 96.891953962678"
11,ACEH,11LSM,LHOKSEUMAWE,11228,GANDAPURA,11,ACEH,1111,KAB. BIREUEN,111107,GANDAPURA,1111072002,LAPANG BARAT,TIDAK,"5.243841083432846, 96.88313433652053"
11,ACEH,11LSM,LHOKSEUMAWE,11228,GANDAPURA,11,ACEH,1111,KAB. BIREUEN,111107,GANDAPURA,1111072003,LINGKA KUTA,TIDAK,"5.241925614897523, 96.89111693976302"
11,ACEH,11LSM,LHOKSEUMAWE,11228,GANDAPURA,11,ACEH,1111,KAB. BIREUEN,111107,GANDAPURA,1111072004,LAPANG TIMU,TIDAK,"5.236037893352376, 96.90109236078371"
11,ACEH,11LSM,LHOKSEUMAWE,11228,GANDAPURA,11,ACEH,1111,KAB. BIREUEN,111107,GANDAPURA,1111072005,TEUPIN SIRON,TIDAK,"5.234572872898555, 96.90653220137185"
11,ACEH,11LSM,LHOKSEUMAWE,11228,GANDAPURA,11,ACEH,1111,KAB. BIREUEN,111107,GANDAPURA,1111072006,IE RHOP,TIDAK,"5.247148510171249, 96.90370237680169"
11,ACEH,11LSM,LHOKSEUMAWE,11228,GANDAPURA,11,ACEH,1111,KAB. BIREUEN,111107,GANDAPURA,1111072007,CEUBO,TIDAK,"5.228955796260002, 96.90850425510051"
11,ACEH,11LSM,LHOKSEUMAWE,11228,GANDAPURA,11,ACEH,1111,KAB. BIREUEN,111107,GANDAPURA,1111072008,PALOH ME,TIDAK,"5.220836449199105, 96.89272808247324"
11,ACEH,11LSM,LHOKSEUMAWE,11228,GANDAPURA,11,ACEH,1111,KAB. BIREUEN,111107,GANDAPURA,1111072009,LHOK MAMBANG,TIDAK,"5.233847132915749, 96.88051864744865"
11,ACEH,11LSM,LHOKSEUMAWE,11228,GANDAPURA,11,ACEH,1111,KAB. BIREUEN,111107,GANDAPURA,1111072010,SAMUTI KRUENG,TIDAK,"5.235118967828491, 96.87047999118208"
11,ACEH,11LSM,LHOKSEUMAWE,11228,GANDAPURA,11,ACEH,1111,KAB. BIREUEN,111107,GANDAPURA,1111072011,COT MANE,TIDAK,"5.228326613592357, 96.86055496607709"
11,ACEH,11LSM,LHOKSEUMAWE,11228,GANDAPURA,11,ACEH,1111,KAB. BIREUEN,111107,GANDAPURA,1111072012,SAMUTI MAKMUR,TIDAK,"5.238643494911771, 96.85789445010016"
11,ACEH,11LSM,LHOKSEUMAWE,11228,GANDAPURA,11,ACEH,1111,KAB. BIREUEN,111107,GANDAPURA,1111072013,SAMUTI RAYEUK,TIDAK,"5.23431707687163, 96.85351003583393"
11,ACEH,11LSM,LHOKSEUMAWE,11228,GANDAPURA,11,ACEH,1111,KAB. BIREUEN,111107,GANDAPURA,1111072014,COT PUUK,TIDAK,"5.2258466555304794, 96.87828122853946"
11,ACEH,11LSM,LHOKSEUMAWE,11228,GANDAPURA,11,ACEH,1111,KAB. BIREUEN,111107,GANDAPURA,1111072015,SAMUTI AMAN,TIDAK,"5.244429162647064, 96.85012050518297"
11,ACEH,11LSM,LHOKSEUMAWE,11228,GANDAPURA,11,ACEH,1111,KAB. BIREUEN,111107,GANDAPURA,1111072016,ALUE MANGKI,TIDAK,"5.241704264838567, 96.89547054549817"
11,ACEH,11LSM,LHOKSEUMAWE,11228,GANDAPURA,11,ACEH,1111,KAB. BIREUEN,111107,GANDAPURA,1111072017,MON KEULAYU,TIDAK,"5.252362956843254, 96.8583407541549"
11,ACEH,11LSM,LHOKSEUMAWE,11228,GANDAPURA,11,ACEH,1111,KAB. BIREUEN,111107,GANDAPURA,1111072018,GEURUGOK,TIDAK,"5.229637169531474, 96.88615927955483"
11,ACEH,11LSM,LHOKSEUMAWE,11228,GANDAPURA,11,ACEH,1111,KAB. BIREUEN,111107,GANDAPURA,1111072019,BLANG KEDE,TIDAK,"5.235980850213206, 96.88113398022314"
11,ACEH,11LSM,LHOKSEUMAWE,11228,GANDAPURA,11,ACEH,1111,KAB. BIREUEN,111107,GANDAPURA,1111072020,COT TUFAH,TIDAK,"5.220078887098146, 96.8582025613465"
11,ACEH,11LSM,LHOKSEUMAWE,11228,GANDAPURA,11,ACEH,1111,KAB. BIREUEN,111107,GANDAPURA,1111072021,COT TUNONG,TIDAK,"5.217564141529942, 96.8500974467413"
11,ACEH,11LSM,LHOKSEUMAWE,11228,GANDAPURA,11,ACEH,1111,KAB. BIREUEN,111107,GANDAPURA,1111072022,PAYA BARO,TIDAK,"5.204773160952008, 96.8533693624741"
11,ACEH,11LSM,LHOKSEUMAWE,11228,GANDAPURA,11,ACEH,1111,KAB. BIREUEN,111107,GANDAPURA,1111072023,PALOH KAYE KUNYET,TIDAK,"5.190337700197756, 96.85876587791194"
11,ACEH,11LSM,LHOKSEUMAWE,11228,GANDAPURA,11,ACEH,1111,KAB. BIREUEN,111107,GANDAPURA,1111072024,COT JABET,TIDAK,"5.223701858005498, 96.90249833740745"
11,ACEH,11LSM,LHOKSEUMAWE,11228,GANDAPURA,11,ACEH,1111,KAB. BIREUEN,111107,GANDAPURA,1111072025,COT TUBE,TIDAK,"5.214306835991646, 96.90124675014748"
11,ACEH,11LSM,LHOKSEUMAWE,11228,GANDAPURA,11,ACEH,1111,KAB. BIREUEN,111107,GANDAPURA,1111072026,PANTE SIKUMBONG,TIDAK,"5.2188919418744995, 96.90927710293137"
11,ACEH,11LSM,LHOKSEUMAWE,11228,GANDAPURA,11,ACEH,1111,KAB. BIREUEN,111107,GANDAPURA,1111072027,BLANG GURON,TIDAK,"5.212753817324467, 96.91274164814205"
11,ACEH,11LSM,LHOKSEUMAWE,11228,GANDAPURA,11,ACEH,1111,KAB. BIREUEN,111107,GANDAPURA,1111072028,DAMA KAWAN,TIDAK,"5.20348725204591, 96.91131076757146"
11,ACEH,11LSM,LHOKSEUMAWE,11228,GANDAPURA,11,ACEH,1111,KAB. BIREUEN,111107,GANDAPURA,1111072029,PAYA SEUPAT,TIDAK,"5.185529791218548, 96.90154410285344"
11,ACEH,11LSM,LHOKSEUMAWE,11228,GANDAPURA,11,ACEH,1111,KAB. BIREUEN,111107,GANDAPURA,1111072030,COT RAMBAT,TIDAK,"5.205873568297082, 96.9039171419849"
11,ACEH,11LSM,LHOKSEUMAWE,11228,GANDAPURA,11,ACEH,1111,KAB. BIREUEN,111107,GANDAPURA,1111072031,PAYA KAREUNG,TIDAK,"5.199990920242156, 96.90312229245345"
11,ACEH,11LSM,LHOKSEUMAWE,11228,GANDAPURA,11,ACEH,1111,KAB. BIREUEN,111107,GANDAPURA,1111072032,MON JEURUJAK,TIDAK,"5.19873437585803, 96.89713513786673"
11,ACEH,11LSM,LHOKSEUMAWE,11228,GANDAPURA,11,ACEH,1111,KAB. BIREUEN,111107,GANDAPURA,1111072033,TANJONG RAYA,TIDAK,"5.201434990226137, 96.89266501207587"
11,ACEH,11LSM,LHOKSEUMAWE,11228,GANDAPURA,11,ACEH,1111,KAB. BIREUEN,111107,GANDAPURA,1111072034,TANJONG MESJID,TIDAK,"5.2028311965692895, 96.88637428098849"
11,ACEH,11LSM,LHOKSEUMAWE,11228,GANDAPURA,11,ACEH,1111,KAB. BIREUEN,111107,GANDAPURA,1111072035,BLANG KUBU,TIDAK,"5.196108208170815, 96.88752236283128"
11,ACEH,11LSM,LHOKSEUMAWE,11228,GANDAPURA,11,ACEH,1111,KAB. BIREUEN,111107,GANDAPURA,1111072036,TANJONG BUNGONG,TIDAK,"5.211067589787227, 96.89582282067845"
11,ACEH,11LSM,LHOKSEUMAWE,11228,GANDAPURA,11,ACEH,1111,KAB. BIREUEN,111107,GANDAPURA,1111072037,PULO GISA,TIDAK,"5.209480802011593, 96.89182436648973"
11,ACEH,11LSM,LHOKSEUMAWE,11228,GANDAPURA,11,ACEH,1111,KAB. BIREUEN,111107,GANDAPURA,1111072038,UJONG BAYU,TIDAK,"5.211013005581789, 96.88230080782515"
11,ACEH,11LSM,LHOKSEUMAWE,11228,GANDAPURA,11,ACEH,1111,KAB. BIREUEN,111107,GANDAPURA,1111072078,MON JAMBE,TIDAK,"5.2606649760362245, 96.85067022582608"
11,ACEH,11LSM,LHOKSEUMAWE,11228,GANDAPURA,11,ACEH,1111,KAB. BIREUEN,111107,GANDAPURA,1111072079,BLANG RHEUE,TIDAK,"5.23874337799948, 96.86322746997273"
11,ACEH,11LSM,LHOKSEUMAWE,11228,GANDAPURA,11,ACEH,1111,KAB. BIREUEN,111110,JANGKA,1111102041,ALUE KUTA,TIDAK,"5.27049874293839, 96.83502625369552"
11,ACEH,11LSM,LHOKSEUMAWE,11228,GANDAPURA,11,ACEH,1111,KAB. BIREUEN,111110,JANGKA,1111102042,ALUE BAYEU UTANG,TIDAK,"5.2623604988782935, 96.84124575190492"
11,ACEH,11LSM,LHOKSEUMAWE,11228,GANDAPURA,11,ACEH,1111,KAB. BIREUEN,111110,JANGKA,1111102043,ULEE CEU,TIDAK,"5.2564097321497085, 96.833710857005"
11,ACEH,11LSM,LHOKSEUMAWE,11228,GANDAPURA,11,ACEH,1111,KAB. BIREUEN,111115,PEUSANGAN SIBLAH KRUENG,1111152001,LUENG DANEUN,TIDAK,"5.161190044178091, 96.81462402075115"
11,ACEH,11LSM,LHOKSEUMAWE,11228,GANDAPURA,11,ACEH,1111,KAB. BIREUEN,111115,PEUSANGAN SIBLAH KRUENG,1111152002,RAMBONG PAYONG,TIDAK,"5.159266051043929, 96.815875370109"
11,ACEH,11LSM,LHOKSEUMAWE,11228,GANDAPURA,11,ACEH,1111,KAB. BIREUEN,111115,PEUSANGAN SIBLAH KRUENG,1111152003,ALUE KUPULA,TIDAK,"5.146098207589487, 96.80826623508408"
11,ACEH,11LSM,LHOKSEUMAWE,11228,GANDAPURA,11,ACEH,1111,KAB. BIREUEN,111115,PEUSANGAN SIBLAH KRUENG,1111152004,BLANG CIRIH,TIDAK,"5.15439837076592, 96.7956402834984"
11,ACEH,11LSM,LHOKSEUMAWE,11228,GANDAPURA,11,ACEH,1111,KAB. BIREUEN,111115,PEUSANGAN SIBLAH KRUENG,1111152005,KUBU,TIDAK,"5.178441216795183, 96.80501403850111"
11,ACEH,11LSM,LHOKSEUMAWE,11228,GANDAPURA,11,ACEH,1111,KAB. BIREUEN,111115,PEUSANGAN SIBLAH KRUENG,1111152006,TEUPIN RAYA,TIDAK,"5.1652964397893, 96.79923725692971"
11,ACEH,11LSM,LHOKSEUMAWE,11228,GANDAPURA,11,ACEH,1111,KAB. BIREUEN,111115,PEUSANGAN SIBLAH KRUENG,1111152007,COT ANEUK BATEE,TIDAK,"5.154823276592558, 96.82904345094353"
11,ACEH,11LSM,LHOKSEUMAWE,11228,GANDAPURA,11,ACEH,1111,KAB. BIREUEN,111115,PEUSANGAN SIBLAH KRUENG,1111152008,KUBU RAYA,TIDAK,"5.164978790711476, 96.83029571681946"
11,ACEH,11LSM,LHOKSEUMAWE,11228,GANDAPURA,11,ACEH,1111,KAB. BIREUEN,111115,PEUSANGAN SIBLAH KRUENG,1111152009,PANTE BARO GLE SIBLAH,TIDAK,"5.179431638626282, 96.81081977760456"
11,ACEH,11LSM,LHOKSEUMAWE,11228,GANDAPURA,11,ACEH,1111,KAB. BIREUEN,111115,PEUSANGAN SIBLAH KRUENG,1111152010,PANTE BARO KUMBANG,TIDAK,"5.180488334846474, 96.81651338198793"
11,ACEH,11LSM,LHOKSEUMAWE,11228,GANDAPURA,11,ACEH,1111,KAB. BIREUEN,111115,PEUSANGAN SIBLAH KRUENG,1111152011,PANTE BARO BUKET PANYANG,TIDAK,"5.186247491641188, 96.8220968138051"
11,ACEH,11LSM,LHOKSEUMAWE,11228,GANDAPURA,11,ACEH,1111,KAB. BIREUEN,111115,PEUSANGAN SIBLAH KRUENG,1111152012,ALUE KRUEB,TIDAK,"5.154901471634823, 96.82137894124713"
11,ACEH,11LSM,LHOKSEUMAWE,11228,GANDAPURA,11,ACEH,1111,KAB. BIREUEN,111115,PEUSANGAN SIBLAH KRUENG,1111152013,ALUE IET,TIDAK,"5.125921400881186, 96.7992511275361"
11,ACEH,11LSM,LHOKSEUMAWE,11228,GANDAPURA,11,ACEH,1111,KAB. BIREUEN,111115,PEUSANGAN SIBLAH KRUENG,1111152014,PALOH MAMPRE,TIDAK,"5.120637284340608, 96.81293489146874"
11,ACEH,11LSM,LHOKSEUMAWE,11228,GANDAPURA,11,ACEH,1111,KAB. BIREUEN,111115,PEUSANGAN SIBLAH KRUENG,1111152015,BUKET SUDAN,TIDAK,"5.110453698885185, 96.79441961339545"
11,ACEH,11LSM,LHOKSEUMAWE,11228,GANDAPURA,11,ACEH,1111,KAB. BIREUEN,111115,PEUSANGAN SIBLAH KRUENG,1111152016,AWE GEUTAH,TIDAK,"5.145412438856993, 96.7945512514749"
11,ACEH,11LSM,LHOKSEUMAWE,11228,GANDAPURA,11,ACEH,1111,KAB. BIREUEN,111115,PEUSANGAN SIBLAH KRUENG,1111152017,COT SALEUET,TIDAK,"5.127800112702398, 96.8038178577771"
11,ACEH,11LSM,LHOKSEUMAWE,11228,GANDAPURA,11,ACEH,1111,KAB. BIREUEN,111115,PEUSANGAN SIBLAH KRUENG,1111152018,ALUE GLUMPANG,TIDAK,"5.229223153469307, 96.75442778735163"
11,ACEH,11LSM,LHOKSEUMAWE,11228,GANDAPURA,11,ACEH,1111,KAB. BIREUEN,111115,PEUSANGAN SIBLAH KRUENG,1111152019,PANTE KARYA,TIDAK,"5.089965487145793, 96.79973769428969"
11,ACEH,11LSM,LHOKSEUMAWE,11228,GANDAPURA,11,ACEH,1111,KAB. BIREUEN,111115,PEUSANGAN SIBLAH KRUENG,1111152020,AWE GEUTAH PAYA,TIDAK,"5.141394367363558, 96.79397370861392"
11,ACEH,11LSM,LHOKSEUMAWE,11228,GANDAPURA,11,ACEH,1111,KAB. BIREUEN,111115,PEUSANGAN SIBLAH KRUENG,1111152021,DAYAH BARO,TIDAK,"5.15767291281767, 96.80576606894351"
11,ACEH,11LSM,LHOKSEUMAWE,11228,GANDAPURA,11,ACEH,1111,KAB. BIREUEN,111117,KUTA BLANG,1111172001,PALOH DAMA,TIDAK,"5.197666486258634, 96.85255596461421"
11,ACEH,11LSM,LHOKSEUMAWE,11228,GANDAPURA,11,ACEH,1111,KAB. BIREUEN,111117,KUTA BLANG,1111172002,PAYA RANGKULUH,TIDAK,"5.214186692645671, 96.84179816762668"
11,ACEH,11LSM,LHOKSEUMAWE,11228,GANDAPURA,11,ACEH,1111,KAB. BIREUEN,111117,KUTA BLANG,1111172003,PALOH RAYA,TIDAK,"5.176226529551513, 96.84122586341296"
11,ACEH,11LSM,LHOKSEUMAWE,11228,GANDAPURA,11,ACEH,1111,KAB. BIREUEN,111117,KUTA BLANG,1111172004,CRUENG KUMBANG,TIDAK,"5.188048475977144, 96.85478248202944"
11,ACEH,11LSM,LHOKSEUMAWE,11228,GANDAPURA,11,ACEH,1111,KAB. BIREUEN,111117,KUTA BLANG,1111172005,TANJONG SIRON,TIDAK,"5.173203683600501, 96.84938086946465"
11,ACEH,11LSM,LHOKSEUMAWE,11228,GANDAPURA,11,ACEH,1111,KAB. BIREUEN,111117,KUTA BLANG,1111172006,BALEE MEE,TIDAK,"5.206624914031294, 96.84932143292474"
11,ACEH,11LSM,LHOKSEUMAWE,11228,GANDAPURA,11,ACEH,1111,KAB. BIREUEN,111117,KUTA BLANG,1111172007,BUKET DALAM,TIDAK,"5.201741365699957, 96.84132387739501"
11,ACEH,11LSM,LHOKSEUMAWE,11228,GANDAPURA,11,ACEH,1111,KAB. BIREUEN,111117,KUTA BLANG,1111172008,PARANG SIKUREUNG,TIDAK,"5.1692050601785455, 96.83447382806037"
11,ACEH,11LSM,LHOKSEUMAWE,11228,GANDAPURA,11,ACEH,1111,KAB. BIREUEN,111117,KUTA BLANG,1111172009,COT BAROH,TIDAK,"5.226669302364904, 96.84703523054068"
11,ACEH,11LSM,LHOKSEUMAWE,11228,GANDAPURA,11,ACEH,1111,KAB. BIREUEN,111117,KUTA BLANG,1111172010,PALOH PEURADI,TIDAK,"5.1812997102173055, 96.83468112077914"
11,ACEH,11LSM,LHOKSEUMAWE,11228,GANDAPURA,11,ACEH,1111,KAB. BIREUEN,111117,KUTA BLANG,1111172011,COT MEE,TIDAK,"5.236095552809954, 96.84557876058041"
11,ACEH,11LSM,LHOKSEUMAWE,11228,GANDAPURA,11,ACEH,1111,KAB. BIREUEN,111117,KUTA BLANG,1111172012,BLANG MEE,TIDAK,"5.1974514124566, 96.65769011055679"
11,ACEH,11LSM,LHOKSEUMAWE,11228,GANDAPURA,11,ACEH,1111,KAB. BIREUEN,111117,KUTA BLANG,1111172013,GLEE PUTOH,TIDAK,"5.207985530612043, 96.84003436084751"
11,ACEH,11LSM,LHOKSEUMAWE,11228,GANDAPURA,11,ACEH,1111,KAB. BIREUEN,111117,KUTA BLANG,1111172014,TINGKEUM BARO,TIDAK,"5.2144020231029335, 96.82137300599688"
11,ACEH,11LSM,LHOKSEUMAWE,11228,GANDAPURA,11,ACEH,1111,KAB. BIREUEN,111117,KUTA BLANG,1111172015,TINGKEUM MANYANG,TIDAK,"5.216980156256032, 96.82665767440538"
11,ACEH,11LSM,LHOKSEUMAWE,11228,GANDAPURA,11,ACEH,1111,KAB. BIREUEN,111117,KUTA BLANG,1111172016,KULU,TIDAK,"5.208769789101086, 96.8219736141988"
11,ACEH,11LSM,LHOKSEUMAWE,11228,GANDAPURA,11,ACEH,1111,KAB. BIREUEN,111117,KUTA BLANG,1111172017,BABAH SUAK,TIDAK,"5.2331106590715, 96.84040981538432"
11,ACEH,11LSM,LHOKSEUMAWE,11228,GANDAPURA,11,ACEH,1111,KAB. BIREUEN,111117,KUTA BLANG,1111172018,ULEE PUSONG,TIDAK,"5.228129542431654, 96.83385074033454"
11,ACEH,11LSM,LHOKSEUMAWE,11228,GANDAPURA,11,ACEH,1111,KAB. BIREUEN,111117,KUTA BLANG,1111172019,PULO NGA,TIDAK,"5.2416535500676344, 96.84069144807711"
11,ACEH,11LSM,LHOKSEUMAWE,11228,GANDAPURA,11,ACEH,1111,KAB. BIREUEN,111117,KUTA BLANG,1111172025,IM BUDEE,TIDAK,"5.217046632121254, 96.81655483627574"
11,ACEH,11LSM,LHOKSEUMAWE,11228,GANDAPURA,11,ACEH,1111,KAB. BIREUEN,111117,KUTA BLANG,1111172029,LHOK NGA,TIDAK,"5.209314568853519, 96.81563110182172"
11,ACEH,11LSM,LHOKSEUMAWE,11228,GANDAPURA,11,ACEH,1111,KAB. BIREUEN,111117,KUTA BLANG,1111172030,PULO REUDEUP,TIDAK,"5.2173472479716265, 96.82082011079191"
11,ACEH,11LSM,LHOKSEUMAWE,11228,GANDAPURA,11,ACEH,1111,KAB. BIREUEN,111117,KUTA BLANG,1111172031,GEULANGGANG MEUNJEE,TIDAK,"5.2236480651041255, 96.82465829448434"
11,ACEH,11LSM,LHOKSEUMAWE,11228,GANDAPURA,11,ACEH,1111,KAB. BIREUEN,111117,KUTA BLANG,1111172032,GEULANGGANG PANAH,TIDAK,"5.226252650788096, 96.82034548480867"
11,ACEH,11LSM,LHOKSEUMAWE,11228,GANDAPURA,11,ACEH,1111,KAB. BIREUEN,111117,KUTA BLANG,1111172033,UJONG BLANG,TIDAK,"5.230353280193625, 96.83124935657457"
11,ACEH,11LSM,LHOKSEUMAWE,11228,GANDAPURA,11,ACEH,1111,KAB. BIREUEN,111117,KUTA BLANG,1111172034,GEULANGGANG RAYEUK,TIDAK,"5.225070493935171, 96.82775783051021"
11,ACEH,11LSM,LHOKSEUMAWE,11228,GANDAPURA,11,ACEH,1111,KAB. BIREUEN,111117,KUTA BLANG,1111172035,DAYAH MESJID,TIDAK,"5.233192634857498, 96.82680999272308"
11,ACEH,11LSM,LHOKSEUMAWE,11228,GANDAPURA,11,ACEH,1111,KAB. BIREUEN,111117,KUTA BLANG,1111172036,KEURUMBOK,TIDAK,"5.24104889135143, 96.83253134220826"
11,ACEH,11LSM,LHOKSEUMAWE,11228,GANDAPURA,11,ACEH,1111,KAB. BIREUEN,111117,KUTA BLANG,1111172037,COT ARA,TIDAK,"5.2491703004187755, 96.83232527835304"
11,ACEH,11LSM,LHOKSEUMAWE,11228,GANDAPURA,11,ACEH,1111,KAB. BIREUEN,111117,KUTA BLANG,1111172038,RANCONG,TIDAK,"5.245846228570273, 96.83938877476788"
11,ACEH,11LSM,LHOKSEUMAWE,11228,GANDAPURA,11,ACEH,1111,KAB. BIREUEN,111117,KUTA BLANG,1111172039,JAMBO KAJEUNG,TIDAK,"5.253576556213364, 96.84082644252355"
11,ACEH,11LSM,LHOKSEUMAWE,11228,GANDAPURA,11,ACEH,1111,KAB. BIREUEN,111117,KUTA BLANG,1111172040,KULU KUTA,TIDAK,"5.211830353929966, 96.83641912593612"
11,ACEH,11LSM,LHOKSEUMAWE,11228,GANDAPURA,11,ACEH,1111,KAB. BIREUEN,111117,KUTA BLANG,1111172041,PULO AWE,TIDAK,"5.224456720270352, 96.85043512731289"
11,ACEH,11LSM,LHOKSEUMAWE,11229,TAKENGON,11,ACEH,1104,KAB. ACEH TENGAH,110401,LINGE,1104012003,DELUNG SEKINEL,TIDAK,"4.407182890605571, 97.30112589201963"
11,ACEH,11LSM,LHOKSEUMAWE,11229,TAKENGON,11,ACEH,1104,KAB. ACEH TENGAH,110401,LINGE,1104012005,GELAMPANG GADING,TIDAK,"4.473540299030094, 96.85474826799343"
11,ACEH,11LSM,LHOKSEUMAWE,11229,TAKENGON,11,ACEH,1104,KAB. ACEH TENGAH,110401,LINGE,1104012006,GEWAT,TIDAK,"4.41424306541092, 96.97425624681442"
11,ACEH,11LSM,LHOKSEUMAWE,11229,TAKENGON,11,ACEH,1104,KAB. ACEH TENGAH,110401,LINGE,1104012008,JAMAT,TIDAK,"4.424926967216645, 97.24873024395414"
11,ACEH,11LSM,LHOKSEUMAWE,11229,TAKENGON,11,ACEH,1104,KAB. ACEH TENGAH,110401,LINGE,1104012009,KEMERLENG,TIDAK,"4.464701209614459, 96.95496791779807"
11,ACEH,11LSM,LHOKSEUMAWE,11229,TAKENGON,11,ACEH,1104,KAB. ACEH TENGAH,110401,LINGE,1104012010,KUTE BARU,TIDAK,"4.498011127789189, 96.87519595637438"
11,ACEH,11LSM,LHOKSEUMAWE,11229,TAKENGON,11,ACEH,1104,KAB. ACEH TENGAH,110401,LINGE,1104012011,KUTE KERAMIL,TIDAK,"4.336527947161224, 96.88668425822635"
11,ACEH,11LSM,LHOKSEUMAWE,11229,TAKENGON,11,ACEH,1104,KAB. ACEH TENGAH,110401,LINGE,1104012012,KUTE RAYANG,TIDAK,"4.469361705640973, 96.92444093934382"
11,ACEH,11LSM,LHOKSEUMAWE,11229,TAKENGON,11,ACEH,1104,KAB. ACEH TENGAH,110401,LINGE,1104012013,KUTE RIYEM,TIDAK,"4.493490571994933, 96.88560149979895"
11,ACEH,11LSM,LHOKSEUMAWE,11229,TAKENGON,11,ACEH,1104,KAB. ACEH TENGAH,110401,LINGE,1104012014,KUTE ROBEL,TIDAK,"4.463884088086522, 96.88092917385137"
11,ACEH,11LSM,LHOKSEUMAWE,11229,TAKENGON,11,ACEH,1104,KAB. ACEH TENGAH,110401,LINGE,1104012015,LINGE,TIDAK,"4.394416929451828, 97.1986532363613"
11,ACEH,11LSM,LHOKSEUMAWE,11229,TAKENGON,11,ACEH,1104,KAB. ACEH TENGAH,110401,LINGE,1104012016,LUMUT,TIDAK,"4.299395993221886, 97.11212634942257"
11,ACEH,11LSM,LHOKSEUMAWE,11229,TAKENGON,11,ACEH,1104,KAB. ACEH TENGAH,110401,LINGE,1104012018,MUNGKUR,TIDAK,"4.297295351859132, 96.99090546984182"
11,ACEH,11LSM,LHOKSEUMAWE,11229,TAKENGON,11,ACEH,1104,KAB. ACEH TENGAH,110401,LINGE,1104012019,OWAQ,TIDAK,"4.407907030674286, 97.11550329415915"
11,ACEH,11LSM,LHOKSEUMAWE,11229,TAKENGON,11,ACEH,1104,KAB. ACEH TENGAH,110401,LINGE,1104012020,PANTAN NANGKA,TIDAK,"4.4218536097722705, 97.04212315316528"
11,ACEH,11LSM,LHOKSEUMAWE,11229,TAKENGON,11,ACEH,1104,KAB. ACEH TENGAH,110401,LINGE,1104012021,PENARUN,TIDAK,"4.472581734108817, 97.08070686875199"
11,ACEH,11LSM,LHOKSEUMAWE,11229,TAKENGON,11,ACEH,1104,KAB. ACEH TENGAH,110401,LINGE,1104012022,SIMPANG TIGE UNING,TIDAK,"4.477346921214309, 96.99914540734498"
11,ACEH,11LSM,LHOKSEUMAWE,11229,TAKENGON,11,ACEH,1104,KAB. ACEH TENGAH,110401,LINGE,1104012023,UMANG,TIDAK,"4.510108250704812, 97.03091838073891"
11,ACEH,11LSM,LHOKSEUMAWE,11229,TAKENGON,11,ACEH,1104,KAB. ACEH TENGAH,110401,LINGE,1104012024,DESPOT LINGE,TIDAK,"4.466134136975353, 96.84045885930169"
11,ACEH,11LSM,LHOKSEUMAWE,11229,TAKENGON,11,ACEH,1104,KAB. ACEH TENGAH,110401,LINGE,1104012025,GEMBOYAH,TIDAK,"4.345701317808793, 96.81517081073977"
11,ACEH,11LSM,LHOKSEUMAWE,11229,TAKENGON,11,ACEH,1104,KAB. ACEH TENGAH,110401,LINGE,1104012031,ARUL ITEM,TIDAK,"4.329953571993412, 96.86481180388655"
11,ACEH,11LSM,LHOKSEUMAWE,11229,TAKENGON,11,ACEH,1104,KAB. ACEH TENGAH,110401,LINGE,1104012032,ISE-ISE,TIDAK,"4.3194905738067755, 97.18079764482123"
11,ACEH,11LSM,LHOKSEUMAWE,11229,TAKENGON,11,ACEH,1104,KAB. ACEH TENGAH,110401,LINGE,1104012033,KUTE REJE,TIDAK,"4.296784876254665, 97.3075694961139"
11,ACEH,11LSM,LHOKSEUMAWE,11229,TAKENGON,11,ACEH,1104,KAB. ACEH TENGAH,110401,LINGE,1104012034,REJE PAYUNG,TIDAK,"4.453671730832818, 97.2996774332278"
11,ACEH,11LSM,LHOKSEUMAWE,11229,TAKENGON,11,ACEH,1104,KAB. ACEH TENGAH,110401,LINGE,1104012035,PANTAN REDUK,TIDAK,"4.373506758636504, 96.79583793924832"
11,ACEH,11LSM,LHOKSEUMAWE,11229,TAKENGON,11,ACEH,1104,KAB. ACEH TENGAH,110401,LINGE,1104012036,ANTARA,TIDAK,"4.340623284484998, 96.84137238473913"
11,ACEH,11LSM,LHOKSEUMAWE,11229,TAKENGON,11,ACEH,1104,KAB. ACEH TENGAH,110402,SILIH NARA,1104022001,ARUL GELE,TIDAK,"4.623307028737752, 96.73445444553225"
11,ACEH,11LSM,LHOKSEUMAWE,11229,TAKENGON,11,ACEH,1104,KAB. ACEH TENGAH,110402,SILIH NARA,1104022002,ARUL KUMER,TIDAK,"4.653766511957573, 96.72333333217559"
11,ACEH,11LSM,LHOKSEUMAWE,11229,TAKENGON,11,ACEH,1104,KAB. ACEH TENGAH,110402,SILIH NARA,1104022003,BURNI BIUS,TIDAK,"4.60184009433532, 96.75071773401251"
11,ACEH,11LSM,LHOKSEUMAWE,11229,TAKENGON,11,ACEH,1104,KAB. ACEH TENGAH,110402,SILIH NARA,1104022004,GENTING GERBANG,TIDAK,"4.627608432783584, 96.7070036705984"
11,ACEH,11LSM,LHOKSEUMAWE,11229,TAKENGON,11,ACEH,1104,KAB. ACEH TENGAH,110402,SILIH NARA,1104022005,GUNUNG SINGIT,TIDAK,"4.63542018846042, 96.74379288629521"
11,ACEH,11LSM,LHOKSEUMAWE,11229,TAKENGON,11,ACEH,1104,KAB. ACEH TENGAH,110402,SILIH NARA,1104022007,PEPAYUNGAN ANGKUP,TIDAK,"4.625331796511248, 96.72299866904049"
11,ACEH,11LSM,LHOKSEUMAWE,11229,TAKENGON,11,ACEH,1104,KAB. ACEH TENGAH,110402,SILIH NARA,1104022008,REMESEN,TIDAK,"4.609183448996659, 96.73404365752013"
11,ACEH,11LSM,LHOKSEUMAWE,11229,TAKENGON,11,ACEH,1104,KAB. ACEH TENGAH,110402,SILIH NARA,1104022009,RUTIH,TIDAK,"4.61249335949427, 96.72659737301738"
11,ACEH,11LSM,LHOKSEUMAWE,11229,TAKENGON,11,ACEH,1104,KAB. ACEH TENGAH,110402,SILIH NARA,1104022010,SEMELIT MUTIARA,TIDAK,"4.63999632956035, 96.71159224601239"
11,ACEH,11LSM,LHOKSEUMAWE,11229,TAKENGON,11,ACEH,1104,KAB. ACEH TENGAH,110402,SILIH NARA,1104022012,WIH PORAK,TIDAK,"4.610418662023124, 96.7618546104847"
11,ACEH,11LSM,LHOKSEUMAWE,11229,TAKENGON,11,ACEH,1104,KAB. ACEH TENGAH,110402,SILIH NARA,1104022013,WIH BAKONG,TIDAK,"4.601417959911541, 96.76364785379114"
11,ACEH,11LSM,LHOKSEUMAWE,11229,TAKENGON,11,ACEH,1104,KAB. ACEH TENGAH,110402,SILIH NARA,1104022014,WIHNI DURIN,TIDAK,"4.653051429112759, 96.7433222842485"
11,ACEH,11LSM,LHOKSEUMAWE,11229,TAKENGON,11,ACEH,1104,KAB. ACEH TENGAH,110402,SILIH NARA,1104022016,ARUL PUTIH,TIDAK,"4.651925141555325, 96.71152354631803"
11,ACEH,11LSM,LHOKSEUMAWE,11229,TAKENGON,11,ACEH,1104,KAB. ACEH TENGAH,110402,SILIH NARA,1104022017,ARUL RELEM,TIDAK,"4.662099733589512, 96.74233658170938"
11,ACEH,11LSM,LHOKSEUMAWE,11229,TAKENGON,11,ACEH,1104,KAB. ACEH TENGAH,110402,SILIH NARA,1104022018,BURNI BIUS BARU,TIDAK,"4.605409405724082, 96.7451235610448"
11,ACEH,11LSM,LHOKSEUMAWE,11229,TAKENGON,11,ACEH,1104,KAB. ACEH TENGAH,110402,SILIH NARA,1104022019,JERATA,TIDAK,"4.62641627610009, 96.68279217633466"
11,ACEH,11LSM,LHOKSEUMAWE,11229,TAKENGON,11,ACEH,1104,KAB. ACEH TENGAH,110402,SILIH NARA,1104022022,PAYA BEKE,TIDAK,"4.603582847224448, 96.73246196097942"
11,ACEH,11LSM,LHOKSEUMAWE,11229,TAKENGON,11,ACEH,1104,KAB. ACEH TENGAH,110402,SILIH NARA,1104022023,PAYA PELU,TIDAK,"4.621723308021441, 96.73901211243312"
11,ACEH,11LSM,LHOKSEUMAWE,11229,TAKENGON,11,ACEH,1104,KAB. ACEH TENGAH,110402,SILIH NARA,1104022026,REBE GEDUNG,TIDAK,"4.623487430298581, 96.75991166917045"
11,ACEH,11LSM,LHOKSEUMAWE,11229,TAKENGON,11,ACEH,1104,KAB. ACEH TENGAH,110402,SILIH NARA,1104022027,REREMAL,TIDAK,"4.661688552180167, 96.75203829309571"
11,ACEH,11LSM,LHOKSEUMAWE,11229,TAKENGON,11,ACEH,1104,KAB. ACEH TENGAH,110402,SILIH NARA,1104022029,SENEHEN,TIDAK,"4.58717266773291, 96.77319806666524"
11,ACEH,11LSM,LHOKSEUMAWE,11229,TAKENGON,11,ACEH,1104,KAB. ACEH TENGAH,110402,SILIH NARA,1104022030,SIMPANG KEMILI,TIDAK,"4.631498568492776, 96.72595289659539"
11,ACEH,11LSM,LHOKSEUMAWE,11229,TAKENGON,11,ACEH,1104,KAB. ACEH TENGAH,110402,SILIH NARA,1104022031,TENEBUK KAMPUNG BARU,TIDAK,"4.662284574120947, 96.74584919787931"
11,ACEH,11LSM,LHOKSEUMAWE,11229,TAKENGON,11,ACEH,1104,KAB. ACEH TENGAH,110402,SILIH NARA,1104022032,TERANG ENGON,TIDAK,"4.648074684280712, 96.67927597036"
11,ACEH,11LSM,LHOKSEUMAWE,11229,TAKENGON,11,ACEH,1104,KAB. ACEH TENGAH,110402,SILIH NARA,1104022033,WIH PESAM,TIDAK,"4.602337513500043, 96.75896586811365"
11,ACEH,11LSM,LHOKSEUMAWE,11229,TAKENGON,11,ACEH,1104,KAB. ACEH TENGAH,110402,SILIH NARA,1104022034,BIUS UTAMA,TIDAK,"4.606157788509619, 96.75387272427689"
11,ACEH,11LSM,LHOKSEUMAWE,11229,TAKENGON,11,ACEH,1104,KAB. ACEH TENGAH,110402,SILIH NARA,1104022035,MEKER INDAH,TIDAK,"4.624742588338206, 96.74716893913923"
11,ACEH,11LSM,LHOKSEUMAWE,11229,TAKENGON,11,ACEH,1104,KAB. ACEH TENGAH,110402,SILIH NARA,1104022036,MULIE JADI,TIDAK,"4.627992017895394, 96.69978651371808"
11,ACEH,11LSM,LHOKSEUMAWE,11229,TAKENGON,11,ACEH,1104,KAB. ACEH TENGAH,110402,SILIH NARA,1104022037,WIH BERSIH,TIDAK,"4.6302020758350615, 96.75252866433574"
11,ACEH,11LSM,LHOKSEUMAWE,11229,TAKENGON,11,ACEH,1104,KAB. ACEH TENGAH,110402,SILIH NARA,1104022038,WIH SAGI INDAH,TIDAK,"4.597817093779254, 96.76602634740948"
11,ACEH,11LSM,LHOKSEUMAWE,11229,TAKENGON,11,ACEH,1104,KAB. ACEH TENGAH,110402,SILIH NARA,1104022039,ARUL KUMER BARAT,TIDAK,"4.6375616038538565, 96.72388532415405"
11,ACEH,11LSM,LHOKSEUMAWE,11229,TAKENGON,11,ACEH,1104,KAB. ACEH TENGAH,110402,SILIH NARA,1104022040,ARUL KUMER TIMUR,TIDAK,"4.642554688582316, 96.73896451125684"
11,ACEH,11LSM,LHOKSEUMAWE,11229,TAKENGON,11,ACEH,1104,KAB. ACEH TENGAH,110402,SILIH NARA,1104022041,ARUL KUMER SELATAN,TIDAK,"4.639819023911678, 96.73360807063183"
11,ACEH,11LSM,LHOKSEUMAWE,11229,TAKENGON,11,ACEH,1104,KAB. ACEH TENGAH,110403,BEBESEN,1104032001,BLANG KOLAK I,TIDAK,"4.6276267954656, 96.84392392933992"
11,ACEH,11LSM,LHOKSEUMAWE,11229,TAKENGON,11,ACEH,1104,KAB. ACEH TENGAH,110403,BEBESEN,1104032002,BEBESAN,TIDAK,"4.634137587093005, 96.80943133549769"
11,ACEH,11LSM,LHOKSEUMAWE,11229,TAKENGON,11,ACEH,1104,KAB. ACEH TENGAH,110403,BEBESEN,1104032003,MONGAL,TIDAK,"4.6448479182757625, 96.83773185520586"
11,ACEH,11LSM,LHOKSEUMAWE,11229,TAKENGON,11,ACEH,1104,KAB. ACEH TENGAH,110403,BEBESEN,1104032004,DALING,TIDAK,"4.655509821192241, 96.81506937036379"
11,ACEH,11LSM,LHOKSEUMAWE,11229,TAKENGON,11,ACEH,1104,KAB. ACEH TENGAH,110403,BEBESEN,1104032005,TENSARAN,TIDAK,"4.641087435817899, 96.82714606654687"
11,ACEH,11LSM,LHOKSEUMAWE,11229,TAKENGON,11,ACEH,1104,KAB. ACEH TENGAH,110403,BEBESEN,1104032006,LELABU,TIDAK,"4.636000690542391, 96.82638796678604"
11,ACEH,11LSM,LHOKSEUMAWE,11229,TAKENGON,11,ACEH,1104,KAB. ACEH TENGAH,110403,BEBESEN,1104032007,BLANG GELE,TIDAK,"4.633049332421537, 96.79911756574346"
11,ACEH,11LSM,LHOKSEUMAWE,11229,TAKENGON,11,ACEH,1104,KAB. ACEH TENGAH,110403,BEBESEN,1104032008,KEMILI,TIDAK,"4.621945938323768, 96.83931293833787"
11,ACEH,11LSM,LHOKSEUMAWE,11229,TAKENGON,11,ACEH,1104,KAB. ACEH TENGAH,110403,BEBESEN,1104032009,TAN SARIL,TIDAK,"4.62651274516286, 96.82817555368122"
11,ACEH,11LSM,LHOKSEUMAWE,11229,TAKENGON,11,ACEH,1104,KAB. ACEH TENGAH,110403,BEBESEN,1104032010,BLANG KOLAK II,TIDAK,"4.625382212152439, 96.84134289124246"
11,ACEH,11LSM,LHOKSEUMAWE,11229,TAKENGON,11,ACEH,1104,KAB. ACEH TENGAH,110403,BEBESEN,1104032011,UMANG,TIDAK,"4.632418082768438, 96.82490215808497"
11,ACEH,11LSM,LHOKSEUMAWE,11229,TAKENGON,11,ACEH,1104,KAB. ACEH TENGAH,110403,BEBESEN,1104032012,SIMPANG IV,TIDAK,"4.636865358622768, 96.84425136216444"
11,ACEH,11LSM,LHOKSEUMAWE,11229,TAKENGON,11,ACEH,1104,KAB. ACEH TENGAH,110403,BEBESEN,1104032013,BAHGIE,TIDAK,"4.645539752084682, 96.8266143293749"
11,ACEH,11LSM,LHOKSEUMAWE,11229,TAKENGON,11,ACEH,1104,KAB. ACEH TENGAH,110403,BEBESEN,1104032014,KERAMAT MUPAKAT,TIDAK,"4.630587262025415, 96.85477150001192"
11,ACEH,11LSM,LHOKSEUMAWE,11229,TAKENGON,11,ACEH,1104,KAB. ACEH TENGAH,110403,BEBESEN,1104032015,ATU GAJAH REJE GURU,TIDAK,"4.6409535686097385, 96.78032301127404"
11,ACEH,11LSM,LHOKSEUMAWE,11229,TAKENGON,11,ACEH,1104,KAB. ACEH TENGAH,110403,BEBESEN,1104032016,ATU TULU,TIDAK,"4.626101843007463, 96.80721088838129"
11,ACEH,11LSM,LHOKSEUMAWE,11229,TAKENGON,11,ACEH,1104,KAB. ACEH TENGAH,110403,BEBESEN,1104032017,BURBIAH,TIDAK,"4.636561197099234, 96.81911895099108"
11,ACEH,11LSM,LHOKSEUMAWE,11229,TAKENGON,11,ACEH,1104,KAB. ACEH TENGAH,110403,BEBESEN,1104032018,EMPUS TALU,TIDAK,"4.635793998757791, 96.8357736173564"
11,ACEH,11LSM,LHOKSEUMAWE,11229,TAKENGON,11,ACEH,1104,KAB. ACEH TENGAH,110403,BEBESEN,1104032019,GELE LAH,TIDAK,"4.633992115450434, 96.8094328212742"
11,ACEH,11LSM,LHOKSEUMAWE,11229,TAKENGON,11,ACEH,1104,KAB. ACEH TENGAH,110403,BEBESEN,1104032020,KEBET,TIDAK,"4.630745655602493, 96.83445869932291"
11,ACEH,11LSM,LHOKSEUMAWE,11229,TAKENGON,11,ACEH,1104,KAB. ACEH TENGAH,110403,BEBESEN,1104032021,LEMAH BURBANA,TIDAK,"4.63102014227292, 96.84111162300294"
11,ACEH,11LSM,LHOKSEUMAWE,11229,TAKENGON,11,ACEH,1104,KAB. ACEH TENGAH,110403,BEBESEN,1104032022,MAH BENGI,TIDAK,"4.633616223171115, 96.8135927983825"
11,ACEH,11LSM,LHOKSEUMAWE,11229,TAKENGON,11,ACEH,1104,KAB. ACEH TENGAH,110403,BEBESEN,1104032023,NUNANG ANTARA,TIDAK,"4.636566135296484, 96.8493074016681"
11,ACEH,11LSM,LHOKSEUMAWE,11229,TAKENGON,11,ACEH,1104,KAB. ACEH TENGAH,110403,BEBESEN,1104032024,PENDERE SARIL,TIDAK,"4.622124509592906, 96.82894285355155"
11,ACEH,11LSM,LHOKSEUMAWE,11229,TAKENGON,11,ACEH,1104,KAB. ACEH TENGAH,110403,BEBESEN,1104032025,SADONG JURU MUDI,TIDAK,"4.624354204686017, 96.8126138477046"
11,ACEH,11LSM,LHOKSEUMAWE,11229,TAKENGON,11,ACEH,1104,KAB. ACEH TENGAH,110403,BEBESEN,1104032026,ULU NUWIH,TIDAK,"4.646748683111552, 96.80066970699306"
11,ACEH,11LSM,LHOKSEUMAWE,11229,TAKENGON,11,ACEH,1104,KAB. ACEH TENGAH,110403,BEBESEN,1104032027,COLO BLANG GELE,TIDAK,"4.620819370038071, 96.8119190181451"
11,ACEH,11LSM,LHOKSEUMAWE,11229,TAKENGON,11,ACEH,1104,KAB. ACEH TENGAH,110403,BEBESEN,1104032028,KALA KEMILI,TIDAK,"4.627816134426101, 96.85295195636489"
11,ACEH,11LSM,LHOKSEUMAWE,11229,TAKENGON,11,ACEH,1104,KAB. ACEH TENGAH,110407,PEGASING,1104072001,ARUL BADAK,TIDAK,"4.493308981007642, 96.68614016229844"
11,ACEH,11LSM,LHOKSEUMAWE,11229,TAKENGON,11,ACEH,1104,KAB. ACEH TENGAH,110407,PEGASING,1104072004,BERAWANG BARO,TIDAK,"4.422087474282381, 96.65344317389335"
11,ACEH,11LSM,LHOKSEUMAWE,11229,TAKENGON,11,ACEH,1104,KAB. ACEH TENGAH,110407,PEGASING,1104072008,GELELUNGI,TIDAK,"4.571663807772069, 96.8151591154794"
11,ACEH,11LSM,LHOKSEUMAWE,11229,TAKENGON,11,ACEH,1104,KAB. ACEH TENGAH,110407,PEGASING,1104072009,IE REULOP,TIDAK,"4.559197064866867, 96.82755869519636"
11,ACEH,11LSM,LHOKSEUMAWE,11229,TAKENGON,11,ACEH,1104,KAB. ACEH TENGAH,110407,PEGASING,1104072010,KAYU KUL,TIDAK,"4.61159723813875, 96.81855136243668"
11,ACEH,11LSM,LHOKSEUMAWE,11229,TAKENGON,11,ACEH,1104,KAB. ACEH TENGAH,110407,PEGASING,1104072011,KEDELAH,TIDAK,"4.567629028023724, 96.82033842702084"
11,ACEH,11LSM,LHOKSEUMAWE,11229,TAKENGON,11,ACEH,1104,KAB. ACEH TENGAH,110407,PEGASING,1104072012,KUNG,TIDAK,"4.589062186283969, 96.81380467267367"
11,ACEH,11LSM,LHOKSEUMAWE,11229,TAKENGON,11,ACEH,1104,KAB. ACEH TENGAH,110407,PEGASING,1104072013,KUTE LINTANG,TIDAK,"4.604996499332102, 96.83140637071557"
11,ACEH,11LSM,LHOKSEUMAWE,11229,TAKENGON,11,ACEH,1104,KAB. ACEH TENGAH,110407,PEGASING,1104072014,LELUMU,TIDAK,"4.525869387231616, 96.80808248317483"
11,ACEH,11LSM,LHOKSEUMAWE,11229,TAKENGON,11,ACEH,1104,KAB. ACEH TENGAH,110407,PEGASING,1104072016,PAYA JEGET,TIDAK,"4.575571342579709, 96.82874819385577"
11,ACEH,11LSM,LHOKSEUMAWE,11229,TAKENGON,11,ACEH,1104,KAB. ACEH TENGAH,110407,PEGASING,1104072017,PEDEKOK,TIDAK,"4.548553689974699, 96.84123271694129"
11,ACEH,11LSM,LHOKSEUMAWE,11229,TAKENGON,11,ACEH,1104,KAB. ACEH TENGAH,110407,PEGASING,1104072018,PEGASING,TIDAK,"4.478632313179906, 96.73845894970655"
11,ACEH,11LSM,LHOKSEUMAWE,11229,TAKENGON,11,ACEH,1104,KAB. ACEH TENGAH,110407,PEGASING,1104072019,PEPALANG,TIDAK,"4.567243443883616, 96.79662223084654"
11,ACEH,11LSM,LHOKSEUMAWE,11229,TAKENGON,11,ACEH,1104,KAB. ACEH TENGAH,110407,PEGASING,1104072021,SIMPANG KELAPING,TIDAK,"4.595456906047529, 96.8082691446285"
11,ACEH,11LSM,LHOKSEUMAWE,11229,TAKENGON,11,ACEH,1104,KAB. ACEH TENGAH,110407,PEGASING,1104072024,TEBUK,TIDAK,"4.570172017725398, 96.84240180297662"
11,ACEH,11LSM,LHOKSEUMAWE,11229,TAKENGON,11,ACEH,1104,KAB. ACEH TENGAH,110407,PEGASING,1104072025,TERANG ULEN,TIDAK,"4.558086848604594, 96.80036687370176"
11,ACEH,11LSM,LHOKSEUMAWE,11229,TAKENGON,11,ACEH,1104,KAB. ACEH TENGAH,110407,PEGASING,1104072026,UJUNG GELE,TIDAK,"4.566102244601705, 96.80969139592602"
11,ACEH,11LSM,LHOKSEUMAWE,11229,TAKENGON,11,ACEH,1104,KAB. ACEH TENGAH,110407,PEGASING,1104072029,WIH ILANG,TIDAK,"4.471317195759368, 96.69556255222312"
11,ACEH,11LSM,LHOKSEUMAWE,11229,TAKENGON,11,ACEH,1104,KAB. ACEH TENGAH,110407,PEGASING,1104072030,WIH NAREH,TIDAK,"4.5826055180775525, 96.81460040228548"
11,ACEH,11LSM,LHOKSEUMAWE,11229,TAKENGON,11,ACEH,1104,KAB. ACEH TENGAH,110407,PEGASING,1104072031,WIH LAH,TIDAK,"4.538112462067308, 96.83314697375933"
11,ACEH,11LSM,LHOKSEUMAWE,11229,TAKENGON,11,ACEH,1104,KAB. ACEH TENGAH,110407,PEGASING,1104072032,JEJEM,TIDAK,"4.508239516675201, 96.77521238368003"
11,ACEH,11LSM,LHOKSEUMAWE,11229,TAKENGON,11,ACEH,1104,KAB. ACEH TENGAH,110407,PEGASING,1104072033,JURUSEN,TIDAK,"4.606571697061594, 96.81199430731449"
11,ACEH,11LSM,LHOKSEUMAWE,11229,TAKENGON,11,ACEH,1104,KAB. ACEH TENGAH,110407,PEGASING,1104072034,KALA PEGASING,TIDAK,"4.58516286817264, 96.81671871043363"
11,ACEH,11LSM,LHOKSEUMAWE,11229,TAKENGON,11,ACEH,1104,KAB. ACEH TENGAH,110407,PEGASING,1104072035,LINUNG AYU,TIDAK,"4.54230216764213, 96.7867992756738"
11,ACEH,11LSM,LHOKSEUMAWE,11229,TAKENGON,11,ACEH,1104,KAB. ACEH TENGAH,110407,PEGASING,1104072036,PANANGAN MATA,TIDAK,"4.526401883084586, 96.75904445402765"
11,ACEH,11LSM,LHOKSEUMAWE,11229,TAKENGON,11,ACEH,1104,KAB. ACEH TENGAH,110407,PEGASING,1104072037,PANTAN MUSARA,TIDAK,"4.473395220526625, 96.74610834158348"
11,ACEH,11LSM,LHOKSEUMAWE,11229,TAKENGON,11,ACEH,1104,KAB. ACEH TENGAH,110407,PEGASING,1104072038,WIH TERJUN,TIDAK,"4.481679389742014, 96.80106526393588"
11,ACEH,11LSM,LHOKSEUMAWE,11229,TAKENGON,11,ACEH,1104,KAB. ACEH TENGAH,110407,PEGASING,1104072039,BELANG BEBANGKA,TIDAK,
11,ACEH,11LSM,LHOKSEUMAWE,11229,TAKENGON,11,ACEH,1104,KAB. ACEH TENGAH,110407,PEGASING,1104072040,UNING,TIDAK,"4.6165134293837955, 96.81785312364867"
11,ACEH,11LSM,LHOKSEUMAWE,11229,TAKENGON,11,ACEH,1104,KAB. ACEH TENGAH,110407,PEGASING,1104072041,URING,TIDAK,"4.562309051561961, 96.83168346571121"
11,ACEH,11LSM,LHOKSEUMAWE,11229,TAKENGON,11,ACEH,1104,KAB. ACEH TENGAH,110407,PEGASING,1104072042,SUKA DAMAI,TIDAK,"4.551906577053979, 96.81411152491172"
11,ACEH,11LSM,LHOKSEUMAWE,11230,JANARATA,11,ACEH,1117,KAB. BENER MERIAH,111707,TIMANG GAJAH,1117072001,BANDAR LAMPAHAN,TIDAK,"4.754343717594973, 96.7902200187566"
11,ACEH,11LSM,LHOKSEUMAWE,11230,JANARATA,11,ACEH,1117,KAB. BENER MERIAH,111707,TIMANG GAJAH,1117072002,BLANG RONGKA,TIDAK,"4.788065465531901, 96.73688460628064"
11,ACEH,11LSM,LHOKSEUMAWE,11230,JANARATA,11,ACEH,1117,KAB. BENER MERIAH,111707,TIMANG GAJAH,1117072003,CEKAL BARU,TIDAK,"4.761806987094789, 96.7039512713695"
11,ACEH,11LSM,LHOKSEUMAWE,11230,JANARATA,11,ACEH,1117,KAB. BENER MERIAH,111707,TIMANG GAJAH,1117072004,GEGUR SEPAKAT,TIDAK,"4.759235749222211, 96.72088228496658"
11,ACEH,11LSM,LHOKSEUMAWE,11230,JANARATA,11,ACEH,1117,KAB. BENER MERIAH,111707,TIMANG GAJAH,1117072005,KARANG JADI,TIDAK,"4.7542380995972495, 96.77578571129087"
11,ACEH,11LSM,LHOKSEUMAWE,11230,JANARATA,11,ACEH,1117,KAB. BENER MERIAH,111707,TIMANG GAJAH,1117072006,LAMPAHAN,TIDAK,"4.7619923649926035, 96.77497883786066"
11,ACEH,11LSM,LHOKSEUMAWE,11230,JANARATA,11,ACEH,1117,KAB. BENER MERIAH,111707,TIMANG GAJAH,1117072010,SETIE,TIDAK,"4.7953194295388295, 96.74084075424601"
11,ACEH,11LSM,LHOKSEUMAWE,11230,JANARATA,11,ACEH,1117,KAB. BENER MERIAH,111707,TIMANG GAJAH,1117072011,SIMPANG LAYANG,TIDAK,"4.773997622987827, 96.73815501999101"
11,ACEH,11LSM,LHOKSEUMAWE,11230,JANARATA,11,ACEH,1117,KAB. BENER MERIAH,111707,TIMANG GAJAH,1117072012,SUKA DAMAI,TIDAK,"4.55251637692986, 96.81319996089503"
11,ACEH,11LSM,LHOKSEUMAWE,11230,JANARATA,11,ACEH,1117,KAB. BENER MERIAH,111707,TIMANG GAJAH,1117072014,TUNYANG,TIDAK,"4.769324090283347, 96.7290086613916"
11,ACEH,11LSM,LHOKSEUMAWE,11230,JANARATA,11,ACEH,1117,KAB. BENER MERIAH,111707,TIMANG GAJAH,1117072016,DATU BERU TUNYANG,TIDAK,"4.755694176934656, 96.73796019120205"
11,ACEH,11LSM,LHOKSEUMAWE,11230,JANARATA,11,ACEH,1117,KAB. BENER MERIAH,111707,TIMANG GAJAH,1117072017,KENINE,TIDAK,"4.736525133450844, 96.78730739258258"
11,ACEH,11LSM,LHOKSEUMAWE,11230,JANARATA,11,ACEH,1117,KAB. BENER MERIAH,111707,TIMANG GAJAH,1117072018,REMBUNE,TIDAK,"4.75900436242244, 96.79076636297769"
11,ACEH,11LSM,LHOKSEUMAWE,11230,JANARATA,11,ACEH,1117,KAB. BENER MERIAH,111707,TIMANG GAJAH,1117072019,DAMARAN BARU,TIDAK,"4.743836191241818, 96.78396901209041"
11,ACEH,11LSM,LHOKSEUMAWE,11230,JANARATA,11,ACEH,1117,KAB. BENER MERIAH,111707,TIMANG GAJAH,1117072020,FAJAR HARAPAN,TIDAK,"4.739191172148291, 96.78418515692957"
11,ACEH,11LSM,LHOKSEUMAWE,11230,JANARATA,11,ACEH,1117,KAB. BENER MERIAH,111707,TIMANG GAJAH,1117072021,MUDE BENARA,TIDAK,"4.746667072691831, 96.77152171657306"
11,ACEH,11LSM,LHOKSEUMAWE,11230,JANARATA,11,ACEH,1117,KAB. BENER MERIAH,111707,TIMANG GAJAH,1117072022,KAMPUNG BARU 76,TIDAK,
11,ACEH,11LSM,LHOKSEUMAWE,11230,JANARATA,11,ACEH,1117,KAB. BENER MERIAH,111707,TIMANG GAJAH,1117072023,PANTAN PEDIANGAN,TIDAK,"4.766884198820267, 96.79418683934183"
11,ACEH,11LSM,LHOKSEUMAWE,11230,JANARATA,11,ACEH,1117,KAB. BENER MERIAH,111707,TIMANG GAJAH,1117072024,SIMPANG BUMI AYU,TIDAK,"4.886185201969998, 96.83069921449787"
11,ACEH,11LSM,LHOKSEUMAWE,11230,JANARATA,11,ACEH,1117,KAB. BENER MERIAH,111707,TIMANG GAJAH,1117072025,KULEM PARA KANIS,TIDAK,"4.749459515441183, 96.72000844438587"
11,ACEH,11LSM,LHOKSEUMAWE,11230,JANARATA,11,ACEH,1117,KAB. BENER MERIAH,111707,TIMANG GAJAH,1117072026,MEKAR AYU,TIDAK,"4.763368667410565, 96.7587042914302"
11,ACEH,11LSM,LHOKSEUMAWE,11230,JANARATA,11,ACEH,1117,KAB. BENER MERIAH,111707,TIMANG GAJAH,1117072027,LAMPAHAN BARAT,TIDAK,"4.756316124768526, 96.7599694948664"
11,ACEH,11LSM,LHOKSEUMAWE,11230,JANARATA,11,ACEH,1117,KAB. BENER MERIAH,111707,TIMANG GAJAH,1117072028,LAMPAHAN TIMUR,TIDAK,"4.757995483147319, 96.77268083818059"
11,ACEH,11LSM,LHOKSEUMAWE,11230,JANARATA,11,ACEH,1117,KAB. BENER MERIAH,111707,TIMANG GAJAH,1117072029,TIMANG RASA,TIDAK,"4.748881857409937, 96.73979897158728"
11,ACEH,11LSM,LHOKSEUMAWE,11230,JANARATA,11,ACEH,1117,KAB. BENER MERIAH,111707,TIMANG GAJAH,1117072030,GUNUNG TUNYANG,TIDAK,"4.764550697352655, 96.73126375669824"
11,ACEH,11LSM,LHOKSEUMAWE,11230,JANARATA,11,ACEH,1117,KAB. BENER MERIAH,111707,TIMANG GAJAH,1117072031,BUKIT TUNYANG,TIDAK,"4.764858599835547, 96.72848116311651"
11,ACEH,11LSM,LHOKSEUMAWE,11230,JANARATA,11,ACEH,1117,KAB. BENER MERIAH,111707,TIMANG GAJAH,1117072032,LINUNG BALE,TIDAK,"4.760722510031854, 96.7382535961884"
11,ACEH,11LSM,LHOKSEUMAWE,11230,JANARATA,11,ACEH,1117,KAB. BENER MERIAH,111707,TIMANG GAJAH,1117072033,PANTAN KEMUNING,TIDAK,"4.781062860179254, 96.71519602780299"
11,ACEH,11LSM,LHOKSEUMAWE,11230,JANARATA,11,ACEH,1117,KAB. BENER MERIAH,111707,TIMANG GAJAH,1117072034,SUMBER JAYA,TIDAK,"4.780385836656732, 96.78097364860774"
11,ACEH,11LSM,LHOKSEUMAWE,11230,JANARATA,11,ACEH,1117,KAB. BENER MERIAH,111707,TIMANG GAJAH,1117072035,BUKIT MULIE,TIDAK,"4.768917910023258, 96.77443068397238"
11,ACEH,11LSM,LHOKSEUMAWE,11230,JANARATA,11,ACEH,1117,KAB. BENER MERIAH,111708,BENER KELIPAH,1117082001,BANDAR JAYA,TIDAK,"4.77396114579717, 96.89797332013968"
11,ACEH,11LSM,LHOKSEUMAWE,11230,JANARATA,11,ACEH,1117,KAB. BENER MERIAH,111708,BENER KELIPAH,1117082002,JONGOK MELUEM,TIDAK,"4.764584176637949, 96.90649632965142"
11,ACEH,11LSM,LHOKSEUMAWE,11230,JANARATA,11,ACEH,1117,KAB. BENER MERIAH,111708,BENER KELIPAH,1117082003,SUKU BENER,TIDAK,"4.768679737031821, 96.91093888427221"
11,ACEH,11LSM,LHOKSEUMAWE,11230,JANARATA,11,ACEH,1117,KAB. BENER MERIAH,111708,BENER KELIPAH,1117082004,BENER LUKUP II,TIDAK,"4.769784285761904, 96.91984138552473"
11,ACEH,11LSM,LHOKSEUMAWE,11230,JANARATA,11,ACEH,1117,KAB. BENER MERIAH,111708,BENER KELIPAH,1117082005,GUNUNG MUSARA,TIDAK,"4.76619288598305, 96.93068210288658"
11,ACEH,11LSM,LHOKSEUMAWE,11230,JANARATA,11,ACEH,1117,KAB. BENER MERIAH,111708,BENER KELIPAH,1117082006,BENER KELIPAH SELATAN,TIDAK,"4.77204458924363, 96.92908050741289"
11,ACEH,11LSM,LHOKSEUMAWE,11230,JANARATA,11,ACEH,1117,KAB. BENER MERIAH,111708,BENER KELIPAH,1117082007,BENER BINTANG MUSARA,TIDAK,
11,ACEH,11LSM,LHOKSEUMAWE,11230,JANARATA,11,ACEH,1117,KAB. BENER MERIAH,111708,BENER KELIPAH,1117082008,KALA TENANG,TIDAK,"4.773646572249468, 96.93739256972401"
11,ACEH,11LSM,LHOKSEUMAWE,11230,JANARATA,11,ACEH,1117,KAB. BENER MERIAH,111708,BENER KELIPAH,1117082009,BENER KELIPAH UTARA,TIDAK,"4.7796021830647755, 96.92930257129787"
11,ACEH,11LSM,LHOKSEUMAWE,11230,JANARATA,11,ACEH,1117,KAB. BENER MERIAH,111708,BENER KELIPAH,1117082010,LOT BENER KELIPAH,TIDAK,"4.780206107831244, 96.92153970019386"
11,ACEH,11LSM,LHOKSEUMAWE,11230,JANARATA,11,ACEH,1117,KAB. BENER MERIAH,111708,BENER KELIPAH,1117082011,NOSAR TAWAR JAYA,TIDAK,"4.780492996132317, 96.9088627482613"
11,ACEH,11LSM,LHOKSEUMAWE,11230,JANARATA,11,ACEH,1117,KAB. BENER MERIAH,111708,BENER KELIPAH,1117082012,NOSAR BARU,TIDAK,"4.779059992046952, 96.9013177410707"
11,ACEH,11LSM,LHOKSEUMAWE,11230,JANARATA,11,ACEH,1117,KAB. BENER MERIAH,111709,MESIDAH,1117092001,CEMPARAM LAMA,TIDAK,"4.762989416472488, 96.97101196775412"
11,ACEH,11LSM,LHOKSEUMAWE,11230,JANARATA,11,ACEH,1117,KAB. BENER MERIAH,111709,MESIDAH,1117092002,CEMPARAM PAKAT JEROH,TIDAK,"4.770497911278332, 96.98166175813653"
11,ACEH,11LSM,LHOKSEUMAWE,11230,JANARATA,11,ACEH,1117,KAB. BENER MERIAH,111709,MESIDAH,1117092003,CEMPARAM JAYA,TIDAK,"4.762192680563997, 96.99362737951085"
11,ACEH,11LSM,LHOKSEUMAWE,11230,JANARATA,11,ACEH,1117,KAB. BENER MERIAH,111709,MESIDAH,1117092004,PANTAN KULI,TIDAK,"4.780917064217302, 96.99999964483712"
11,ACEH,11LSM,LHOKSEUMAWE,11230,JANARATA,11,ACEH,1117,KAB. BENER MERIAH,111709,MESIDAH,1117092005,SIMPANG RENGGALI,TIDAK,"4.775862740467932, 97.00744447928159"
11,ACEH,11LSM,LHOKSEUMAWE,11230,JANARATA,11,ACEH,1117,KAB. BENER MERIAH,111709,MESIDAH,1117092006,JAMUR ATU JAYA,TIDAK,"4.752022521159485, 97.01030005351646"
11,ACEH,11LSM,LHOKSEUMAWE,11230,JANARATA,11,ACEH,1117,KAB. BENER MERIAH,111709,MESIDAH,1117092007,SOSIAL,TIDAK,"4.732114974517119, 96.99850179558379"
11,ACEH,11LSM,LHOKSEUMAWE,11230,JANARATA,11,ACEH,1117,KAB. BENER MERIAH,111709,MESIDAH,1117092008,GUNUNG SAYANG,TIDAK,"4.731455390283754, 97.03141787366135"
11,ACEH,11LSM,LHOKSEUMAWE,11230,JANARATA,11,ACEH,1117,KAB. BENER MERIAH,111709,MESIDAH,1117092009,AMOR,TIDAK,"4.7793195930904355, 97.02134225293425"
11,ACEH,11LSM,LHOKSEUMAWE,11230,JANARATA,11,ACEH,1117,KAB. BENER MERIAH,111709,MESIDAH,1117092010,BUNTUL GAYO,TIDAK,"4.773027535191192, 97.02981295534562"
11,ACEH,11LSM,LHOKSEUMAWE,11230,JANARATA,11,ACEH,1117,KAB. BENER MERIAH,111709,MESIDAH,1117092011,WIH RESAP,TIDAK,"4.790941477951978, 97.05115284383696"
11,ACEH,11LSM,LHOKSEUMAWE,11230,JANARATA,11,ACEH,1117,KAB. BENER MERIAH,111709,MESIDAH,1117092012,WER TINGKEM,TIDAK,"4.750510085229365, 97.05027161211115"
11,ACEH,11LSM,LHOKSEUMAWE,11230,JANARATA,11,ACEH,1117,KAB. BENER MERIAH,111709,MESIDAH,1117092013,PERUMPAKEN BENJADI,TIDAK,"4.7570363263084285, 97.07423357362077"
11,ACEH,11LSM,LHOKSEUMAWE,11230,JANARATA,11,ACEH,1117,KAB. BENER MERIAH,111709,MESIDAH,1117092014,HAKIM PETERI PINTU,TIDAK,"4.794407490012249, 97.08431947079073"
11,ACEH,11LSM,LHOKSEUMAWE,11230,JANARATA,11,ACEH,1117,KAB. BENER MERIAH,111709,MESIDAH,1117092015,SIMPUR,TIDAK,"4.770626280590827, 97.10797365828533"
11,ACEH,11LSM,LHOKSEUMAWE,11230,JANARATA,11,ACEH,1117,KAB. BENER MERIAH,111710,GAJAH PUTIH,1117102001,SIMPANG RAHMAT,TIDAK,"4.823223072011169, 96.7109617331024"
11,ACEH,11LSM,LHOKSEUMAWE,11230,JANARATA,11,ACEH,1117,KAB. BENER MERIAH,111710,GAJAH PUTIH,1117102002,GAJAH PUTIH,TIDAK,"4.8127512961290995, 96.74124175606885"
11,ACEH,11LSM,LHOKSEUMAWE,11230,JANARATA,11,ACEH,1117,KAB. BENER MERIAH,111710,GAJAH PUTIH,1117102003,GAYO SETIE,TIDAK,"4.808030793604819, 96.76545280288833"
11,ACEH,11LSM,LHOKSEUMAWE,11230,JANARATA,11,ACEH,1117,KAB. BENER MERIAH,111710,GAJAH PUTIH,1117102004,UMAH BESI,TIDAK,"4.808767109510483, 96.73044880424636"
11,ACEH,11LSM,LHOKSEUMAWE,11230,JANARATA,11,ACEH,1117,KAB. BENER MERIAH,111710,GAJAH PUTIH,1117102005,PANTE KARYA,TIDAK,"4.798029498837153, 96.76407955715996"
11,ACEH,11LSM,LHOKSEUMAWE,11230,JANARATA,11,ACEH,1117,KAB. BENER MERIAH,111710,GAJAH PUTIH,1117102006,MERIAH JAYA,TIDAK,"4.794871130769237, 96.70641417454038"
11,ACEH,11LSM,LHOKSEUMAWE,11230,JANARATA,11,ACEH,1117,KAB. BENER MERIAH,111710,GAJAH PUTIH,1117102007,TIMANG GAJAH,TIDAK,"4.770039639964227, 96.79578467649824"
11,ACEH,11LSM,LHOKSEUMAWE,11230,JANARATA,11,ACEH,1117,KAB. BENER MERIAH,111710,GAJAH PUTIH,1117102008,PANTAN LUES,TIDAK,"4.787049061874898, 96.76771200297001"
11,ACEH,11LSM,LHOKSEUMAWE,11230,JANARATA,11,ACEH,1117,KAB. BENER MERIAH,111710,GAJAH PUTIH,1117102009,ALAM JAYA,TIDAK,"4.7995622121178, 96.74490561555217"
11,ACEH,11LSM,LHOKSEUMAWE,11230,JANARATA,11,ACEH,1117,KAB. BENER MERIAH,111710,GAJAH PUTIH,1117102010,RERONGA,TIDAK,"4.8162699688133666, 96.7378241174558"
11,ACEH,11LSM,LHOKSEUMAWE,11220,LHOKSEUMAWE,11,ACEH,1108,KAB. ACEH UTARA,110803,KUTA MAKMUR,1108032001,MEUNASAH BLANG ARA,TIDAK,"5.10783957436691, 97.07919309319442"
11,ACEH,11LSM,LHOKSEUMAWE,11220,LHOKSEUMAWE,11,ACEH,1108,KAB. ACEH UTARA,110803,KUTA MAKMUR,1108032002,MEUNASAH BUKET,TIDAK,"5.1004443132518, 97.07183788657382"
11,ACEH,11LSM,LHOKSEUMAWE,11220,LHOKSEUMAWE,11,ACEH,1108,KAB. ACEH UTARA,110803,KUTA MAKMUR,1108032003,BLANG TALON,TIDAK,"5.102906311153846, 97.05534457051779"
11,ACEH,11LSM,LHOKSEUMAWE,11220,LHOKSEUMAWE,11,ACEH,1108,KAB. ACEH UTARA,110803,KUTA MAKMUR,1108032004,COT RHEU,TIDAK,"5.119934387623021, 97.06179104801063"
11,ACEH,11LSM,LHOKSEUMAWE,11220,LHOKSEUMAWE,11,ACEH,1108,KAB. ACEH UTARA,110803,KUTA MAKMUR,1108032005,KRUENG MANYANG,TIDAK,"5.1120509384222155, 97.08322211527744"
11,ACEH,11LSM,LHOKSEUMAWE,11220,LHOKSEUMAWE,11,ACEH,1108,KAB. ACEH UTARA,110803,KUTA MAKMUR,1108032006,BAYU,TIDAK,"5.116971237489735, 97.08283586202332"
11,ACEH,11LSM,LHOKSEUMAWE,11220,LHOKSEUMAWE,11,ACEH,1108,KAB. ACEH UTARA,110803,KUTA MAKMUR,1108032007,BLANG ADO,TIDAK,"5.120763135677693, 97.0949054236659"
11,ACEH,11LSM,LHOKSEUMAWE,11220,LHOKSEUMAWE,11,ACEH,1108,KAB. ACEH UTARA,110803,KUTA MAKMUR,1108032008,DAYAH MEUNARA,TIDAK,"5.11852977504054, 97.07455225853865"
11,ACEH,11LSM,LHOKSEUMAWE,11220,LHOKSEUMAWE,11,ACEH,1108,KAB. ACEH UTARA,110803,KUTA MAKMUR,1108032009,MEUNASAH KUMBANG,TIDAK,"5.124651450710023, 97.0750612048272"
11,ACEH,11LSM,LHOKSEUMAWE,11220,LHOKSEUMAWE,11,ACEH,1108,KAB. ACEH UTARA,110803,KUTA MAKMUR,1108032010,MEUNYE CUT BAHAGIA,TIDAK,"5.045944350253785, 97.04299299356511"
11,ACEH,11LSM,LHOKSEUMAWE,11220,LHOKSEUMAWE,11,ACEH,1108,KAB. ACEH UTARA,110803,KUTA MAKMUR,1108032011,LHOK JOK,TIDAK,"5.0966744671138855, 97.0819959654234"
11,ACEH,11LSM,LHOKSEUMAWE,11220,LHOKSEUMAWE,11,ACEH,1108,KAB. ACEH UTARA,110803,KUTA MAKMUR,1108032012,ALUE RAMBEE,TIDAK,"5.076590982648022, 97.07356869978562"
11,ACEH,11LSM,LHOKSEUMAWE,11220,LHOKSEUMAWE,11,ACEH,1108,KAB. ACEH UTARA,110803,KUTA MAKMUR,1108032013,BLANG RIEK,TIDAK,"5.108831198436418, 97.09161760269974"
11,ACEH,11LSM,LHOKSEUMAWE,11220,LHOKSEUMAWE,11,ACEH,1108,KAB. ACEH UTARA,110803,KUTA MAKMUR,1108032014,CEMPEUDAK,TIDAK,"5.098516981602757, 97.09202337159499"
11,ACEH,11LSM,LHOKSEUMAWE,11220,LHOKSEUMAWE,11,ACEH,1108,KAB. ACEH UTARA,110803,KUTA MAKMUR,1108032015,SEUNEUBOK DRIEN,TIDAK,"5.088434903203708, 97.09035632951182"
11,ACEH,11LSM,LHOKSEUMAWE,11220,LHOKSEUMAWE,11,ACEH,1108,KAB. ACEH UTARA,110803,KUTA MAKMUR,1108032016,COT MERBO,TIDAK,"5.080280054842064, 97.05488986264923"
11,ACEH,11LSM,LHOKSEUMAWE,11220,LHOKSEUMAWE,11,ACEH,1108,KAB. ACEH UTARA,110803,KUTA MAKMUR,1108032017,KEUDE BLANG ARA,TIDAK,"5.110828794929216, 97.08344632986392"
11,ACEH,11LSM,LHOKSEUMAWE,11220,LHOKSEUMAWE,11,ACEH,1108,KAB. ACEH UTARA,110803,KUTA MAKMUR,1108032018,KEUDE KRUENG,TIDAK,"5.141876415669247, 97.0753497733332"
11,ACEH,11LSM,LHOKSEUMAWE,11220,LHOKSEUMAWE,11,ACEH,1108,KAB. ACEH UTARA,110803,KUTA MAKMUR,1108032019,KRUENG SEUNONG,TIDAK,"5.145849405104104, 97.08261055068738"
11,ACEH,11LSM,LHOKSEUMAWE,11220,LHOKSEUMAWE,11,ACEH,1108,KAB. ACEH UTARA,110803,KUTA MAKMUR,1108032020,PULO IBOIH,TIDAK,"5.153428615483197, 97.0712296838851"
11,ACEH,11LSM,LHOKSEUMAWE,11220,LHOKSEUMAWE,11,ACEH,1108,KAB. ACEH UTARA,110803,KUTA MAKMUR,1108032021,BLANG GURAH,TIDAK,"5.135291552360524, 97.0786778765358"
11,ACEH,11LSM,LHOKSEUMAWE,11220,LHOKSEUMAWE,11,ACEH,1108,KAB. ACEH UTARA,110803,KUTA MAKMUR,1108032022,GUHA ULUE,TIDAK,"5.132251477647082, 97.08900841268047"
11,ACEH,11LSM,LHOKSEUMAWE,11220,LHOKSEUMAWE,11,ACEH,1108,KAB. ACEH UTARA,110803,KUTA MAKMUR,1108032023,CEUMEUCET,TIDAK,"5.126981202511255, 97.08074546865205"
11,ACEH,11LSM,LHOKSEUMAWE,11220,LHOKSEUMAWE,11,ACEH,1108,KAB. ACEH UTARA,110803,KUTA MAKMUR,1108032024,PULO BARAT,TIDAK,"5.13377193535472, 97.06961550059064"
11,ACEH,11LSM,LHOKSEUMAWE,11220,LHOKSEUMAWE,11,ACEH,1108,KAB. ACEH UTARA,110803,KUTA MAKMUR,1108032025,PULO RAYEUK,TIDAK,"5.1289087385528305, 97.0728441725964"
11,ACEH,11LSM,LHOKSEUMAWE,11220,LHOKSEUMAWE,11,ACEH,1108,KAB. ACEH UTARA,110803,KUTA MAKMUR,1108032026,COT SEUTUI,TIDAK,"5.14166456168957, 97.05965495464383"
11,ACEH,11LSM,LHOKSEUMAWE,11220,LHOKSEUMAWE,11,ACEH,1108,KAB. ACEH UTARA,110803,KUTA MAKMUR,1108032027,LANGKUTA,TIDAK,"5.1395287575959525, 97.04764859547844"
11,ACEH,11LSM,LHOKSEUMAWE,11220,LHOKSEUMAWE,11,ACEH,1108,KAB. ACEH UTARA,110803,KUTA MAKMUR,1108032028,SAWEUK,TIDAK,"5.128492774587367, 97.0397835440343"
11,ACEH,11LSM,LHOKSEUMAWE,11220,LHOKSEUMAWE,11,ACEH,1108,KAB. ACEH UTARA,110803,KUTA MAKMUR,1108032029,MEURIA,TIDAK,"4.995342337484763, 97.34150372388169"
11,ACEH,11LSM,LHOKSEUMAWE,11220,LHOKSEUMAWE,11,ACEH,1108,KAB. ACEH UTARA,110803,KUTA MAKMUR,1108032030,MEUNASAH KULAM,TIDAK,"5.146470320137252, 97.05550357016712"
11,ACEH,11LSM,LHOKSEUMAWE,11220,LHOKSEUMAWE,11,ACEH,1108,KAB. ACEH UTARA,110803,KUTA MAKMUR,1108032031,COT SEUMIYONG,TIDAK,"5.1447521511598024, 97.05200886165768"
11,ACEH,11LSM,LHOKSEUMAWE,11220,LHOKSEUMAWE,11,ACEH,1108,KAB. ACEH UTARA,110803,KUTA MAKMUR,1108032032,KEUREUSEK,TIDAK,"5.1514170935965895, 97.0650692254186"
11,ACEH,11LSM,LHOKSEUMAWE,11220,LHOKSEUMAWE,11,ACEH,1108,KAB. ACEH UTARA,110803,KUTA MAKMUR,1108032033,KRUENG SEUPENG,TIDAK,"5.161761136594876, 97.0567865132183"
11,ACEH,11LSM,LHOKSEUMAWE,11220,LHOKSEUMAWE,11,ACEH,1108,KAB. ACEH UTARA,110803,KUTA MAKMUR,1108032034,MULING MANYANG,TIDAK,"5.138142560600336, 97.06195625339903"
11,ACEH,11LSM,LHOKSEUMAWE,11220,LHOKSEUMAWE,11,ACEH,1108,KAB. ACEH UTARA,110803,KUTA MAKMUR,1108032035,MULING MEUCAT,TIDAK,"5.1373580898855895, 97.064904319391"
11,ACEH,11LSM,LHOKSEUMAWE,11220,LHOKSEUMAWE,11,ACEH,1108,KAB. ACEH UTARA,110803,KUTA MAKMUR,1108032036,BABAH LUENG,TIDAK,"5.121669704087312, 97.052112191669"
11,ACEH,11LSM,LHOKSEUMAWE,11220,LHOKSEUMAWE,11,ACEH,1108,KAB. ACEH UTARA,110803,KUTA MAKMUR,1108032037,PANTON RAYEUK I,TIDAK,"5.101488068695178, 97.03009179675276"
11,ACEH,11LSM,LHOKSEUMAWE,11220,LHOKSEUMAWE,11,ACEH,1108,KAB. ACEH UTARA,110803,KUTA MAKMUR,1108032038,PANTON RAYEUK II,TIDAK,"5.123059219569614, 97.04490727492191"
11,ACEH,11LSM,LHOKSEUMAWE,11220,LHOKSEUMAWE,11,ACEH,1108,KAB. ACEH UTARA,110803,KUTA MAKMUR,1108032039,SIDO MULIYO,TIDAK,"5.046562014299924, 97.01051863307104"
11,ACEH,11LSM,LHOKSEUMAWE,11220,LHOKSEUMAWE,11,ACEH,1108,KAB. ACEH UTARA,110822,SIMPANG KRAMAT,1108222001,KEUDE SIMPANG EMPAT,TIDAK,"5.089095187513352, 97.11236239527794"
11,ACEH,11LSM,LHOKSEUMAWE,11220,LHOKSEUMAWE,11,ACEH,1108,KAB. ACEH UTARA,110822,SIMPANG KRAMAT,1108222002,SEUNEUBOK PUNTI,TIDAK,"5.090681696342293, 97.10613880178559"
11,ACEH,11LSM,LHOKSEUMAWE,11220,LHOKSEUMAWE,11,ACEH,1108,KAB. ACEH UTARA,110822,SIMPANG KRAMAT,1108222003,PAYA LEUPAH,TIDAK,"5.100439615750609, 97.11174544995131"
11,ACEH,11LSM,LHOKSEUMAWE,11220,LHOKSEUMAWE,11,ACEH,1108,KAB. ACEH UTARA,110822,SIMPANG KRAMAT,1108222004,PAYA TEUNGOH,TIDAK,"5.096476345139899, 97.11701769522884"
11,ACEH,11LSM,LHOKSEUMAWE,11220,LHOKSEUMAWE,11,ACEH,1108,KAB. ACEH UTARA,110822,SIMPANG KRAMAT,1108222005,KEUBON BARO,TIDAK,"5.0868054247834475, 97.12139593126912"
11,ACEH,11LSM,LHOKSEUMAWE,11220,LHOKSEUMAWE,11,ACEH,1108,KAB. ACEH UTARA,110822,SIMPANG KRAMAT,1108222006,MEUNASAH TEUNGOH,TIDAK,"5.080583235367692, 97.13077675762187"
11,ACEH,11LSM,LHOKSEUMAWE,11220,LHOKSEUMAWE,11,ACEH,1108,KAB. ACEH UTARA,110822,SIMPANG KRAMAT,1108222007,MEUNASAH BAROH,TIDAK,"5.08690040687856, 97.13600123647946"
11,ACEH,11LSM,LHOKSEUMAWE,11220,LHOKSEUMAWE,11,ACEH,1108,KAB. ACEH UTARA,110822,SIMPANG KRAMAT,1108222008,MANCANG,TIDAK,"5.118477954329523, 97.21699984799501"
11,ACEH,11LSM,LHOKSEUMAWE,11220,LHOKSEUMAWE,11,ACEH,1108,KAB. ACEH UTARA,110822,SIMPANG KRAMAT,1108222009,ALUE BADE,TIDAK,"5.075926130997595, 97.14655294032279"
11,ACEH,11LSM,LHOKSEUMAWE,11220,LHOKSEUMAWE,11,ACEH,1108,KAB. ACEH UTARA,110822,SIMPANG KRAMAT,1108222010,MEUNASAH DAYAH SPK,TIDAK,"5.059051887951471, 97.11354632885521"
11,ACEH,11LSM,LHOKSEUMAWE,11220,LHOKSEUMAWE,11,ACEH,1108,KAB. ACEH UTARA,110822,SIMPANG KRAMAT,1108222011,KILOMETER VI,TIDAK,"5.061837296658034, 97.08520165073848"
11,ACEH,11LSM,LHOKSEUMAWE,11220,LHOKSEUMAWE,11,ACEH,1108,KAB. ACEH UTARA,110822,SIMPANG KRAMAT,1108222012,KILOMETER VIII,TIDAK,"5.037620532174069, 97.06906922722965"
11,ACEH,11LSM,LHOKSEUMAWE,11220,LHOKSEUMAWE,11,ACEH,1108,KAB. ACEH UTARA,110822,SIMPANG KRAMAT,1108222013,IE TAREK I,TIDAK,"5.098747986152017, 97.09999791551662"
11,ACEH,11LSM,LHOKSEUMAWE,11220,LHOKSEUMAWE,11,ACEH,1108,KAB. ACEH UTARA,110822,SIMPANG KRAMAT,1108222014,IE TAREK II,TIDAK,"5.096147315891898, 97.10344393961937"
11,ACEH,11LSM,LHOKSEUMAWE,11220,LHOKSEUMAWE,11,ACEH,1108,KAB. ACEH UTARA,110822,SIMPANG KRAMAT,1108222016,BLANG RALEUE,TIDAK,"5.092063518778548, 97.12760356982956"
11,ACEH,11LSM,LHOKSEUMAWE,11220,LHOKSEUMAWE,11,ACEH,1173,KOTA LHOKSEUMAWE,117301,MUARA DUA,1173012002,ALUE AWE,TIDAK,"5.1317726094134075, 97.1510607946065"
11,ACEH,11LSM,LHOKSEUMAWE,11220,LHOKSEUMAWE,11,ACEH,1173,KOTA LHOKSEUMAWE,117301,MUARA DUA,1173012003,BLANG CRUM,TIDAK,"5.141028881353004, 97.1433488311324"
11,ACEH,11LSM,LHOKSEUMAWE,11220,LHOKSEUMAWE,11,ACEH,1173,KOTA LHOKSEUMAWE,117301,MUARA DUA,1173012004,CUT MAMPLAM,TIDAK,"5.151453870771769, 97.14076795777967"
11,ACEH,11LSM,LHOKSEUMAWE,11220,LHOKSEUMAWE,11,ACEH,1173,KOTA LHOKSEUMAWE,117301,MUARA DUA,1173012005,MEUNASAH MEE,TIDAK,"5.1621168263497, 97.1373492592219"
11,ACEH,11LSM,LHOKSEUMAWE,11220,LHOKSEUMAWE,11,ACEH,1173,KOTA LHOKSEUMAWE,117301,MUARA DUA,1173012006,COT GIREK KANDANG,TIDAK,"5.142920183075353, 97.12600422375465"
11,ACEH,11LSM,LHOKSEUMAWE,11220,LHOKSEUMAWE,11,ACEH,1173,KOTA LHOKSEUMAWE,117301,MUARA DUA,1173012007,KEUDE CUNDA,TIDAK,"5.175237880322301, 97.13139268972108"
11,ACEH,11LSM,LHOKSEUMAWE,11220,LHOKSEUMAWE,11,ACEH,1173,KOTA LHOKSEUMAWE,117301,MUARA DUA,1173012008,UTEUNKOT,TIDAK,"5.169267079127785, 97.12899755302504"
11,ACEH,11LSM,LHOKSEUMAWE,11220,LHOKSEUMAWE,11,ACEH,1173,KOTA LHOKSEUMAWE,117301,MUARA DUA,1173012009,LHOK MON PUTEH,TIDAK,"5.159087249425167, 97.12398473600521"
11,ACEH,11LSM,LHOKSEUMAWE,11220,LHOKSEUMAWE,11,ACEH,1173,KOTA LHOKSEUMAWE,117301,MUARA DUA,1173012010,MEUNASAH MESJID,TIDAK,"5.174813561134609, 97.12498976301954"
11,ACEH,11LSM,LHOKSEUMAWE,11220,LHOKSEUMAWE,11,ACEH,1173,KOTA LHOKSEUMAWE,117301,MUARA DUA,1173012011,MNS. PANGGOI,TIDAK,"5.191141237215898, 97.11712261296617"
11,ACEH,11LSM,LHOKSEUMAWE,11220,LHOKSEUMAWE,11,ACEH,1173,KOTA LHOKSEUMAWE,117301,MUARA DUA,1173012013,PAYA BILI,TIDAK,"5.186158831230429, 97.10142106542352"
11,ACEH,11LSM,LHOKSEUMAWE,11220,LHOKSEUMAWE,11,ACEH,1173,KOTA LHOKSEUMAWE,117301,MUARA DUA,1173012014,MEUNASAH ALUE,TIDAK,"5.178344191334816, 97.11616723293334"
11,ACEH,11LSM,LHOKSEUMAWE,11220,LHOKSEUMAWE,11,ACEH,1173,KOTA LHOKSEUMAWE,117301,MUARA DUA,1173012015,PAYA PUNTEUET,TIDAK,"5.172086201461868, 97.11683621089803"
11,ACEH,11LSM,LHOKSEUMAWE,11220,LHOKSEUMAWE,11,ACEH,1173,KOTA LHOKSEUMAWE,117301,MUARA DUA,1173012016,BLANG POROH,TIDAK,"5.1636038684019905, 97.12093200199638"
11,ACEH,11LSM,LHOKSEUMAWE,11220,LHOKSEUMAWE,11,ACEH,1173,KOTA LHOKSEUMAWE,117301,MUARA DUA,1173012024,MEUNASAH MANYANG,TIDAK,"5.146722097008268, 97.14337144612493"
11,ACEH,11LSM,LHOKSEUMAWE,11220,LHOKSEUMAWE,11,ACEH,1173,KOTA LHOKSEUMAWE,117301,MUARA DUA,1173012025,MEUNASAH BLANG,TIDAK,"5.158712834285745, 97.13423825857514"
11,ACEH,11LSM,LHOKSEUMAWE,11220,LHOKSEUMAWE,11,ACEH,1173,KOTA LHOKSEUMAWE,117301,MUARA DUA,1173012026,PALOH BATEE,TIDAK,"5.175136924643694, 97.11370332671828"
11,ACEH,11LSM,LHOKSEUMAWE,11220,LHOKSEUMAWE,11,ACEH,1173,KOTA LHOKSEUMAWE,117302,BANDA SAKTI,1173022001,KUTA BLANG,TIDAK,"5.183769603678528, 97.13658635709606"
11,ACEH,11LSM,LHOKSEUMAWE,11220,LHOKSEUMAWE,11,ACEH,1173,KOTA LHOKSEUMAWE,117302,BANDA SAKTI,1173022002,TUMPOK TEUNGOH,TIDAK,"5.19013135494067, 97.13768105315125"
11,ACEH,11LSM,LHOKSEUMAWE,11220,LHOKSEUMAWE,11,ACEH,1173,KOTA LHOKSEUMAWE,117302,BANDA SAKTI,1173022003,SIMPANG EMPAT,TIDAK,"5.178860500184645, 97.14415542607523"
11,ACEH,11LSM,LHOKSEUMAWE,11220,LHOKSEUMAWE,11,ACEH,1173,KOTA LHOKSEUMAWE,117302,BANDA SAKTI,1173022004,KAMPUNG JAWA LHOKSEUMAWE,TIDAK,"5.185360160873505, 97.14801968368134"
11,ACEH,11LSM,LHOKSEUMAWE,11220,LHOKSEUMAWE,11,ACEH,1173,KOTA LHOKSEUMAWE,117302,BANDA SAKTI,1173022005,KOTA LHOKSEUMAWE,TIDAK,"5.150956317308787, 97.13505122921367"
11,ACEH,11LSM,LHOKSEUMAWE,11220,LHOKSEUMAWE,11,ACEH,1173,KOTA LHOKSEUMAWE,117302,BANDA SAKTI,1173022006,MON GEUDONG,TIDAK,"5.1777021453754255, 97.13558455273032"
11,ACEH,11LSM,LHOKSEUMAWE,11220,LHOKSEUMAWE,11,ACEH,1173,KOTA LHOKSEUMAWE,117302,BANDA SAKTI,1173022007,KEUDE ACEH,TIDAK,"5.175743616122277, 97.14470857913479"
11,ACEH,11LSM,LHOKSEUMAWE,11220,LHOKSEUMAWE,11,ACEH,1173,KOTA LHOKSEUMAWE,117302,BANDA SAKTI,1173022008,PUSONG LHOKSEUMAWE,TIDAK,"5.1701574493485305, 97.14837311028302"
11,ACEH,11LSM,LHOKSEUMAWE,11220,LHOKSEUMAWE,11,ACEH,1173,KOTA LHOKSEUMAWE,117302,BANDA SAKTI,1173022009,HAGU TEUNGOH,TIDAK,"5.195839816581949, 97.14194966676767"
11,ACEH,11LSM,LHOKSEUMAWE,11220,LHOKSEUMAWE,11,ACEH,1173,KOTA LHOKSEUMAWE,117302,BANDA SAKTI,1173022010,UTEUN BAYI,TIDAK,"5.189398893011316, 97.13113045212708"
11,ACEH,11LSM,LHOKSEUMAWE,11220,LHOKSEUMAWE,11,ACEH,1173,KOTA LHOKSEUMAWE,117302,BANDA SAKTI,1173022011,UJONG BLANG,TIDAK,"5.207371388755986, 97.12283123244802"
11,ACEH,11LSM,LHOKSEUMAWE,11220,LHOKSEUMAWE,11,ACEH,1173,KOTA LHOKSEUMAWE,117302,BANDA SAKTI,1173022012,HAGU SELATAN,TIDAK,"5.189323233347148, 97.1457376130813"
11,ACEH,11LSM,LHOKSEUMAWE,11220,LHOKSEUMAWE,11,ACEH,1173,KOTA LHOKSEUMAWE,117302,BANDA SAKTI,1173022013,PUSONG BARU,TIDAK,"5.1729393943765825, 97.15014796308098"
11,ACEH,11LSM,LHOKSEUMAWE,11220,LHOKSEUMAWE,11,ACEH,1173,KOTA LHOKSEUMAWE,117302,BANDA SAKTI,1173022014,ULEE JALAN,TIDAK,"5.202352295665491, 97.13101028447429"
11,ACEH,11LSM,LHOKSEUMAWE,11220,LHOKSEUMAWE,11,ACEH,1173,KOTA LHOKSEUMAWE,117302,BANDA SAKTI,1173022015,BANDA MASEN,TIDAK,"5.199487485359083, 97.125635163838"
11,ACEH,11LSM,LHOKSEUMAWE,11220,LHOKSEUMAWE,11,ACEH,1173,KOTA LHOKSEUMAWE,117302,BANDA SAKTI,1173022016,LANCANG GARAM,TIDAK,"5.181869652031579, 97.14694248134015"
11,ACEH,11LSM,LHOKSEUMAWE,11220,LHOKSEUMAWE,11,ACEH,1173,KOTA LHOKSEUMAWE,117302,BANDA SAKTI,1173022017,JAWA BARU,TIDAK,"5.184972656508825, 97.14438938844877"
11,ACEH,11LSM,LHOKSEUMAWE,11220,LHOKSEUMAWE,11,ACEH,1173,KOTA LHOKSEUMAWE,117302,BANDA SAKTI,1173022018,HAGU BARAT LAUT,TIDAK,"5.200134287450876, 97.13653006043857"
11,ACEH,11LSM,LHOKSEUMAWE,11220,LHOKSEUMAWE,11,ACEH,1173,KOTA LHOKSEUMAWE,117303,BLANG MANGAT,1173032017,ALUE LIM,TIDAK,"5.1232760423864905, 97.11801396384044"
11,ACEH,11LSM,LHOKSEUMAWE,11220,LHOKSEUMAWE,11,ACEH,1173,KOTA LHOKSEUMAWE,117303,BLANG MANGAT,1173032018,BLANG BULOH,TIDAK,"5.107854799473868, 97.13281723689957"
11,ACEH,11LSM,LHOKSEUMAWE,11220,LHOKSEUMAWE,11,ACEH,1173,KOTA LHOKSEUMAWE,117303,BLANG MANGAT,1173032019,BLANG WEU PANJOE,TIDAK,"5.149325845587026, 97.09303899988898"
11,ACEH,11LSM,LHOKSEUMAWE,11220,LHOKSEUMAWE,11,ACEH,1173,KOTA LHOKSEUMAWE,117303,BLANG MANGAT,1173032020,JEULIKAT,TIDAK,"5.143879212266446, 97.10845289383848"
11,ACEH,11LSM,LHOKSEUMAWE,11220,LHOKSEUMAWE,11,ACEH,1173,KOTA LHOKSEUMAWE,117303,BLANG MANGAT,1173032021,BLANG WEU BAROH,TIDAK,"5.1653576148921925, 97.10619520626845"
11,ACEH,11LSM,LHOKSEUMAWE,11220,LHOKSEUMAWE,11,ACEH,1173,KOTA LHOKSEUMAWE,117303,BLANG MANGAT,1173032022,SEUNEUBOK,TIDAK,"5.161472418144831, 97.0882662785067"
11,ACEH,11LSM,LHOKSEUMAWE,11220,LHOKSEUMAWE,11,ACEH,1173,KOTA LHOKSEUMAWE,117304,MUARA SATU,1173042002,BLANG PANYANG,TIDAK,"5.209466955100184, 97.0985462002067"
11,ACEH,11LSM,LHOKSEUMAWE,11220,LHOKSEUMAWE,11,ACEH,1173,KOTA LHOKSEUMAWE,117304,MUARA SATU,1173042003,MEUNASAH DAYAH,TIDAK,"5.199919809460905, 97.0910295594184"
11,ACEH,11LSM,LHOKSEUMAWE,11220,LHOKSEUMAWE,11,ACEH,1173,KOTA LHOKSEUMAWE,117304,MUARA SATU,1173042004,PALOH PUNTI,TIDAK,"5.180873348655598, 97.09310568712753"
11,ACEH,11LSM,LHOKSEUMAWE,11220,LHOKSEUMAWE,11,ACEH,1173,KOTA LHOKSEUMAWE,117304,MUARA SATU,1173042008,COT TRIENG,TIDAK,"5.17927517243566, 97.07220891649796"
11,ACEH,11LSM,LHOKSEUMAWE,11220,LHOKSEUMAWE,11,ACEH,1173,KOTA LHOKSEUMAWE,117304,MUARA SATU,1173042009,PADANG SAKTI,TIDAK,"5.195035287078259, 97.07543169246567"
11,ACEH,11LSM,LHOKSEUMAWE,11220,LHOKSEUMAWE,11,ACEH,1173,KOTA LHOKSEUMAWE,117304,MUARA SATU,1173042010,MEURIA PALOH,TIDAK,"5.205284495950925, 97.08619287117648"
11,ACEH,11LSM,LHOKSEUMAWE,11221,KRUENGGEUKUEH,11,ACEH,1108,KAB. ACEH UTARA,110802,DEWANTARA,1108022001,KEUDE KRUENG GEUKUH,TIDAK,"5.256576080861458, 97.00117182856984"
11,ACEH,11LSM,LHOKSEUMAWE,11221,KRUENGGEUKUEH,11,ACEH,1108,KAB. ACEH UTARA,110802,DEWANTARA,1108022002,TAMBON BAROH,TIDAK,"5.240605675770168, 97.04339341593005"
11,ACEH,11LSM,LHOKSEUMAWE,11221,KRUENGGEUKUEH,11,ACEH,1108,KAB. ACEH UTARA,110802,DEWANTARA,1108022003,TAMBON TUNONG,TIDAK,"5.228029615375169, 97.02849604085537"
11,ACEH,11LSM,LHOKSEUMAWE,11221,KRUENGGEUKUEH,11,ACEH,1108,KAB. ACEH UTARA,110802,DEWANTARA,1108022004,PALOH GADENG,TIDAK,"5.215293461053595, 97.02381641036106"
11,ACEH,11LSM,LHOKSEUMAWE,11221,KRUENGGEUKUEH,11,ACEH,1108,KAB. ACEH UTARA,110802,DEWANTARA,1108022005,PALOH LADA,TIDAK,"5.23223845351477, 97.01471496832103"
11,ACEH,11LSM,LHOKSEUMAWE,11221,KRUENGGEUKUEH,11,ACEH,1108,KAB. ACEH UTARA,110802,DEWANTARA,1108022006,UTEUN GEULINGGANG,TIDAK,"5.241254049769117, 97.01721177678756"
11,ACEH,11LSM,LHOKSEUMAWE,11221,KRUENGGEUKUEH,11,ACEH,1108,KAB. ACEH UTARA,110802,DEWANTARA,1108022007,PULO RUNGKOM,TIDAK,"5.2282870947016775, 97.00142196384594"
11,ACEH,11LSM,LHOKSEUMAWE,11221,KRUENGGEUKUEH,11,ACEH,1108,KAB. ACEH UTARA,110802,DEWANTARA,1108022008,PALOH IGEUH,TIDAK,"5.225255670396447, 96.99302556282149"
11,ACEH,11LSM,LHOKSEUMAWE,11221,KRUENGGEUKUEH,11,ACEH,1108,KAB. ACEH UTARA,110802,DEWANTARA,1108022009,BANGKA JAYA,TIDAK,"5.246548969106073, 97.01789537553204"
11,ACEH,11LSM,LHOKSEUMAWE,11221,KRUENGGEUKUEH,11,ACEH,1108,KAB. ACEH UTARA,110802,DEWANTARA,1108022010,ULEE PULO,TIDAK,"5.242489749895953, 97.00145827630257"
11,ACEH,11LSM,LHOKSEUMAWE,11221,KRUENGGEUKUEH,11,ACEH,1108,KAB. ACEH UTARA,110802,DEWANTARA,1108022011,ULEE REULEUNG,TIDAK,"5.246930018494025, 96.99441626649156"
11,ACEH,11LSM,LHOKSEUMAWE,11221,KRUENGGEUKUEH,11,ACEH,1108,KAB. ACEH UTARA,110802,DEWANTARA,1108022012,GEULUMPANG SULU TIMU,TIDAK,"5.251975279486881, 96.99471201054689"
11,ACEH,11LSM,LHOKSEUMAWE,11221,KRUENGGEUKUEH,11,ACEH,1108,KAB. ACEH UTARA,110802,DEWANTARA,1108022013,GEULUMPANG SULU BARAT,TIDAK,"5.251834667161755, 96.9878621779313"
11,ACEH,11LSM,LHOKSEUMAWE,11221,KRUENGGEUKUEH,11,ACEH,1108,KAB. ACEH UTARA,110802,DEWANTARA,1108022014,BLUKA TEUBAI,TIDAK,"5.25536018208719, 97.00301281872646"
11,ACEH,11LSM,LHOKSEUMAWE,11221,KRUENGGEUKUEH,11,ACEH,1108,KAB. ACEH UTARA,110802,DEWANTARA,1108022015,LANCANG BARAT,TIDAK,"5.251270333676445, 96.97709223305569"
11,ACEH,11LSM,LHOKSEUMAWE,11221,KRUENGGEUKUEH,11,ACEH,1108,KAB. ACEH UTARA,110806,MUARA BATU,1108062002,MEUNASAH DRANG,TIDAK,"5.2511145587537085, 96.93699176246224"
11,ACEH,11LSM,LHOKSEUMAWE,11221,KRUENGGEUKUEH,11,ACEH,1108,KAB. ACEH UTARA,110806,MUARA BATU,1108062003,MEUNASAH BARO,TIDAK,"5.087201166351752, 97.14089756418872"
11,ACEH,11LSM,LHOKSEUMAWE,11221,KRUENGGEUKUEH,11,ACEH,1108,KAB. ACEH UTARA,110806,MUARA BATU,1108062004,MEUNASAH LHOK,TIDAK,"5.247565196712454, 96.92637715771117"
11,ACEH,11LSM,LHOKSEUMAWE,11221,KRUENGGEUKUEH,11,ACEH,1108,KAB. ACEH UTARA,110806,MUARA BATU,1108062008,MEUNASAH PINTO,TIDAK,"5.234180408517561, 96.93027496574445"
11,ACEH,11LSM,LHOKSEUMAWE,11221,KRUENGGEUKUEH,11,ACEH,1108,KAB. ACEH UTARA,110806,MUARA BATU,1108062009,KEUDE BUNGKAIH,TIDAK,"5.258878097351061, 96.96921384017276"
11,ACEH,11LSM,LHOKSEUMAWE,11221,KRUENGGEUKUEH,11,ACEH,1108,KAB. ACEH UTARA,110806,MUARA BATU,1108062010,KAMBAM,TIDAK,"5.252384047008233, 96.96643281023155"
11,ACEH,11LSM,LHOKSEUMAWE,11221,KRUENGGEUKUEH,11,ACEH,1108,KAB. ACEH UTARA,110806,MUARA BATU,1108062011,MEUNASAH ARON,TIDAK,"5.255729030489598, 96.95550427790253"
11,ACEH,11LSM,LHOKSEUMAWE,11221,KRUENGGEUKUEH,11,ACEH,1108,KAB. ACEH UTARA,110806,MUARA BATU,1108062012,COT TRUENG,TIDAK,"5.254789986905402, 96.94951716160162"
11,ACEH,11LSM,LHOKSEUMAWE,11221,KRUENGGEUKUEH,11,ACEH,1108,KAB. ACEH UTARA,110806,MUARA BATU,1108062013,DAKUTA,TIDAK,"5.248561374689736, 96.94350710273424"
11,ACEH,11LSM,LHOKSEUMAWE,11221,KRUENGGEUKUEH,11,ACEH,1108,KAB. ACEH UTARA,110806,MUARA BATU,1108062014,PALOH AWE,TIDAK,"5.238735499433802, 96.96576802928548"
11,ACEH,11LSM,LHOKSEUMAWE,11221,KRUENGGEUKUEH,11,ACEH,1108,KAB. ACEH UTARA,110806,MUARA BATU,1108062017,TEUPIN BANJA,TIDAK,"5.230503026603696, 96.93252332682226"
11,ACEH,11LSM,LHOKSEUMAWE,11221,KRUENGGEUKUEH,11,ACEH,1108,KAB. ACEH UTARA,110806,MUARA BATU,1108062018,TEUMPOK BEURANDANG,TIDAK,"5.239567320315161, 96.93360548687967"
11,ACEH,11LSM,LHOKSEUMAWE,11221,KRUENGGEUKUEH,11,ACEH,1108,KAB. ACEH UTARA,110806,MUARA BATU,1108062019,PALOH RAYA,TIDAK,"5.231595351561227, 96.93887313225673"
11,ACEH,11LSM,LHOKSEUMAWE,11221,KRUENGGEUKUEH,11,ACEH,1108,KAB. ACEH UTARA,110806,MUARA BATU,1108062020,PANIGAH,TIDAK,"5.2332377834138155, 96.94499345627938"
11,ACEH,11LSM,LHOKSEUMAWE,11221,KRUENGGEUKUEH,11,ACEH,1108,KAB. ACEH UTARA,110806,MUARA BATU,1108062021,ULEE MADON,TIDAK,"5.24847198096735, 96.95922206435195"
11,ACEH,11LSM,LHOKSEUMAWE,11221,KRUENGGEUKUEH,11,ACEH,1108,KAB. ACEH UTARA,110806,MUARA BATU,1108062022,REULEUT TIMU,TIDAK,"5.2379654578540515, 96.98901278437084"
11,ACEH,11LSM,LHOKSEUMAWE,11221,KRUENGGEUKUEH,11,ACEH,1108,KAB. ACEH UTARA,110806,MUARA BATU,1108062023,REULEUT BARAT,TIDAK,"5.239432327738042, 96.97774347469338"
11,ACEH,11LSM,LHOKSEUMAWE,11221,KRUENGGEUKUEH,11,ACEH,1108,KAB. ACEH UTARA,110806,MUARA BATU,1108062024,PINTO MAKMUR,TIDAK,"5.233262634742181, 96.95505314655055"
11,ACEH,11LSM,LHOKSEUMAWE,11221,KRUENGGEUKUEH,11,ACEH,1108,KAB. ACEH UTARA,110815,SAWANG,1108152002,ABEUK REULING,TIDAK,"5.212588565080523, 96.94590266550398"
11,ACEH,11LSM,LHOKSEUMAWE,11221,KRUENGGEUKUEH,11,ACEH,1108,KAB. ACEH UTARA,110815,SAWANG,1108152003,LHOK KREK,TIDAK,"5.216326132190361, 96.95188771776917"
11,ACEH,11LSM,LHOKSEUMAWE,11221,KRUENGGEUKUEH,11,ACEH,1108,KAB. ACEH UTARA,110815,SAWANG,1108152006,KUTA MEULIGOE,TIDAK,"5.211613872043488, 96.93309351719157"
11,ACEH,11LSM,LHOKSEUMAWE,11221,KRUENGGEUKUEH,11,ACEH,1108,KAB. ACEH UTARA,110815,SAWANG,1108152015,TEUPIN RUSEP,TIDAK,"5.1051600543893905, 96.93511366151795"
11,ACEH,11LSM,LHOKSEUMAWE,11221,KRUENGGEUKUEH,11,ACEH,1108,KAB. ACEH UTARA,110815,SAWANG,1108152016,ULEE GEUDONG,TIDAK,"5.220365588469229, 96.96728205193138"
11,ACEH,11LSM,LHOKSEUMAWE,11221,KRUENGGEUKUEH,11,ACEH,1108,KAB. ACEH UTARA,110815,SAWANG,1108152017,TANJONG KEUMALA,TIDAK,"5.219961373311568, 96.95724474487021"
11,ACEH,11LSM,LHOKSEUMAWE,11221,KRUENGGEUKUEH,11,ACEH,1108,KAB. ACEH UTARA,110815,SAWANG,1108152018,COT KUMUNENG,TIDAK,"5.226579698085115, 96.97238850379794"
11,ACEH,11LSM,LHOKSEUMAWE,11221,KRUENGGEUKUEH,11,ACEH,1108,KAB. ACEH UTARA,110815,SAWANG,1108152019,COT LAMBIDENG,TIDAK,"5.205212739576447, 96.95809940496216"
11,ACEH,11LSM,LHOKSEUMAWE,11221,KRUENGGEUKUEH,11,ACEH,1108,KAB. ACEH UTARA,110815,SAWANG,1108152020,PAYA GABOH,TIDAK,"5.22807326578657, 96.98207944076155"
11,ACEH,11LSM,LHOKSEUMAWE,11221,KRUENGGEUKUEH,11,ACEH,1108,KAB. ACEH UTARA,110816,NISAM,1108162015,PALOH MAMBU,TIDAK,"5.176814203036681, 96.98112556607637"
11,ACEH,11LSM,LHOKSEUMAWE,11221,KRUENGGEUKUEH,11,ACEH,1108,KAB. ACEH UTARA,110816,NISAM,1108162017,BLANG KARIENG,TIDAK,"5.204515366796168, 97.0136993213561"
11,ACEH,11LSM,LHOKSEUMAWE,11221,KRUENGGEUKUEH,11,ACEH,1108,KAB. ACEH UTARA,110816,NISAM,1108162018,PALOH KAYEE KUNYET,TIDAK,"5.1895173436703645, 97.00127351237131"
11,ACEH,11LSM,LHOKSEUMAWE,11221,KRUENGGEUKUEH,11,ACEH,1108,KAB. ACEH UTARA,110816,NISAM,1108162019,GAMPONG BARAT,TIDAK,"5.17859284890633, 97.00740413462309"
11,ACEH,11LSM,LHOKSEUMAWE,11221,KRUENGGEUKUEH,11,ACEH,1108,KAB. ACEH UTARA,110816,NISAM,1108162020,MEUNASAH BEUNOT,TIDAK,"5.177339979020082, 97.01486773688383"
11,ACEH,11LSM,LHOKSEUMAWE,11221,KRUENGGEUKUEH,11,ACEH,1108,KAB. ACEH UTARA,110816,NISAM,1108162021,SEUNEUBOK,TIDAK,"5.185793455597602, 97.01903705246752"
11,ACEH,11LSM,LHOKSEUMAWE,11221,KRUENGGEUKUEH,11,ACEH,1108,KAB. ACEH UTARA,110816,NISAM,1108162022,COT LEUPEE,TIDAK,"5.175177606228248, 97.0235486523139"
11,ACEH,11LSM,LHOKSEUMAWE,11221,KRUENGGEUKUEH,11,ACEH,1108,KAB. ACEH UTARA,110816,NISAM,1108162023,GAMPONG TEUNGOH,TIDAK,"5.169311941797923, 97.0257342394199"
11,ACEH,11LSM,LHOKSEUMAWE,11221,KRUENGGEUKUEH,11,ACEH,1108,KAB. ACEH UTARA,110816,NISAM,1108162024,MEUNASAH MEUCAT,TIDAK,"5.170389486069461, 97.0150179433538"
11,ACEH,11LSM,LHOKSEUMAWE,11221,KRUENGGEUKUEH,11,ACEH,1108,KAB. ACEH UTARA,110816,NISAM,1108162025,MEUNASAH ALUE,TIDAK,"5.178495370935611, 97.11060542643861"
11,ACEH,11LSM,LHOKSEUMAWE,11221,KRUENGGEUKUEH,11,ACEH,1108,KAB. ACEH UTARA,110816,NISAM,1108162026,PANTON,TIDAK,"5.16492562864006, 96.98821410404554"
11,ACEH,11LSM,LHOKSEUMAWE,11221,KRUENGGEUKUEH,11,ACEH,1108,KAB. ACEH UTARA,110816,NISAM,1108162027,PALOH MAMPREE,TIDAK,"5.167816034294266, 97.00307889212004"
11,ACEH,11LSM,LHOKSEUMAWE,11221,KRUENGGEUKUEH,11,ACEH,1108,KAB. ACEH UTARA,110816,NISAM,1108162028,PEUNAYAN,TIDAK,"5.153786336996289, 97.00431124629466"
11,ACEH,11LSM,LHOKSEUMAWE,11221,KRUENGGEUKUEH,11,ACEH,1108,KAB. ACEH UTARA,110816,NISAM,1108162029,TINGKEUM,TIDAK,"5.161157698944872, 97.0199317900901"
11,ACEH,11LSM,LHOKSEUMAWE,11221,KRUENGGEUKUEH,11,ACEH,1108,KAB. ACEH UTARA,110816,NISAM,1108162030,MEUNASAH RAYEUK,TIDAK,"5.151700331849727, 97.01700779661608"
11,ACEH,11LSM,LHOKSEUMAWE,11221,KRUENGGEUKUEH,11,ACEH,1108,KAB. ACEH UTARA,110816,NISAM,1108162031,MEUNASAH CUT,TIDAK,"5.147264075535458, 97.01706219991783"
11,ACEH,11LSM,LHOKSEUMAWE,11221,KRUENGGEUKUEH,11,ACEH,1108,KAB. ACEH UTARA,110816,NISAM,1108162032,JEULIKAT,TIDAK,"5.1423704483747965, 97.01138352916576"
11,ACEH,11LSM,LHOKSEUMAWE,11221,KRUENGGEUKUEH,11,ACEH,1108,KAB. ACEH UTARA,110816,NISAM,1108162033,ALUE BILI,TIDAK,"5.142201571232506, 97.02933870321058"
11,ACEH,11LSM,LHOKSEUMAWE,11221,KRUENGGEUKUEH,11,ACEH,1108,KAB. ACEH UTARA,110816,NISAM,1108162034,COT MAMBONG,TIDAK,"5.146130599580078, 97.04167404529022"
11,ACEH,11LSM,LHOKSEUMAWE,11221,KRUENGGEUKUEH,11,ACEH,1108,KAB. ACEH UTARA,110816,NISAM,1108162035,BLANG DALAM GEUNTENG,TIDAK,"5.157873685111651, 97.02366101162423"
11,ACEH,11LSM,LHOKSEUMAWE,11221,KRUENGGEUKUEH,11,ACEH,1108,KAB. ACEH UTARA,110816,NISAM,1108162036,BLANG DALAM TUNONG,TIDAK,"5.157272268720256, 97.03269257287222"
11,ACEH,11LSM,LHOKSEUMAWE,11221,KRUENGGEUKUEH,11,ACEH,1108,KAB. ACEH UTARA,110816,NISAM,1108162037,BLANG DALAM BAROH,TIDAK,"5.160089324666613, 97.03493447754084"
11,ACEH,11LSM,LHOKSEUMAWE,11221,KRUENGGEUKUEH,11,ACEH,1108,KAB. ACEH UTARA,110816,NISAM,1108162038,COT MEE,TIDAK,"5.163660688609595, 97.03706184682483"
11,ACEH,11LSM,LHOKSEUMAWE,11221,KRUENGGEUKUEH,11,ACEH,1108,KAB. ACEH UTARA,110816,NISAM,1108162039,COT EUNTUNG,TIDAK,"5.168862781461383, 97.04163075637548"
11,ACEH,11LSM,LHOKSEUMAWE,11221,KRUENGGEUKUEH,11,ACEH,1108,KAB. ACEH UTARA,110816,NISAM,1108162040,BLANG CROK,TIDAK,"5.176747047391813, 97.05067862608554"
11,ACEH,11LSM,LHOKSEUMAWE,11221,KRUENGGEUKUEH,11,ACEH,1108,KAB. ACEH UTARA,110816,NISAM,1108162041,MEUNASAH KRUENG,TIDAK,"5.187509512777211, 97.04826254707285"
11,ACEH,11LSM,LHOKSEUMAWE,11221,KRUENGGEUKUEH,11,ACEH,1108,KAB. ACEH UTARA,110816,NISAM,1108162042,BINJEE,TIDAK,"5.18543192414784, 97.03198157842951"
11,ACEH,11LSM,LHOKSEUMAWE,11221,KRUENGGEUKUEH,11,ACEH,1108,KAB. ACEH UTARA,110816,NISAM,1108162043,KEUTAPANG,TIDAK,"5.178395827062329, 97.03639498353641"
11,ACEH,11LSM,LHOKSEUMAWE,11221,KRUENGGEUKUEH,11,ACEH,1108,KAB. ACEH UTARA,110816,NISAM,1108162044,ULEE BLANG,TIDAK,"5.193768829730582, 97.03822609135251"
11,ACEH,11LSM,LHOKSEUMAWE,11221,KRUENGGEUKUEH,11,ACEH,1108,KAB. ACEH UTARA,110826,BANDA BARO,1108262001,PAYA DUA,TIDAK,"5.2175781535672145, 96.9844529001056"
11,ACEH,11LSM,LHOKSEUMAWE,11221,KRUENGGEUKUEH,11,ACEH,1108,KAB. ACEH UTARA,110826,BANDA BARO,1108262002,COT JABET,TIDAK,"5.204309780412661, 96.97644494222116"
11,ACEH,11LSM,LHOKSEUMAWE,11221,KRUENGGEUKUEH,11,ACEH,1108,KAB. ACEH UTARA,110826,BANDA BARO,1108262003,ULEE NYEUE,TIDAK,"5.202176542291124, 96.96980961487323"
11,ACEH,11LSM,LHOKSEUMAWE,11221,KRUENGGEUKUEH,11,ACEH,1108,KAB. ACEH UTARA,110826,BANDA BARO,1108262004,PAYA ULEUE,TIDAK,"5.200840315818478, 96.96526047493552"
11,ACEH,11LSM,LHOKSEUMAWE,11221,KRUENGGEUKUEH,11,ACEH,1108,KAB. ACEH UTARA,110826,BANDA BARO,1108262005,JAMUAN,TIDAK,"5.1668521365931355, 96.95390218240759"
11,ACEH,11LSM,LHOKSEUMAWE,11221,KRUENGGEUKUEH,11,ACEH,1108,KAB. ACEH UTARA,110826,BANDA BARO,1108262006,ALUE KEURINYAI,TIDAK,"5.188988655045072, 96.96189496773908"
11,ACEH,11LSM,LHOKSEUMAWE,11221,KRUENGGEUKUEH,11,ACEH,1108,KAB. ACEH UTARA,110826,BANDA BARO,1108262007,SANGKELAN,TIDAK,"5.202169717614682, 96.98389959273294"
11,ACEH,11LSM,LHOKSEUMAWE,11221,KRUENGGEUKUEH,11,ACEH,1108,KAB. ACEH UTARA,110826,BANDA BARO,1108262008,BLANG PALA,TIDAK,"5.199947403055743, 96.99129563462533"
11,ACEH,11LSM,LHOKSEUMAWE,11221,KRUENGGEUKUEH,11,ACEH,1108,KAB. ACEH UTARA,110826,BANDA BARO,1108262009,PAYA BEUNYET,TIDAK,"5.21205204984002, 96.99794171892269"
11,ACEH,11LSM,LHOKSEUMAWE,11221,KRUENGGEUKUEH,11,ACEH,1108,KAB. ACEH UTARA,110827,NISAM ANTARA,1108272001,ALUE DUA,TIDAK,"5.081232890874029, 96.96739918513934"
11,ACEH,11LSM,LHOKSEUMAWE,11221,KRUENGGEUKUEH,11,ACEH,1108,KAB. ACEH UTARA,110827,NISAM ANTARA,1108272002,SEUMIRAH,TIDAK,"5.1063672326735015, 96.95350387161272"
11,ACEH,11LSM,LHOKSEUMAWE,11221,KRUENGGEUKUEH,11,ACEH,1108,KAB. ACEH UTARA,110827,NISAM ANTARA,1108272003,DARUSSALAM,TIDAK,"5.122086228490504, 96.99010688098578"
11,ACEH,11LSM,LHOKSEUMAWE,11221,KRUENGGEUKUEH,11,ACEH,1108,KAB. ACEH UTARA,110827,NISAM ANTARA,1108272004,ALUE PAPEUN,TIDAK,"5.0610001724340785, 96.9820431223173"
11,ACEH,11LSM,LHOKSEUMAWE,11221,KRUENGGEUKUEH,11,ACEH,1108,KAB. ACEH UTARA,110827,NISAM ANTARA,1108272005,BLANG JRAT,TIDAK,"5.092962603335151, 96.99796696887897"
11,ACEH,11LSM,LHOKSEUMAWE,11221,KRUENGGEUKUEH,11,ACEH,1108,KAB. ACEH UTARA,110827,NISAM ANTARA,1108272006,BLANG POHROH,TIDAK,"5.163753462525157, 97.12052430625324"
11,ACEH,11LSM,LHOKSEUMAWE,11221,KRUENGGEUKUEH,11,ACEH,1173,KOTA LHOKSEUMAWE,117304,MUARA SATU,1173042001,BATUPHAT BARAT,TIDAK,"5.212798432209368, 97.04747540076676"
11,ACEH,11LSM,LHOKSEUMAWE,11221,KRUENGGEUKUEH,11,ACEH,1173,KOTA LHOKSEUMAWE,117304,MUARA SATU,1173042005,BLANG PULO,TIDAK,"5.204707281661277, 97.066502512086"
11,ACEH,11LSM,LHOKSEUMAWE,11221,KRUENGGEUKUEH,11,ACEH,1173,KOTA LHOKSEUMAWE,117304,MUARA SATU,1173042006,BATUPHAT TIMUR,TIDAK,"5.220176997503347, 97.05355432591354"
11,ACEH,11LSM,LHOKSEUMAWE,11221,KRUENGGEUKUEH,11,ACEH,1173,KOTA LHOKSEUMAWE,117304,MUARA SATU,1173042007,BLANG NALEUNG MAMEH,TIDAK,"5.231359914163637, 97.04404695617278"
11,ACEH,11LSM,LHOKSEUMAWE,11221,KRUENGGEUKUEH,11,ACEH,1173,KOTA LHOKSEUMAWE,117304,MUARA SATU,1173042011,UJONG PACU,TIDAK,"5.202180332054986, 97.03766082054152"
11,ACEH,11LSM,LHOKSEUMAWE,11222,GEUDONG,11,ACEH,1108,KAB. ACEH UTARA,110807,MEURAH MULIA,1108072001,DAYAH BLUEK,TIDAK,"5.101523717268048, 97.20111332542706"
11,ACEH,11LSM,LHOKSEUMAWE,11222,GEUDONG,11,ACEH,1108,KAB. ACEH UTARA,110807,MEURAH MULIA,1108072002,MESJID BLUEK,TIDAK,"5.103085521070158, 97.20728628588522"
11,ACEH,11LSM,LHOKSEUMAWE,11222,GEUDONG,11,ACEH,1108,KAB. ACEH UTARA,110807,MEURAH MULIA,1108072003,MEURIA BLUEK,TIDAK,"5.100792368422735, 97.20578643782058"
11,ACEH,11LSM,LHOKSEUMAWE,11222,GEUDONG,11,ACEH,1108,KAB. ACEH UTARA,110807,MEURAH MULIA,1108072004,RHENG BLUEK,TIDAK,"5.107748962552905, 97.20478454712162"
11,ACEH,11LSM,LHOKSEUMAWE,11222,GEUDONG,11,ACEH,1108,KAB. ACEH UTARA,110807,MEURAH MULIA,1108072005,PULO BLUEK,TIDAK,"5.100235901907399, 97.19786033542424"
11,ACEH,11LSM,LHOKSEUMAWE,11222,GEUDONG,11,ACEH,1108,KAB. ACEH UTARA,110807,MEURAH MULIA,1108072006,RANGKILEH,TIDAK,"5.091679148711044, 97.20154156066624"
11,ACEH,11LSM,LHOKSEUMAWE,11222,GEUDONG,11,ACEH,1108,KAB. ACEH UTARA,110807,MEURAH MULIA,1108072007,RAYEUK MATANG,TIDAK,"5.094953685464665, 97.20899709268353"
11,ACEH,11LSM,LHOKSEUMAWE,11222,GEUDONG,11,ACEH,1108,KAB. ACEH UTARA,110807,MEURAH MULIA,1108072008,ULEE MEURIA,TIDAK,"5.0929657323054345, 97.21689096072615"
11,ACEH,11LSM,LHOKSEUMAWE,11222,GEUDONG,11,ACEH,1108,KAB. ACEH UTARA,110807,MEURAH MULIA,1108072009,TANJONG,TIDAK,
11,ACEH,11LSM,LHOKSEUMAWE,11222,GEUDONG,11,ACEH,1108,KAB. ACEH UTARA,110807,MEURAH MULIA,1108072010,KEUDE KARIENG,TIDAK,"5.094559003511346, 97.20648678397176"
11,ACEH,11LSM,LHOKSEUMAWE,11222,GEUDONG,11,ACEH,1108,KAB. ACEH UTARA,110807,MEURAH MULIA,1108072011,MANYANG,TIDAK,"5.088020397594548, 97.21880324616387"
11,ACEH,11LSM,LHOKSEUMAWE,11222,GEUDONG,11,ACEH,1108,KAB. ACEH UTARA,110807,MEURAH MULIA,1108072012,ULEE CEUBREK,TIDAK,"5.098701518292827, 97.21163095053683"
11,ACEH,11LSM,LHOKSEUMAWE,11222,GEUDONG,11,ACEH,1108,KAB. ACEH UTARA,110807,MEURAH MULIA,1108072013,TEUMPOK TEUNGKU,TIDAK,"5.08691781890782, 97.2054516313622"
11,ACEH,11LSM,LHOKSEUMAWE,11222,GEUDONG,11,ACEH,1108,KAB. ACEH UTARA,110807,MEURAH MULIA,1108072014,GEULUMPANG,TIDAK,"5.0871331600188725, 97.21266083883006"
11,ACEH,11LSM,LHOKSEUMAWE,11222,GEUDONG,11,ACEH,1108,KAB. ACEH UTARA,110807,MEURAH MULIA,1108072015,REUDEUP,TIDAK,"5.098130891359163, 97.20297045196868"
11,ACEH,11LSM,LHOKSEUMAWE,11222,GEUDONG,11,ACEH,1108,KAB. ACEH UTARA,110807,MEURAH MULIA,1108072016,BARAT PAYA ITEK,TIDAK,"5.084231598469938, 97.19847824391103"
11,ACEH,11LSM,LHOKSEUMAWE,11222,GEUDONG,11,ACEH,1108,KAB. ACEH UTARA,110807,MEURAH MULIA,1108072017,PAYA KAMBUK,TIDAK,"5.068275154188674, 97.20039082634051"
11,ACEH,11LSM,LHOKSEUMAWE,11222,GEUDONG,11,ACEH,1108,KAB. ACEH UTARA,110807,MEURAH MULIA,1108072018,PAYA BILI,TIDAK,"5.066217563346047, 97.20907423596037"
11,ACEH,11LSM,LHOKSEUMAWE,11222,GEUDONG,11,ACEH,1108,KAB. ACEH UTARA,110807,MEURAH MULIA,1108072019,MEUNASAH MEE,TIDAK,"5.0730204513798265, 97.20915552088981"
11,ACEH,11LSM,LHOKSEUMAWE,11222,GEUDONG,11,ACEH,1108,KAB. ACEH UTARA,110807,MEURAH MULIA,1108072020,MEUNASAH NGA,TIDAK,"5.069698863922101, 97.20977787293465"
11,ACEH,11LSM,LHOKSEUMAWE,11222,GEUDONG,11,ACEH,1108,KAB. ACEH UTARA,110807,MEURAH MULIA,1108072021,UBIT PAYA ITEK,TIDAK,"5.0762105207095765, 97.20224151237466"
11,ACEH,11LSM,LHOKSEUMAWE,11222,GEUDONG,11,ACEH,1108,KAB. ACEH UTARA,110807,MEURAH MULIA,1108072022,RAYEUK PAYA ITEK,TIDAK,"5.087336161689529, 97.20310721296589"
11,ACEH,11LSM,LHOKSEUMAWE,11222,GEUDONG,11,ACEH,1108,KAB. ACEH UTARA,110807,MEURAH MULIA,1108072023,BLANG CUT,TIDAK,"5.083614845408524, 97.2082023083284"
11,ACEH,11LSM,LHOKSEUMAWE,11222,GEUDONG,11,ACEH,1108,KAB. ACEH UTARA,110807,MEURAH MULIA,1108072024,KEEH,TIDAK,"5.082531712034387, 97.22093589123416"
11,ACEH,11LSM,LHOKSEUMAWE,11222,GEUDONG,11,ACEH,1108,KAB. ACEH UTARA,110807,MEURAH MULIA,1108072025,KUMBANG,TIDAK,"5.124993874432668, 97.07380436140953"
11,ACEH,11LSM,LHOKSEUMAWE,11222,GEUDONG,11,ACEH,1108,KAB. ACEH UTARA,110807,MEURAH MULIA,1108072026,PRI KEUTAPANG,TIDAK,"5.078906448209391, 97.20994068306678"
11,ACEH,11LSM,LHOKSEUMAWE,11222,GEUDONG,11,ACEH,1108,KAB. ACEH UTARA,110807,MEURAH MULIA,1108072027,MESJID,TIDAK,
11,ACEH,11LSM,LHOKSEUMAWE,11222,GEUDONG,11,ACEH,1108,KAB. ACEH UTARA,110807,MEURAH MULIA,1108072028,TEUNGOH REUBA,TIDAK,"5.06699199460301, 97.21987749635228"
11,ACEH,11LSM,LHOKSEUMAWE,11222,GEUDONG,11,ACEH,1108,KAB. ACEH UTARA,110807,MEURAH MULIA,1108072029,BLANG REUMA,TIDAK,"5.032249379784212, 97.21124058204586"
11,ACEH,11LSM,LHOKSEUMAWE,11222,GEUDONG,11,ACEH,1108,KAB. ACEH UTARA,110807,MEURAH MULIA,1108072030,DRIEN PUNTONG,TIDAK,"5.060985378190475, 97.2180223421416"
11,ACEH,11LSM,LHOKSEUMAWE,11222,GEUDONG,11,ACEH,1108,KAB. ACEH UTARA,110807,MEURAH MULIA,1108072031,PULO KITOU,TIDAK,"5.060220920134528, 97.22303270352435"
11,ACEH,11LSM,LHOKSEUMAWE,11222,GEUDONG,11,ACEH,1108,KAB. ACEH UTARA,110807,MEURAH MULIA,1108072032,CEUBREK,TIDAK,"5.055376174749511, 97.21735774543727"
11,ACEH,11LSM,LHOKSEUMAWE,11222,GEUDONG,11,ACEH,1108,KAB. ACEH UTARA,110807,MEURAH MULIA,1108072033,MEUNYE PEUT,TIDAK,"5.047293600723245, 97.21223227015538"
11,ACEH,11LSM,LHOKSEUMAWE,11222,GEUDONG,11,ACEH,1108,KAB. ACEH UTARA,110807,MEURAH MULIA,1108072034,BEURINGEN,TIDAK,"5.034271519777707, 97.32061527100898"
11,ACEH,11LSM,LHOKSEUMAWE,11222,GEUDONG,11,ACEH,1108,KAB. ACEH UTARA,110807,MEURAH MULIA,1108072035,NIBONG,TIDAK,"5.059464396663509, 97.20107081543156"
11,ACEH,11LSM,LHOKSEUMAWE,11222,GEUDONG,11,ACEH,1108,KAB. ACEH UTARA,110807,MEURAH MULIA,1108072036,TUALANG,TIDAK,"5.020788190345478, 97.17802127573364"
11,ACEH,11LSM,LHOKSEUMAWE,11222,GEUDONG,11,ACEH,1108,KAB. ACEH UTARA,110807,MEURAH MULIA,1108072037,PULO DRIEN BEUKAH,TIDAK,"5.059702633771226, 97.19589589071514"
11,ACEH,11LSM,LHOKSEUMAWE,11222,GEUDONG,11,ACEH,1108,KAB. ACEH UTARA,110807,MEURAH MULIA,1108072038,TEUNGOH KUTA BATEE,TIDAK,"5.048862486124993, 97.19743699442505"
11,ACEH,11LSM,LHOKSEUMAWE,11222,GEUDONG,11,ACEH,1108,KAB. ACEH UTARA,110807,MEURAH MULIA,1108072039,UJUNG KUTA BATEE,TIDAK,"5.044315132154356, 97.19671858672416"
11,ACEH,11LSM,LHOKSEUMAWE,11222,GEUDONG,11,ACEH,1108,KAB. ACEH UTARA,110807,MEURAH MULIA,1108072040,PULO BLANG,TIDAK,"5.028355838652477, 97.18969582198436"
11,ACEH,11LSM,LHOKSEUMAWE,11222,GEUDONG,11,ACEH,1108,KAB. ACEH UTARA,110807,MEURAH MULIA,1108072041,LEUBOK TUWE,TIDAK,"5.027691781661258, 97.19557610075832"
11,ACEH,11LSM,LHOKSEUMAWE,11222,GEUDONG,11,ACEH,1108,KAB. ACEH UTARA,110807,MEURAH MULIA,1108072042,BAROH KUTA BATEE,TIDAK,"5.053369272188121, 97.20039523431547"
11,ACEH,11LSM,LHOKSEUMAWE,11222,GEUDONG,11,ACEH,1108,KAB. ACEH UTARA,110807,MEURAH MULIA,1108072043,GAMPONG TEUNGOH,TIDAK,"5.059034519807669, 97.20924941423127"
11,ACEH,11LSM,LHOKSEUMAWE,11222,GEUDONG,11,ACEH,1108,KAB. ACEH UTARA,110807,MEURAH MULIA,1108072044,RANTO,TIDAK,"5.03998311618317, 97.21844481934463"
11,ACEH,11LSM,LHOKSEUMAWE,11222,GEUDONG,11,ACEH,1108,KAB. ACEH UTARA,110807,MEURAH MULIA,1108072045,MEUNYE PAYONG,TIDAK,"5.040640868898841, 97.20652108790752"
11,ACEH,11LSM,LHOKSEUMAWE,11222,GEUDONG,11,ACEH,1108,KAB. ACEH UTARA,110807,MEURAH MULIA,1108072046,UJONG REUBA,TIDAK,"5.072240647103765, 97.22139723181868"
11,ACEH,11LSM,LHOKSEUMAWE,11222,GEUDONG,11,ACEH,1108,KAB. ACEH UTARA,110807,MEURAH MULIA,1108072047,PAYA SUTRA,TIDAK,"5.019025313000797, 97.16940797242283"
11,ACEH,11LSM,LHOKSEUMAWE,11222,GEUDONG,11,ACEH,1108,KAB. ACEH UTARA,110807,MEURAH MULIA,1108072048,BAREE BLANG,TIDAK,"5.015998683324396, 97.16026281125252"
11,ACEH,11LSM,LHOKSEUMAWE,11222,GEUDONG,11,ACEH,1108,KAB. ACEH UTARA,110807,MEURAH MULIA,1108072049,KEUDE JUNGKA GAJAH,TIDAK,"5.058460094433196, 97.20457240769713"
11,ACEH,11LSM,LHOKSEUMAWE,11222,GEUDONG,11,ACEH,1108,KAB. ACEH UTARA,110807,MEURAH MULIA,1108072050,SARAMABA,TIDAK,"5.0295619799773945, 97.20550859004562"
11,ACEH,11LSM,LHOKSEUMAWE,11223,LHOKSUKON,11,ACEH,1108,KAB. ACEH UTARA,110804,LHOKSUKON,1108042001,KUTA LHOKSUKON,TIDAK,"5.040090146194493, 97.32250412886373"
11,ACEH,11LSM,LHOKSEUMAWE,11223,LHOKSUKON,11,ACEH,1108,KAB. ACEH UTARA,110804,LHOKSUKON,1108042002,COT U SIBAK,TIDAK,"5.074405834213187, 97.3653670646489"
11,ACEH,11LSM,LHOKSEUMAWE,11223,LHOKSUKON,11,ACEH,1108,KAB. ACEH UTARA,110804,LHOKSUKON,1108042003,BINTANG HU,TIDAK,"5.087834909009245, 97.35092051840408"
11,ACEH,11LSM,LHOKSEUMAWE,11223,LHOKSUKON,11,ACEH,1108,KAB. ACEH UTARA,110804,LHOKSUKON,1108042004,BLANG AMAN,TIDAK,"5.053524184114226, 97.38884566536913"
11,ACEH,11LSM,LHOKSEUMAWE,11223,LHOKSUKON,11,ACEH,1108,KAB. ACEH UTARA,110804,LHOKSUKON,1108042005,COT ARA,TIDAK,"5.091814841052088, 97.33727791381021"
11,ACEH,11LSM,LHOKSEUMAWE,11223,LHOKSUKON,11,ACEH,1108,KAB. ACEH UTARA,110804,LHOKSUKON,1108042006,BLANG RUBEK,TIDAK,"5.026583526421689, 97.3798921335016"
11,ACEH,11LSM,LHOKSEUMAWE,11223,LHOKSUKON,11,ACEH,1108,KAB. ACEH UTARA,110804,LHOKSUKON,1108042007,NGA MATANG UBI,TIDAK,"5.075245789621901, 97.34421238456017"
11,ACEH,11LSM,LHOKSEUMAWE,11223,LHOKSUKON,11,ACEH,1108,KAB. ACEH UTARA,110804,LHOKSUKON,1108042008,MEUNASAH REUDEUP,TIDAK,"5.061906091605161, 97.34236732719609"
11,ACEH,11LSM,LHOKSEUMAWE,11223,LHOKSUKON,11,ACEH,1108,KAB. ACEH UTARA,110804,LHOKSUKON,1108042009,ALUE BUKET,TIDAK,"5.050953422636005, 97.34183390460618"
11,ACEH,11LSM,LHOKSEUMAWE,11223,LHOKSUKON,11,ACEH,1108,KAB. ACEH UTARA,110804,LHOKSUKON,1108042010,MEUNYE MATANG UBI,TIDAK,"5.0410403001646396, 97.33931928851686"
11,ACEH,11LSM,LHOKSEUMAWE,11223,LHOKSUKON,11,ACEH,1108,KAB. ACEH UTARA,110804,LHOKSUKON,1108042011,TRIENG MATANG UBI,TIDAK,"5.043161583106354, 97.33090577389036"
11,ACEH,11LSM,LHOKSEUMAWE,11223,LHOKSUKON,11,ACEH,1108,KAB. ACEH UTARA,110804,LHOKSUKON,1108042012,CEUBREK,TIDAK,"5.042387843610314, 97.3262755176243"
11,ACEH,11LSM,LHOKSEUMAWE,11223,LHOKSUKON,11,ACEH,1108,KAB. ACEH UTARA,110804,LHOKSUKON,1108042013,MEUNASAH BLANG,TIDAK,"5.03265169959443, 97.33894243975216"
11,ACEH,11LSM,LHOKSEUMAWE,11223,LHOKSUKON,11,ACEH,1108,KAB. ACEH UTARA,110804,LHOKSUKON,1108042014,BUKET SEUNTANG,TIDAK,"5.044725972616597, 97.37297439233848"
11,ACEH,11LSM,LHOKSEUMAWE,11223,LHOKSUKON,11,ACEH,1108,KAB. ACEH UTARA,110804,LHOKSUKON,1108042015,MEUNASAH ARONGAN AB,TIDAK,"5.10601786330418, 97.30710165202099"
11,ACEH,11LSM,LHOKSEUMAWE,11223,LHOKSUKON,11,ACEH,1108,KAB. ACEH UTARA,110804,LHOKSUKON,1108042016,TRIENG PANTANG,TIDAK,"5.101975590120089, 97.29803861744067"
11,ACEH,11LSM,LHOKSEUMAWE,11223,LHOKSUKON,11,ACEH,1108,KAB. ACEH UTARA,110804,LHOKSUKON,1108042017,MEUNASAH LEUBOK AB,TIDAK,"5.086848285698381, 97.30573084060238"
11,ACEH,11LSM,LHOKSEUMAWE,11223,LHOKSUKON,11,ACEH,1108,KAB. ACEH UTARA,110804,LHOKSUKON,1108042018,COT GLUMPANG AB,TIDAK,"5.092270486668104, 97.31075719925364"
11,ACEH,11LSM,LHOKSEUMAWE,11223,LHOKSUKON,11,ACEH,1108,KAB. ACEH UTARA,110804,LHOKSUKON,1108042019,ABEUK LEUPON,TIDAK,"5.083139772798642, 97.31434809416477"
11,ACEH,11LSM,LHOKSEUMAWE,11223,LHOKSUKON,11,ACEH,1108,KAB. ACEH UTARA,110804,LHOKSUKON,1108042020,ARA AB,TIDAK,"5.072445754114555, 97.31758051858145"
11,ACEH,11LSM,LHOKSEUMAWE,11223,LHOKSUKON,11,ACEH,1108,KAB. ACEH UTARA,110804,LHOKSUKON,1108042021,MANCANG,TIDAK,"5.077167791552426, 97.31246598214615"
11,ACEH,11LSM,LHOKSEUMAWE,11223,LHOKSUKON,11,ACEH,1108,KAB. ACEH UTARA,110804,LHOKSUKON,1108042022,MATANG PUPANJI AB,TIDAK,"5.065965569371921, 97.32668183139161"
11,ACEH,11LSM,LHOKSEUMAWE,11223,LHOKSUKON,11,ACEH,1108,KAB. ACEH UTARA,110804,LHOKSUKON,1108042023,MEUNASAH ASAN AB,TIDAK,"5.0524976900553495, 97.32006946992158"
11,ACEH,11LSM,LHOKSEUMAWE,11223,LHOKSUKON,11,ACEH,1108,KAB. ACEH UTARA,110804,LHOKSUKON,1108042024,MATANG TEUNGOH AB,TIDAK,"5.05502961022555, 97.32840889203914"
11,ACEH,11LSM,LHOKSEUMAWE,11223,LHOKSUKON,11,ACEH,1108,KAB. ACEH UTARA,110804,LHOKSUKON,1108042025,PANTE,TIDAK,"5.06845535337806, 97.2722950626068"
11,ACEH,11LSM,LHOKSEUMAWE,11223,LHOKSUKON,11,ACEH,1108,KAB. ACEH UTARA,110804,LHOKSUKON,1108042026,RAMBOT,TIDAK,"5.062161253600381, 97.3174308280458"
11,ACEH,11LSM,LHOKSEUMAWE,11223,LHOKSUKON,11,ACEH,1108,KAB. ACEH UTARA,110804,LHOKSUKON,1108042027,MEUNASAH ALUE DRIEN LB,TIDAK,"5.078313359901541, 97.30289848518413"
11,ACEH,11LSM,LHOKSEUMAWE,11223,LHOKSUKON,11,ACEH,1108,KAB. ACEH UTARA,110804,LHOKSUKON,1108042028,ALUE MUDEM,TIDAK,"5.071093718000448, 97.3072182256291"
11,ACEH,11LSM,LHOKSEUMAWE,11223,LHOKSUKON,11,ACEH,1108,KAB. ACEH UTARA,110804,LHOKSUKON,1108042029,MEUNASAH GEULINGGANG,TIDAK,"5.045881843336632, 97.31123562981979"
11,ACEH,11LSM,LHOKSEUMAWE,11223,LHOKSUKON,11,ACEH,1108,KAB. ACEH UTARA,110804,LHOKSUKON,1108042030,MEUNASAH ASAN LB,TIDAK,"5.0520269471515125, 97.31964894380897"
11,ACEH,11LSM,LHOKSEUMAWE,11223,LHOKSUKON,11,ACEH,1108,KAB. ACEH UTARA,110804,LHOKSUKON,1108042031,BERINGIN LB,TIDAK,"5.034805964227158, 97.32077299782746"
11,ACEH,11LSM,LHOKSEUMAWE,11223,LHOKSUKON,11,ACEH,1108,KAB. ACEH UTARA,110804,LHOKSUKON,1108042032,MEUNASAH TEUNGOH LB,TIDAK,"5.04273664062863, 97.30806277028276"
11,ACEH,11LSM,LHOKSEUMAWE,11223,LHOKSUKON,11,ACEH,1108,KAB. ACEH UTARA,110804,LHOKSUKON,1108042033,MEUNASAH RAYEUK LB,TIDAK,"5.026073593457279, 97.31678993274524"
11,ACEH,11LSM,LHOKSEUMAWE,11223,LHOKSUKON,11,ACEH,1108,KAB. ACEH UTARA,110804,LHOKSUKON,1108042034,MEUNASAH ULEE BARAT,TIDAK,"5.041511176854412, 97.303950897853"
11,ACEH,11LSM,LHOKSEUMAWE,11223,LHOKSUKON,11,ACEH,1108,KAB. ACEH UTARA,110804,LHOKSUKON,1108042035,MEUNASAH RANTO,TIDAK,"5.062183588586729, 97.31279651437671"
11,ACEH,11LSM,LHOKSEUMAWE,11223,LHOKSUKON,11,ACEH,1108,KAB. ACEH UTARA,110804,LHOKSUKON,1108042036,MEUNASAH TUTONG,TIDAK,"5.055991435970822, 97.31121064450834"
11,ACEH,11LSM,LHOKSEUMAWE,11223,LHOKSUKON,11,ACEH,1108,KAB. ACEH UTARA,110804,LHOKSUKON,1108042037,MEUNASAH NGA LB,TIDAK,"5.03521722970229, 97.31348522060951"
11,ACEH,11LSM,LHOKSEUMAWE,11223,LHOKSUKON,11,ACEH,1108,KAB. ACEH UTARA,110804,LHOKSUKON,1108042038,KEUTAPANG,TIDAK,"5.071801874698005, 97.30169708485656"
11,ACEH,11LSM,LHOKSEUMAWE,11223,LHOKSUKON,11,ACEH,1108,KAB. ACEH UTARA,110804,LHOKSUKON,1108042039,MATANG MUNJEE,TIDAK,"5.037256999082968, 97.3043149557246"
11,ACEH,11LSM,LHOKSEUMAWE,11223,LHOKSUKON,11,ACEH,1108,KAB. ACEH UTARA,110804,LHOKSUKON,1108042040,PULO DULANG,TIDAK,"5.061638981689275, 97.30819613920374"
11,ACEH,11LSM,LHOKSEUMAWE,11223,LHOKSUKON,11,ACEH,1108,KAB. ACEH UTARA,110804,LHOKSUKON,1108042041,DAYAH LB,TIDAK,"5.043940047191377, 97.31710795300286"
11,ACEH,11LSM,LHOKSEUMAWE,11223,LHOKSUKON,11,ACEH,1108,KAB. ACEH UTARA,110804,LHOKSUKON,1108042042,MEUNASAH GEUMATA,TIDAK,"5.051209272116733, 97.31407161023508"
11,ACEH,11LSM,LHOKSEUMAWE,11223,LHOKSUKON,11,ACEH,1108,KAB. ACEH UTARA,110804,LHOKSUKON,1108042043,MEUNASAH MEUREUBO,TIDAK,"5.004377151633465, 97.34022272591443"
11,ACEH,11LSM,LHOKSEUMAWE,11223,LHOKSUKON,11,ACEH,1108,KAB. ACEH UTARA,110804,LHOKSUKON,1108042044,MEUNASAH DAYAH LT,TIDAK,"4.996653468271021, 97.33250870247652"
11,ACEH,11LSM,LHOKSEUMAWE,11223,LHOKSUKON,11,ACEH,1108,KAB. ACEH UTARA,110804,LHOKSUKON,1108042045,ARONGAN LT,TIDAK,"4.999076827326257, 97.36019384127538"
11,ACEH,11LSM,LHOKSEUMAWE,11223,LHOKSUKON,11,ACEH,1108,KAB. ACEH UTARA,110804,LHOKSUKON,1108042046,MEUNASAH TUHA,TIDAK,"5.004578457728056, 97.32251642716632"
11,ACEH,11LSM,LHOKSEUMAWE,11223,LHOKSUKON,11,ACEH,1108,KAB. ACEH UTARA,110804,LHOKSUKON,1108042047,MEUNASAH KRUENG LT,TIDAK,"5.006406863674885, 97.33112481436709"
11,ACEH,11LSM,LHOKSEUMAWE,11223,LHOKSUKON,11,ACEH,1108,KAB. ACEH UTARA,110804,LHOKSUKON,1108042048,BABAH GEUDEUBANG,TIDAK,"5.009363350404209, 97.33518541711624"
11,ACEH,11LSM,LHOKSEUMAWE,11223,LHOKSUKON,11,ACEH,1108,KAB. ACEH UTARA,110804,LHOKSUKON,1108042049,GRONG-GRONG,TIDAK,"4.984910323273762, 97.35717319277725"
11,ACEH,11LSM,LHOKSEUMAWE,11223,LHOKSUKON,11,ACEH,1108,KAB. ACEH UTARA,110804,LHOKSUKON,1108042050,ALUE ITAM REUDEUP,TIDAK,"4.992571568352293, 97.35136996752564"
11,ACEH,11LSM,LHOKSEUMAWE,11223,LHOKSUKON,11,ACEH,1108,KAB. ACEH UTARA,110804,LHOKSUKON,1108042051,TEUPIN KEUBEU,TIDAK,"4.992842321278411, 97.37008195480105"
11,ACEH,11LSM,LHOKSEUMAWE,11223,LHOKSUKON,11,ACEH,1108,KAB. ACEH UTARA,110804,LHOKSUKON,1108042052,MEUNASAH NGA LT,TIDAK,"5.016546218112046, 97.33053324967925"
11,ACEH,11LSM,LHOKSEUMAWE,11223,LHOKSUKON,11,ACEH,1108,KAB. ACEH UTARA,110804,LHOKSUKON,1108042053,MEUNASAH MEURIA,TIDAK,"4.997216289576836, 97.34210966272698"
11,ACEH,11LSM,LHOKSEUMAWE,11223,LHOKSUKON,11,ACEH,1108,KAB. ACEH UTARA,110804,LHOKSUKON,1108042054,KUMBANG LT,TIDAK,"4.9907888926062665, 97.33395184842806"
11,ACEH,11LSM,LHOKSEUMAWE,11223,LHOKSUKON,11,ACEH,1108,KAB. ACEH UTARA,110804,LHOKSUKON,1108042055,SENEUBOK DALAM,TIDAK,"5.004984923750996, 97.38193432078177"
11,ACEH,11LSM,LHOKSEUMAWE,11223,LHOKSUKON,11,ACEH,1108,KAB. ACEH UTARA,110804,LHOKSUKON,1108042056,ALEU EUMPOK,TIDAK,"4.985932616980845, 97.34508455550586"
11,ACEH,11LSM,LHOKSEUMAWE,11223,LHOKSUKON,11,ACEH,1108,KAB. ACEH UTARA,110804,LHOKSUKON,1108042057,MEUNASAH JOK,TIDAK,"5.023592585964172, 97.32864217871364"
11,ACEH,11LSM,LHOKSEUMAWE,11223,LHOKSUKON,11,ACEH,1108,KAB. ACEH UTARA,110804,LHOKSUKON,1108042058,MANYANG,TIDAK,"5.0299068718345685, 97.32399733442855"
11,ACEH,11LSM,LHOKSEUMAWE,11223,LHOKSUKON,11,ACEH,1108,KAB. ACEH UTARA,110804,LHOKSUKON,1108042059,LHOK KAREUNG,TIDAK,"4.978515127863872, 97.37026495802337"
11,ACEH,11LSM,LHOKSEUMAWE,11223,LHOKSUKON,11,ACEH,1108,KAB. ACEH UTARA,110804,LHOKSUKON,1108042060,COT ASAN,TIDAK,"4.974140404731682, 97.3779413913339"
11,ACEH,11LSM,LHOKSEUMAWE,11223,LHOKSUKON,11,ACEH,1108,KAB. ACEH UTARA,110804,LHOKSUKON,1108042061,ALUE ABEE,TIDAK,"4.982516871006904, 97.36205380237838"
11,ACEH,11LSM,LHOKSEUMAWE,11223,LHOKSUKON,11,ACEH,1108,KAB. ACEH UTARA,110804,LHOKSUKON,1108042062,BULOH LT,TIDAK,"4.96933449310883, 97.34328335520533"
11,ACEH,11LSM,LHOKSEUMAWE,11223,LHOKSUKON,11,ACEH,1108,KAB. ACEH UTARA,110804,LHOKSUKON,1108042063,GEULUMPANG,TIDAK,"4.962171247139092, 97.3506170426154"
11,ACEH,11LSM,LHOKSEUMAWE,11223,LHOKSUKON,11,ACEH,1108,KAB. ACEH UTARA,110804,LHOKSUKON,1108042064,MEUNASAH  MATANG TEUNGOH LT,TIDAK,"4.976905555668675, 97.34070634755498"
11,ACEH,11LSM,LHOKSEUMAWE,11223,LHOKSUKON,11,ACEH,1108,KAB. ACEH UTARA,110804,LHOKSUKON,1108042065,MATA U,TIDAK,"5.01317411189442, 97.37472141056261"
11,ACEH,11LSM,LHOKSEUMAWE,11223,LHOKSUKON,11,ACEH,1108,KAB. ACEH UTARA,110804,LHOKSUKON,1108042066,MEUCAT,TIDAK,"5.025807870604598, 97.32094004121286"
11,ACEH,11LSM,LHOKSEUMAWE,11223,LHOKSUKON,11,ACEH,1108,KAB. ACEH UTARA,110804,LHOKSUKON,1108042067,BUKET MEE LT,TIDAK,"4.990329597136418, 97.3466249430264"
11,ACEH,11LSM,LHOKSEUMAWE,11223,LHOKSUKON,11,ACEH,1108,KAB. ACEH UTARA,110804,LHOKSUKON,1108042068,ULEE TANOH,TIDAK,"5.020780929197777, 97.34163933533598"
11,ACEH,11LSM,LHOKSEUMAWE,11223,LHOKSUKON,11,ACEH,1108,KAB. ACEH UTARA,110804,LHOKSUKON,1108042069,BUKET KREUNG,TIDAK,"4.986123197945035, 97.35276146107668"
11,ACEH,11LSM,LHOKSEUMAWE,11223,LHOKSUKON,11,ACEH,1108,KAB. ACEH UTARA,110804,LHOKSUKON,1108042070,ULEE GUNONG,TIDAK,"5.011971682695237, 97.36160116489398"
11,ACEH,11LSM,LHOKSEUMAWE,11223,LHOKSUKON,11,ACEH,1108,KAB. ACEH UTARA,110804,LHOKSUKON,1108042071,LHOK SEUNTANG,TIDAK,"5.022088689932428, 97.36282046007436"
11,ACEH,11LSM,LHOKSEUMAWE,11223,LHOKSUKON,11,ACEH,1108,KAB. ACEH UTARA,110804,LHOKSUKON,1108042072,ALUE ITAM BAROH,TIDAK,"4.992911519951168, 97.35170352343563"
11,ACEH,11LSM,LHOKSEUMAWE,11223,LHOKSUKON,11,ACEH,1108,KAB. ACEH UTARA,110804,LHOKSUKON,1108042073,MATA IE,TIDAK,"5.016533592078128, 97.37199377957444"
11,ACEH,11LSM,LHOKSEUMAWE,11223,LHOKSUKON,11,ACEH,1108,KAB. ACEH UTARA,110804,LHOKSUKON,1108042074,RAWA,TIDAK,"5.014302768795415, 97.32150629771242"
11,ACEH,11LSM,LHOKSEUMAWE,11223,LHOKSUKON,11,ACEH,1108,KAB. ACEH UTARA,110804,LHOKSUKON,1108042075,BUKET HAGU,TIDAK,"4.986473523367797, 97.41546614837044"
11,ACEH,11LSM,LHOKSEUMAWE,11223,LHOKSUKON,11,ACEH,1108,KAB. ACEH UTARA,110805,MATANGKULI,1108052001,KEUDE MATANGKULI,TIDAK,"5.036123068756486, 97.27777505309331"
11,ACEH,11LSM,LHOKSEUMAWE,11223,LHOKSUKON,11,ACEH,1108,KAB. ACEH UTARA,110805,MATANGKULI,1108052002,UDE,TIDAK,"5.038431669376061, 97.27979238857185"
11,ACEH,11LSM,LHOKSEUMAWE,11223,LHOKSUKON,11,ACEH,1108,KAB. ACEH UTARA,110805,MATANGKULI,1108052003,BLANG MATANGKULI,TIDAK,"5.037917835121869, 97.27633929175872"
11,ACEH,11LSM,LHOKSEUMAWE,11223,LHOKSUKON,11,ACEH,1108,KAB. ACEH UTARA,110805,MATANGKULI,1108052004,RAYEUK MATANGKULI,TIDAK,"5.0394596507294045, 97.28434420090036"
11,ACEH,11LSM,LHOKSEUMAWE,11223,LHOKSUKON,11,ACEH,1108,KAB. ACEH UTARA,110805,MATANGKULI,1108052005,TUMPOK PERLAK,TIDAK,"5.0399567223826125, 97.29311079123256"
11,ACEH,11LSM,LHOKSEUMAWE,11223,LHOKSUKON,11,ACEH,1108,KAB. ACEH UTARA,110805,MATANGKULI,1108052006,UJONG KULAM,TIDAK,"5.044754676937018, 97.288657504848"
11,ACEH,11LSM,LHOKSEUMAWE,11223,LHOKSUKON,11,ACEH,1108,KAB. ACEH UTARA,110805,MATANGKULI,1108052007,TANJONG TEUNGKU ALI,TIDAK,"5.032038350972858, 97.27519942536856"
11,ACEH,11LSM,LHOKSEUMAWE,11223,LHOKSUKON,11,ACEH,1108,KAB. ACEH UTARA,110805,MATANGKULI,1108052008,RAYEUK GLANG GLONG,TIDAK,"5.04134865584557, 97.29771362885498"
11,ACEH,11LSM,LHOKSEUMAWE,11223,LHOKSUKON,11,ACEH,1108,KAB. ACEH UTARA,110805,MATANGKULI,1108052009,PUNTI GEULUMPANG VII,TIDAK,"5.05080425468414, 97.29886790507544"
11,ACEH,11LSM,LHOKSEUMAWE,11223,LHOKSUKON,11,ACEH,1108,KAB. ACEH UTARA,110805,MATANGKULI,1108052010,GEULUMPANG VII,TIDAK,"5.0551670417092875, 97.29974573076788"
11,ACEH,11LSM,LHOKSEUMAWE,11223,LHOKSUKON,11,ACEH,1108,KAB. ACEH UTARA,110805,MATANGKULI,1108052011,TEUNGOH GLUMPANG VII,TIDAK,"5.0579253158742485, 97.30185607540284"
11,ACEH,11LSM,LHOKSEUMAWE,11223,LHOKSUKON,11,ACEH,1108,KAB. ACEH UTARA,110805,MATANGKULI,1108052012,ARON GEULUMPANG VII,TIDAK,"5.065519876812904, 97.3002538995374"
11,ACEH,11LSM,LHOKSEUMAWE,11223,LHOKSUKON,11,ACEH,1108,KAB. ACEH UTARA,110805,MATANGKULI,1108052013,MATANG MUNYE,TIDAK,"5.065696291354604, 97.29562736758984"
11,ACEH,11LSM,LHOKSEUMAWE,11223,LHOKSUKON,11,ACEH,1108,KAB. ACEH UTARA,110805,MATANGKULI,1108052014,PARANG SIKUREUNG,TIDAK,"5.0410034599305105, 97.26677662040996"
11,ACEH,11LSM,LHOKSEUMAWE,11223,LHOKSUKON,11,ACEH,1108,KAB. ACEH UTARA,110805,MATANGKULI,1108052015,BARO,TIDAK,"5.04081768403513, 97.2697637824269"
11,ACEH,11LSM,LHOKSEUMAWE,11223,LHOKSUKON,11,ACEH,1108,KAB. ACEH UTARA,110805,MATANGKULI,1108052016,MEE,TIDAK,"5.0393684183190315, 97.27253259374663"
11,ACEH,11LSM,LHOKSEUMAWE,11223,LHOKSUKON,11,ACEH,1108,KAB. ACEH UTARA,110805,MATANGKULI,1108052017,TANJONG BABAH KRUENG,TIDAK,"5.0280782643766875, 97.28746068678723"
11,ACEH,11LSM,LHOKSEUMAWE,11223,LHOKSUKON,11,ACEH,1108,KAB. ACEH UTARA,110805,MATANGKULI,1108052018,PUNTI MATANGKULI,TIDAK,"5.034802294779747, 97.28253868473367"
11,ACEH,11LSM,LHOKSEUMAWE,11223,LHOKSUKON,11,ACEH,1108,KAB. ACEH UTARA,110805,MATANGKULI,1108052019,TEUPIN KEUBUE,TIDAK,"5.0311000508113874, 97.29445449577801"
11,ACEH,11LSM,LHOKSEUMAWE,11223,LHOKSUKON,11,ACEH,1108,KAB. ACEH UTARA,110805,MATANGKULI,1108052020,TRIENG TEUPIN KEUBUE,TIDAK,"5.027881260753231, 97.30007648447234"
11,ACEH,11LSM,LHOKSEUMAWE,11223,LHOKSUKON,11,ACEH,1108,KAB. ACEH UTARA,110805,MATANGKULI,1108052021,MATANG MEE,TIDAK,"5.034062746612641, 97.30043269008405"
11,ACEH,11LSM,LHOKSEUMAWE,11223,LHOKSUKON,11,ACEH,1108,KAB. ACEH UTARA,110805,MATANGKULI,1108052022,JEUMPA GEULUMPANG VII,TIDAK,"5.055387995822569, 97.30036906749415"
11,ACEH,11LSM,LHOKSEUMAWE,11223,LHOKSUKON,11,ACEH,1108,KAB. ACEH UTARA,110805,MATANGKULI,1108052034,TUMPOK BARAT,TIDAK,"5.03818678423225, 97.25980949547336"
11,ACEH,11LSM,LHOKSEUMAWE,11223,LHOKSUKON,11,ACEH,1108,KAB. ACEH UTARA,110805,MATANGKULI,1108052035,MEURIA MATANGKULI,TIDAK,"5.03449508039042, 97.26446962128237"
11,ACEH,11LSM,LHOKSEUMAWE,11223,LHOKSUKON,11,ACEH,1108,KAB. ACEH UTARA,110805,MATANGKULI,1108052036,HAGU,TIDAK,"5.031208312248295, 97.26912206697232"
11,ACEH,11LSM,LHOKSEUMAWE,11223,LHOKSUKON,11,ACEH,1108,KAB. ACEH UTARA,110805,MATANGKULI,1108052037,ALUE THO,TIDAK,"5.027212368767019, 97.27096203932285"
11,ACEH,11LSM,LHOKSEUMAWE,11223,LHOKSUKON,11,ACEH,1108,KAB. ACEH UTARA,110805,MATANGKULI,1108052039,CEUBREK PIRAK,TIDAK,"5.02386247280057, 97.27217386314335"
11,ACEH,11LSM,LHOKSEUMAWE,11223,LHOKSUKON,11,ACEH,1108,KAB. ACEH UTARA,110805,MATANGKULI,1108052040,RAYEUK PIRAK,TIDAK,"5.018719559375212, 97.26410981824141"
11,ACEH,11LSM,LHOKSEUMAWE,11223,LHOKSUKON,11,ACEH,1108,KAB. ACEH UTARA,110805,MATANGKULI,1108052041,ARON PIRAK,TIDAK,"5.009958417581849, 97.25551838027106"
11,ACEH,11LSM,LHOKSEUMAWE,11223,LHOKSUKON,11,ACEH,1108,KAB. ACEH UTARA,110805,MATANGKULI,1108052042,LAWANG,TIDAK,"5.029836815528462, 97.27867073700708"
11,ACEH,11LSM,LHOKSEUMAWE,11223,LHOKSUKON,11,ACEH,1108,KAB. ACEH UTARA,110805,MATANGKULI,1108052043,TANJONG HAJI MUDA,TIDAK,"5.029760836450295, 97.28270689544537"
11,ACEH,11LSM,LHOKSEUMAWE,11223,LHOKSUKON,11,ACEH,1108,KAB. ACEH UTARA,110805,MATANGKULI,1108052044,SIREN,TIDAK,"5.023474311405681, 97.28084085245247"
11,ACEH,11LSM,LHOKSEUMAWE,11223,LHOKSUKON,11,ACEH,1108,KAB. ACEH UTARA,110805,MATANGKULI,1108052045,MEUNYE PIRAK,TIDAK,"5.02060641253944, 97.27605363244155"
11,ACEH,11LSM,LHOKSEUMAWE,11223,LHOKSUKON,11,ACEH,1108,KAB. ACEH UTARA,110805,MATANGKULI,1108052046,BEURINGEN PIRAK,TIDAK,"5.017372348197212, 97.2718169866526"
11,ACEH,11LSM,LHOKSEUMAWE,11223,LHOKSUKON,11,ACEH,1108,KAB. ACEH UTARA,110805,MATANGKULI,1108052047,TEUNGOH PIRAK,TIDAK,"5.015123842449214, 97.26958238050192"
11,ACEH,11LSM,LHOKSEUMAWE,11223,LHOKSUKON,11,ACEH,1108,KAB. ACEH UTARA,110805,MATANGKULI,1108052048,MESJID PIRAK,TIDAK,"5.01168403131985, 97.26679099185526"
11,ACEH,11LSM,LHOKSEUMAWE,11223,LHOKSUKON,11,ACEH,1108,KAB. ACEH UTARA,110805,MATANGKULI,1108052049,MATANG PEUSANGAN,TIDAK,"5.006673362669433, 97.25967237832998"
11,ACEH,11LSM,LHOKSEUMAWE,11223,LHOKSUKON,11,ACEH,1108,KAB. ACEH UTARA,110805,MATANGKULI,1108052050,PANTE PIRAK,TIDAK,"5.010888823618546, 97.27619642022363"
11,ACEH,11LSM,LHOKSEUMAWE,11223,LHOKSUKON,11,ACEH,1108,KAB. ACEH UTARA,110805,MATANGKULI,1108052052,LEUBOK PIRAK,TIDAK,"5.0018811616619985, 97.26542409717486"
11,ACEH,11LSM,LHOKSEUMAWE,11223,LHOKSUKON,11,ACEH,1108,KAB. ACEH UTARA,110805,MATANGKULI,1108052053,BLANG KUTA,TIDAK,"4.99593403120124, 97.25832577222707"
11,ACEH,11LSM,LHOKSEUMAWE,11223,LHOKSUKON,11,ACEH,1108,KAB. ACEH UTARA,110805,MATANGKULI,1108052054,BLANG SUPENG,TIDAK,"4.996265202564321, 97.2532722303787"
11,ACEH,11LSM,LHOKSEUMAWE,11223,LHOKSUKON,11,ACEH,1108,KAB. ACEH UTARA,110805,MATANGKULI,1108052055,BEURANCAN PIRAK,TIDAK,"5.0021684499135475, 97.25640367639798"
11,ACEH,11LSM,LHOKSEUMAWE,11223,LHOKSUKON,11,ACEH,1108,KAB. ACEH UTARA,110805,MATANGKULI,1108052066,ALUE ENTOK,TIDAK,"5.0329138777780775, 97.25380044288191"
11,ACEH,11LSM,LHOKSEUMAWE,11223,LHOKSUKON,11,ACEH,1108,KAB. ACEH UTARA,110805,MATANGKULI,1108052067,TANJONG TEUNGKU KARI,TIDAK,"5.031196219196782, 97.24558053105966"
11,ACEH,11LSM,LHOKSEUMAWE,11223,LHOKSUKON,11,ACEH,1108,KAB. ACEH UTARA,110805,MATANGKULI,1108052068,TEUNGOH SEULEUMAK,TIDAK,"5.025268517745242, 97.24506224335433"
11,ACEH,11LSM,LHOKSEUMAWE,11223,LHOKSUKON,11,ACEH,1108,KAB. ACEH UTARA,110805,MATANGKULI,1108052069,SEURIWEUK,TIDAK,"5.025619350070306, 97.25350728416703"
11,ACEH,11LSM,LHOKSEUMAWE,11223,LHOKSUKON,11,ACEH,1108,KAB. ACEH UTARA,110805,MATANGKULI,1108052070,DAYAH BARO,TIDAK,"5.029824473087875, 97.25671427135532"
11,ACEH,11LSM,LHOKSEUMAWE,11223,LHOKSUKON,11,ACEH,1108,KAB. ACEH UTARA,110805,MATANGKULI,1108052071,KUNYET MULEE,TIDAK,"5.019755301096373, 97.25657993274883"
11,ACEH,11LSM,LHOKSEUMAWE,11223,LHOKSUKON,11,ACEH,1108,KAB. ACEH UTARA,110805,MATANGKULI,1108052072,TUTONG,TIDAK,"5.022491138020446, 97.26132526598337"
11,ACEH,11LSM,LHOKSEUMAWE,11223,LHOKSUKON,11,ACEH,1108,KAB. ACEH UTARA,110810,SYAMTALIRA ARON,1108102007,GLOK,TIDAK,"5.086914572973771, 97.25315880121737"
11,ACEH,11LSM,LHOKSEUMAWE,11223,LHOKSUKON,11,ACEH,1108,KAB. ACEH UTARA,110810,SYAMTALIRA ARON,1108102020,CALONG,TIDAK,"5.0980437658200355, 97.27008241672182"
11,ACEH,11LSM,LHOKSEUMAWE,11223,LHOKSUKON,11,ACEH,1108,KAB. ACEH UTARA,110810,SYAMTALIRA ARON,1108102021,MANYANG BAROH,TIDAK,"5.105890847720639, 97.26449412654642"
11,ACEH,11LSM,LHOKSEUMAWE,11223,LHOKSUKON,11,ACEH,1108,KAB. ACEH UTARA,110810,SYAMTALIRA ARON,1108102023,ALUE GUNTO,TIDAK,"5.10622074846883, 97.28121175154712"
11,ACEH,11LSM,LHOKSEUMAWE,11223,LHOKSUKON,11,ACEH,1108,KAB. ACEH UTARA,110812,TANAH LUAS,1108122001,PULO BLANG,TIDAK,"5.084169622816241, 97.2875898456127"
11,ACEH,11LSM,LHOKSEUMAWE,11223,LHOKSUKON,11,ACEH,1108,KAB. ACEH UTARA,110812,TANAH LUAS,1108122002,MATANG BEN,TIDAK,"5.074277650882748, 97.28897853966332"
11,ACEH,11LSM,LHOKSEUMAWE,11223,LHOKSUKON,11,ACEH,1108,KAB. ACEH UTARA,110812,TANAH LUAS,1108122003,MATANG CIBREK,TIDAK,"5.066268487102806, 97.29199877807557"
11,ACEH,11LSM,LHOKSEUMAWE,11223,LHOKSUKON,11,ACEH,1108,KAB. ACEH UTARA,110812,TANAH LUAS,1108122004,DENG,TIDAK,"5.081681078949098, 97.29590364127378"
11,ACEH,11LSM,LHOKSEUMAWE,11223,LHOKSUKON,11,ACEH,1108,KAB. ACEH UTARA,110812,TANAH LUAS,1108122005,RAWA,TIDAK,"5.0610170276265185, 97.28565604388665"
11,ACEH,11LSM,LHOKSEUMAWE,11223,LHOKSUKON,11,ACEH,1108,KAB. ACEH UTARA,110812,TANAH LUAS,1108122006,PUNTI PULO AGAM,TIDAK,"5.050975711359443, 97.27927445504992"
11,ACEH,11LSM,LHOKSEUMAWE,11223,LHOKSUKON,11,ACEH,1108,KAB. ACEH UTARA,110812,TANAH LUAS,1108122007,ALUE PANGKAT,TIDAK,"5.087918307616837, 97.29694154508014"
11,ACEH,11LSM,LHOKSEUMAWE,11223,LHOKSUKON,11,ACEH,1108,KAB. ACEH UTARA,110812,TANAH LUAS,1108122008,TEUNGOH PULO AGAM,TIDAK,"5.054785867497389, 97.28156950632592"
11,ACEH,11LSM,LHOKSEUMAWE,11223,LHOKSUKON,11,ACEH,1108,KAB. ACEH UTARA,110812,TANAH LUAS,1108122009,HUENG,TIDAK,"5.075134881999236, 97.29998572319744"
11,ACEH,11LSM,LHOKSEUMAWE,11223,LHOKSUKON,11,ACEH,1108,KAB. ACEH UTARA,110812,TANAH LUAS,1108122010,PULO U,TIDAK,"5.093055132330942, 97.29737296655314"
11,ACEH,11LSM,LHOKSEUMAWE,11223,LHOKSUKON,11,ACEH,1108,KAB. ACEH UTARA,110812,TANAH LUAS,1108122011,ALUE KEUJRUEN,TIDAK,"5.095655182907601, 97.28822782328564"
11,ACEH,11LSM,LHOKSEUMAWE,11223,LHOKSUKON,11,ACEH,1108,KAB. ACEH UTARA,110812,TANAH LUAS,1108122012,PAYA BEURANDANG,TIDAK,"5.08650635359752, 97.30191423325897"
11,ACEH,11LSM,LHOKSEUMAWE,11223,LHOKSUKON,11,ACEH,1108,KAB. ACEH UTARA,110812,TANAH LUAS,1108122013,MANYANG TUNONG,TIDAK,"5.087704960189873, 97.26428162571423"
11,ACEH,11LSM,LHOKSEUMAWE,11223,LHOKSUKON,11,ACEH,1108,KAB. ACEH UTARA,110812,TANAH LUAS,1108122014,MEUNASAH TUTONG,TIDAK,"5.083718256245162, 97.26328868470435"
11,ACEH,11LSM,LHOKSEUMAWE,11223,LHOKSUKON,11,ACEH,1108,KAB. ACEH UTARA,110812,TANAH LUAS,1108122015,AMPEH,TIDAK,"5.069375923935639, 97.26160739059738"
11,ACEH,11LSM,LHOKSEUMAWE,11223,LHOKSUKON,11,ACEH,1108,KAB. ACEH UTARA,110812,TANAH LUAS,1108122016,ALUE,TIDAK,"5.0818150262234605, 97.27307298210651"
11,ACEH,11LSM,LHOKSEUMAWE,11223,LHOKSUKON,11,ACEH,1108,KAB. ACEH UTARA,110812,TANAH LUAS,1108122017,TEUNGKU DIBALEE,TIDAK,"5.070756562139328, 97.26576062967321"
11,ACEH,11LSM,LHOKSEUMAWE,11223,LHOKSUKON,11,ACEH,1108,KAB. ACEH UTARA,110812,TANAH LUAS,1108122018,KEUDE BLANG JRUEN,TIDAK,"5.070921234475598, 97.26527277458665"
11,ACEH,11LSM,LHOKSEUMAWE,11223,LHOKSUKON,11,ACEH,1108,KAB. ACEH UTARA,110812,TANAH LUAS,1108122019,BLANG JRUEN,TIDAK,"5.06667801430229, 97.26561852332088"
11,ACEH,11LSM,LHOKSEUMAWE,11223,LHOKSUKON,11,ACEH,1108,KAB. ACEH UTARA,110812,TANAH LUAS,1108122020,UJONG BAROH BERGHANG,TIDAK,"5.082391969164874, 97.28099742931597"
11,ACEH,11LSM,LHOKSEUMAWE,11223,LHOKSUKON,11,ACEH,1108,KAB. ACEH UTARA,110812,TANAH LUAS,1108122021,JEUMPA BERGHANG,TIDAK,"5.0718729254366455, 97.27402991700136"
11,ACEH,11LSM,LHOKSEUMAWE,11223,LHOKSUKON,11,ACEH,1108,KAB. ACEH UTARA,110812,TANAH LUAS,1108122022,TEUNGOH BERGHANG,TIDAK,"5.0731166615090855, 97.27693047762143"
11,ACEH,11LSM,LHOKSEUMAWE,11223,LHOKSUKON,11,ACEH,1108,KAB. ACEH UTARA,110812,TANAH LUAS,1108122023,PANTE BERGHANG,TIDAK,
11,ACEH,11LSM,LHOKSEUMAWE,11223,LHOKSUKON,11,ACEH,1108,KAB. ACEH UTARA,110812,TANAH LUAS,1108122024,SERBA JAMAN,TIDAK,"5.065177438861016, 97.26890552609161"
11,ACEH,11LSM,LHOKSEUMAWE,11223,LHOKSUKON,11,ACEH,1108,KAB. ACEH UTARA,110812,TANAH LUAS,1108122025,RAYEUK NALEUNG,TIDAK,"5.0603414056463825, 97.27848716029602"
11,ACEH,11LSM,LHOKSEUMAWE,11223,LHOKSUKON,11,ACEH,1108,KAB. ACEH UTARA,110812,TANAH LUAS,1108122026,RANGKAYA,TIDAK,"5.054551856528602, 97.26620652028662"
11,ACEH,11LSM,LHOKSEUMAWE,11223,LHOKSUKON,11,ACEH,1108,KAB. ACEH UTARA,110812,TANAH LUAS,1108122027,PAYA,TIDAK,"5.051170781873619, 97.2664219132725"
11,ACEH,11LSM,LHOKSEUMAWE,11223,LHOKSUKON,11,ACEH,1108,KAB. ACEH UTARA,110812,TANAH LUAS,1108122028,BLANG BIDOK,TIDAK,"5.049649142074083, 97.27293121140819"
11,ACEH,11LSM,LHOKSEUMAWE,11223,LHOKSUKON,11,ACEH,1108,KAB. ACEH UTARA,110812,TANAH LUAS,1108122029,RAYEUK KUTA,TIDAK,"5.045466198442366, 97.26572385749508"
11,ACEH,11LSM,LHOKSEUMAWE,11223,LHOKSUKON,11,ACEH,1108,KAB. ACEH UTARA,110812,TANAH LUAS,1108122030,RAYEUK MUNYE,TIDAK,"5.0617821573824475, 97.26379122344026"
11,ACEH,11LSM,LHOKSEUMAWE,11223,LHOKSUKON,11,ACEH,1108,KAB. ACEH UTARA,110812,TANAH LUAS,1108122031,UJONG BAROH SB,TIDAK,"5.05749523338714, 97.25651875397182"
11,ACEH,11LSM,LHOKSEUMAWE,11223,LHOKSUKON,11,ACEH,1108,KAB. ACEH UTARA,110812,TANAH LUAS,1108122032,TRIENG,TIDAK,"5.049721924283969, 97.25860918697609"
11,ACEH,11LSM,LHOKSEUMAWE,11223,LHOKSUKON,11,ACEH,1108,KAB. ACEH UTARA,110812,TANAH LUAS,1108122033,MANYANG SB,TIDAK,"5.049078421725581, 97.25321984642295"
11,ACEH,11LSM,LHOKSEUMAWE,11223,LHOKSUKON,11,ACEH,1108,KAB. ACEH UTARA,110812,TANAH LUAS,1108122034,CIBREK,TIDAK,"5.046522951968621, 97.25103912591145"
11,ACEH,11LSM,LHOKSEUMAWE,11223,LHOKSUKON,11,ACEH,1108,KAB. ACEH UTARA,110812,TANAH LUAS,1108122035,KEUTAPANG,TIDAK,"5.044034001322146, 97.24877687494092"
11,ACEH,11LSM,LHOKSEUMAWE,11223,LHOKSUKON,11,ACEH,1108,KAB. ACEH UTARA,110812,TANAH LUAS,1108122036,MATANG MANE,TIDAK,"5.040679176622848, 97.24091216246659"
11,ACEH,11LSM,LHOKSEUMAWE,11223,LHOKSUKON,11,ACEH,1108,KAB. ACEH UTARA,110812,TANAH LUAS,1108122037,ALUE GAMPONG,TIDAK,"5.020965765622949, 97.22523747734408"
11,ACEH,11LSM,LHOKSEUMAWE,11223,LHOKSUKON,11,ACEH,1108,KAB. ACEH UTARA,110812,TANAH LUAS,1108122038,BAYI,TIDAK,"5.015168297874552, 97.2193643973367"
11,ACEH,11LSM,LHOKSEUMAWE,11223,LHOKSUKON,11,ACEH,1108,KAB. ACEH UTARA,110812,TANAH LUAS,1108122039,TUMPOK ACEH,TIDAK,"4.992459266516779, 97.21488006655558"
11,ACEH,11LSM,LHOKSEUMAWE,11223,LHOKSUKON,11,ACEH,1108,KAB. ACEH UTARA,110812,TANAH LUAS,1108122040,ULEE BUKET,TIDAK,"4.992345199773316, 97.18969014636534"
11,ACEH,11LSM,LHOKSEUMAWE,11223,LHOKSUKON,11,ACEH,1108,KAB. ACEH UTARA,110812,TANAH LUAS,1108122041,COT DAH,TIDAK,"5.008310356312545, 97.21533705642575"
11,ACEH,11LSM,LHOKSEUMAWE,11223,LHOKSUKON,11,ACEH,1108,KAB. ACEH UTARA,110812,TANAH LUAS,1108122042,LEUPON SIREN,TIDAK,"5.004117116607444, 97.1702516114198"
11,ACEH,11LSM,LHOKSEUMAWE,11223,LHOKSUKON,11,ACEH,1108,KAB. ACEH UTARA,110812,TANAH LUAS,1108122043,BLANG TRIENG,TIDAK,"5.006003088034843, 97.19450671375915"
11,ACEH,11LSM,LHOKSEUMAWE,11223,LHOKSUKON,11,ACEH,1108,KAB. ACEH UTARA,110812,TANAH LUAS,1108122044,ALUE SIJUEK,TIDAK,"5.006660447522509, 97.20713642839142"
11,ACEH,11LSM,LHOKSEUMAWE,11223,LHOKSUKON,11,ACEH,1108,KAB. ACEH UTARA,110812,TANAH LUAS,1108122045,HAGU,TIDAK,"5.013406398405148, 97.21537675443535"
11,ACEH,11LSM,LHOKSEUMAWE,11223,LHOKSUKON,11,ACEH,1108,KAB. ACEH UTARA,110812,TANAH LUAS,1108122046,TEUPIN MEE,TIDAK,"5.026742584736847, 97.23648070866962"
11,ACEH,11LSM,LHOKSEUMAWE,11223,LHOKSUKON,11,ACEH,1108,KAB. ACEH UTARA,110812,TANAH LUAS,1108122047,PLU PAKAM,TIDAK,"4.967335947056115, 97.17804016003508"
11,ACEH,11LSM,LHOKSEUMAWE,11223,LHOKSUKON,11,ACEH,1108,KAB. ACEH UTARA,110812,TANAH LUAS,1108122048,BLANG PIE,TIDAK,"4.998974848944084, 97.19594761995738"
11,ACEH,11LSM,LHOKSEUMAWE,11223,LHOKSUKON,11,ACEH,1108,KAB. ACEH UTARA,110812,TANAH LUAS,1108122049,PUNTI SEULEUMAK BARAT,TIDAK,"5.0125604122527365, 97.22880096608745"
11,ACEH,11LSM,LHOKSEUMAWE,11223,LHOKSUKON,11,ACEH,1108,KAB. ACEH UTARA,110812,TANAH LUAS,1108122050,SERBA JAMAN TUNONG,TIDAK,"5.019488099268055, 97.23359246208717"
11,ACEH,11LSM,LHOKSEUMAWE,11223,LHOKSUKON,11,ACEH,1108,KAB. ACEH UTARA,110812,TANAH LUAS,1108122051,LEUHONG,TIDAK,"5.008339155854308, 97.22233793523765"
11,ACEH,11LSM,LHOKSEUMAWE,11223,LHOKSUKON,11,ACEH,1108,KAB. ACEH UTARA,110812,TANAH LUAS,1108122052,BLANG,TIDAK,"5.036838233588023, 97.24397750461559"
11,ACEH,11LSM,LHOKSEUMAWE,11223,LHOKSUKON,11,ACEH,1108,KAB. ACEH UTARA,110812,TANAH LUAS,1108122053,TANJONG MESJID,TIDAK,"5.037778616939466, 97.25479280505279"
11,ACEH,11LSM,LHOKSEUMAWE,11223,LHOKSUKON,11,ACEH,1108,KAB. ACEH UTARA,110812,TANAH LUAS,1108122054,SERBA JAMAN BAROH,TIDAK,"5.044260045301192, 97.2591927469656"
11,ACEH,11LSM,LHOKSEUMAWE,11223,LHOKSUKON,11,ACEH,1108,KAB. ACEH UTARA,110812,TANAH LUAS,1108122055,COT BARAT,TIDAK,"5.013246713358002, 97.20535030221957"
11,ACEH,11LSM,LHOKSEUMAWE,11223,LHOKSUKON,11,ACEH,1108,KAB. ACEH UTARA,110812,TANAH LUAS,1108122056,MATANG BALOY,TIDAK,"5.029622257987231, 97.23105936613119"
11,ACEH,11LSM,LHOKSEUMAWE,11223,LHOKSUKON,11,ACEH,1108,KAB. ACEH UTARA,110813,TANAH PASIR,1108132007,MATANG RANUP LASEH,TIDAK,"5.103693647591592, 97.2893654082882"
11,ACEH,11LSM,LHOKSEUMAWE,11223,LHOKSUKON,11,ACEH,1108,KAB. ACEH UTARA,110813,TANAH PASIR,1108132016,ULEE TANOH,TIDAK,"5.114960007667689, 97.28553610211772"
11,ACEH,11LSM,LHOKSEUMAWE,11223,LHOKSUKON,11,ACEH,1108,KAB. ACEH UTARA,110817,COT GIREK,1108172001,COT GIREK,TIDAK,"4.909287918641433, 97.35992984818301"
11,ACEH,11LSM,LHOKSEUMAWE,11223,LHOKSUKON,11,ACEH,1108,KAB. ACEH UTARA,110817,COT GIREK,1108172002,LHOK MEURBO,TIDAK,"4.960673486548392, 97.40178088049976"
11,ACEH,11LSM,LHOKSEUMAWE,11223,LHOKSUKON,11,ACEH,1108,KAB. ACEH UTARA,110817,COT GIREK,1108172003,KP. BANTAN,TIDAK,"4.970069562290887, 97.39303458788596"
11,ACEH,11LSM,LHOKSEUMAWE,11223,LHOKSUKON,11,ACEH,1108,KAB. ACEH UTARA,110817,COT GIREK,1108172004,ALUE SEUMAMBU,TIDAK,"4.9485471897776065, 97.37493599597717"
11,ACEH,11LSM,LHOKSEUMAWE,11223,LHOKSUKON,11,ACEH,1108,KAB. ACEH UTARA,110817,COT GIREK,1108172005,ULEE GAMPONG,TIDAK,"4.948118938289965, 97.36795017124732"
11,ACEH,11LSM,LHOKSEUMAWE,11223,LHOKSUKON,11,ACEH,1108,KAB. ACEH UTARA,110817,COT GIREK,1108172006,BATU XII,TIDAK,"4.948378834099647, 97.35664734757539"
11,ACEH,11LSM,LHOKSEUMAWE,11223,LHOKSUKON,11,ACEH,1108,KAB. ACEH UTARA,110817,COT GIREK,1108172007,KP. TEMPEL,TIDAK,"4.930977425756143, 97.34616888663903"
11,ACEH,11LSM,LHOKSEUMAWE,11223,LHOKSUKON,11,ACEH,1108,KAB. ACEH UTARA,110817,COT GIREK,1108172008,ALUE LEUHOB,TIDAK,"4.951039190180869, 97.43119467468028"
11,ACEH,11LSM,LHOKSEUMAWE,11223,LHOKSUKON,11,ACEH,1108,KAB. ACEH UTARA,110817,COT GIREK,1108172009,SEUNEUBOK BARO,TIDAK,"4.9618085901426685, 97.36033565001645"
11,ACEH,11LSM,LHOKSEUMAWE,11223,LHOKSUKON,11,ACEH,1108,KAB. ACEH UTARA,110817,COT GIREK,1108172010,ALUE DRIEN,TIDAK,"4.97173997484659, 97.3538880697975"
11,ACEH,11LSM,LHOKSEUMAWE,11223,LHOKSUKON,11,ACEH,1108,KAB. ACEH UTARA,110817,COT GIREK,1108172011,CEMPEUDAK,TIDAK,"4.956249385924968, 97.36668670944636"
11,ACEH,11LSM,LHOKSEUMAWE,11223,LHOKSUKON,11,ACEH,1108,KAB. ACEH UTARA,110817,COT GIREK,1108172012,MATANG TEUNGOH,TIDAK,"4.9637670302127574, 97.36811761125335"
11,ACEH,11LSM,LHOKSEUMAWE,11223,LHOKSUKON,11,ACEH,1108,KAB. ACEH UTARA,110817,COT GIREK,1108172013,PUCOK ALUE,TIDAK,"4.974961815063555, 97.38889318122612"
11,ACEH,11LSM,LHOKSEUMAWE,11223,LHOKSUKON,11,ACEH,1108,KAB. ACEH UTARA,110817,COT GIREK,1108172014,U BARO.,TIDAK,"4.954386248582484, 97.35716163176576"
11,ACEH,11LSM,LHOKSEUMAWE,11223,LHOKSUKON,11,ACEH,1108,KAB. ACEH UTARA,110817,COT GIREK,1108172015,TRIENG,TIDAK,"4.956967469012661, 97.34137368274041"
11,ACEH,11LSM,LHOKSEUMAWE,11223,LHOKSUKON,11,ACEH,1108,KAB. ACEH UTARA,110817,COT GIREK,1108172016,LHOK REUHAT,TIDAK,"4.967156077747117, 97.33924005653303"
11,ACEH,11LSM,LHOKSEUMAWE,11223,LHOKSUKON,11,ACEH,1108,KAB. ACEH UTARA,110817,COT GIREK,1108172017,LUENG BARO,TIDAK,"4.9743584136290515, 97.33663004675687"
11,ACEH,11LSM,LHOKSEUMAWE,11223,LHOKSUKON,11,ACEH,1108,KAB. ACEH UTARA,110817,COT GIREK,1108172018,JEULIKAT,TIDAK,"4.980679291316567, 97.3322055104448"
11,ACEH,11LSM,LHOKSEUMAWE,11223,LHOKSUKON,11,ACEH,1108,KAB. ACEH UTARA,110817,COT GIREK,1108172019,GAMPONG ARA,TIDAK,"4.99128604278952, 97.32877795553966"
11,ACEH,11LSM,LHOKSEUMAWE,11223,LHOKSUKON,11,ACEH,1108,KAB. ACEH UTARA,110817,COT GIREK,1108172020,BEURANDANG DAYAH,TIDAK,"4.968051406771303, 97.32320743138052"
11,ACEH,11LSM,LHOKSEUMAWE,11223,LHOKSUKON,11,ACEH,1108,KAB. ACEH UTARA,110817,COT GIREK,1108172021,BEURANDANG KRUENG,TIDAK,"4.9802268294065115, 97.31241309986203"
11,ACEH,11LSM,LHOKSEUMAWE,11223,LHOKSUKON,11,ACEH,1108,KAB. ACEH UTARA,110817,COT GIREK,1108172022,SEUPENG,TIDAK,"4.966038476074373, 97.30094410885263"
11,ACEH,11LSM,LHOKSEUMAWE,11223,LHOKSUKON,11,ACEH,1108,KAB. ACEH UTARA,110817,COT GIREK,1108172023,BEURANDANG ASAN,TIDAK,"4.9485234489647425, 97.3161564312579"
11,ACEH,11LSM,LHOKSEUMAWE,11223,LHOKSUKON,11,ACEH,1108,KAB. ACEH UTARA,110817,COT GIREK,1108172024,DRIEN II,TIDAK,"4.9565354341116805, 97.29818269311285"
11,ACEH,11LSM,LHOKSEUMAWE,11223,LHOKSUKON,11,ACEH,1108,KAB. ACEH UTARA,110820,PAYA BAKONG,1108202001,BLANG ARA,TIDAK,"5.001783007115138, 97.24820571906291"
11,ACEH,11LSM,LHOKSEUMAWE,11223,LHOKSUKON,11,ACEH,1108,KAB. ACEH UTARA,110820,PAYA BAKONG,1108202002,TGK.DIBANDA PIRAK,TIDAK,"4.994582278118803, 97.240113267281"
11,ACEH,11LSM,LHOKSEUMAWE,11223,LHOKSUKON,11,ACEH,1108,KAB. ACEH UTARA,110820,PAYA BAKONG,1108202003,PAYA MEUDRU,TIDAK,"4.989746284718315, 97.25278532530899"
11,ACEH,11LSM,LHOKSEUMAWE,11223,LHOKSUKON,11,ACEH,1108,KAB. ACEH UTARA,110820,PAYA BAKONG,1108202004,BLANG SIALET,TIDAK,"4.989919814727546, 97.24013000992444"
11,ACEH,11LSM,LHOKSEUMAWE,11223,LHOKSUKON,11,ACEH,1108,KAB. ACEH UTARA,110820,PAYA BAKONG,1108202005,BUKET GURU,TIDAK,"4.984167832299861, 97.24171855924249"
11,ACEH,11LSM,LHOKSEUMAWE,11223,LHOKSUKON,11,ACEH,1108,KAB. ACEH UTARA,110820,PAYA BAKONG,1108202006,GEULUMPANG PIRAK,TIDAK,"4.995817220582262, 97.24750422497428"
11,ACEH,11LSM,LHOKSEUMAWE,11223,LHOKSUKON,11,ACEH,1108,KAB. ACEH UTARA,110820,PAYA BAKONG,1108202007,ALUE LHOK,TIDAK,"4.942862340578482, 97.27303677119802"
11,ACEH,11LSM,LHOKSEUMAWE,11223,LHOKSUKON,11,ACEH,1108,KAB. ACEH UTARA,110820,PAYA BAKONG,1108202008,SEUNEUBOK ACEH,TIDAK,"4.957301084353703, 97.26621193839223"
11,ACEH,11LSM,LHOKSEUMAWE,11223,LHOKSUKON,11,ACEH,1108,KAB. ACEH UTARA,110820,PAYA BAKONG,1108202009,BUKET PIDIE,TIDAK,"4.96608672647434, 97.25902028162133"
11,ACEH,11LSM,LHOKSEUMAWE,11223,LHOKSUKON,11,ACEH,1108,KAB. ACEH UTARA,110820,PAYA BAKONG,1108202010,KEBON PIRAK,TIDAK,"4.959749139717477, 97.24251977587384"
11,ACEH,11LSM,LHOKSEUMAWE,11223,LHOKSUKON,11,ACEH,1108,KAB. ACEH UTARA,110820,PAYA BAKONG,1108202011,ALUE LEUKOT,TIDAK,"4.959876254803576, 97.23108950190024"
11,ACEH,11LSM,LHOKSEUMAWE,11223,LHOKSUKON,11,ACEH,1108,KAB. ACEH UTARA,110820,PAYA BAKONG,1108202012,BLANG MANE,TIDAK,"4.944609331213885, 97.22419033114491"
11,ACEH,11LSM,LHOKSEUMAWE,11223,LHOKSUKON,11,ACEH,1108,KAB. ACEH UTARA,110820,PAYA BAKONG,1108202013,PEUREUPOK,TIDAK,"4.946568233921542, 97.20936352947032"
11,ACEH,11LSM,LHOKSEUMAWE,11223,LHOKSUKON,11,ACEH,1108,KAB. ACEH UTARA,110820,PAYA BAKONG,1108202014,ULUE BIENG,TIDAK,"4.964360896228667, 97.22913020351012"
11,ACEH,11LSM,LHOKSEUMAWE,11223,LHOKSUKON,11,ACEH,1108,KAB. ACEH UTARA,110820,PAYA BAKONG,1108202015,PANTE SEULEUMAK,TIDAK,"5.017404095050172, 97.23905867592312"
11,ACEH,11LSM,LHOKSEUMAWE,11223,LHOKSUKON,11,ACEH,1108,KAB. ACEH UTARA,110820,PAYA BAKONG,1108202016,MEURIA SEULEUMAK,TIDAK,"5.011294941102984, 97.23617873749464"
11,ACEH,11LSM,LHOKSEUMAWE,11223,LHOKSUKON,11,ACEH,1108,KAB. ACEH UTARA,110820,PAYA BAKONG,1108202017,TUNONG KRUENG,TIDAK,"5.0147579501354835, 97.24446851845062"
11,ACEH,11LSM,LHOKSEUMAWE,11223,LHOKSUKON,11,ACEH,1108,KAB. ACEH UTARA,110820,PAYA BAKONG,1108202018,GEUREUGHEK,TIDAK,"5.01095108402565, 97.24265217914707"
11,ACEH,11LSM,LHOKSEUMAWE,11223,LHOKSUKON,11,ACEH,1108,KAB. ACEH UTARA,110820,PAYA BAKONG,1108202019,MEUNYE SEULEUMAK,TIDAK,"5.018938491496972, 97.24705167144984"
11,ACEH,11LSM,LHOKSEUMAWE,11223,LHOKSUKON,11,ACEH,1108,KAB. ACEH UTARA,110820,PAYA BAKONG,1108202020,SIMPANG,TIDAK,"5.005810506391355, 97.24604718866328"
11,ACEH,11LSM,LHOKSEUMAWE,11223,LHOKSUKON,11,ACEH,1108,KAB. ACEH UTARA,110820,PAYA BAKONG,1108202021,TUMPOK MESJID,TIDAK,"5.013546588920227, 97.25351912257847"
11,ACEH,11LSM,LHOKSEUMAWE,11223,LHOKSUKON,11,ACEH,1108,KAB. ACEH UTARA,110820,PAYA BAKONG,1108202022,JOK,TIDAK,"5.021877203819305, 97.23961706303022"
11,ACEH,11LSM,LHOKSEUMAWE,11223,LHOKSUKON,11,ACEH,1108,KAB. ACEH UTARA,110820,PAYA BAKONG,1108202023,LEUHONG,TIDAK,"5.005003506031955, 97.22974618332438"
11,ACEH,11LSM,LHOKSEUMAWE,11223,LHOKSUKON,11,ACEH,1108,KAB. ACEH UTARA,110820,PAYA BAKONG,1108202024,TANJONG BURUNYONG,TIDAK,"4.996689266096126, 97.22578882308363"
11,ACEH,11LSM,LHOKSEUMAWE,11223,LHOKSUKON,11,ACEH,1108,KAB. ACEH UTARA,110820,PAYA BAKONG,1108202025,KEUDE PAYA BAKONG,TIDAK,"4.992538726661817, 97.2300335948227"
11,ACEH,11LSM,LHOKSEUMAWE,11223,LHOKSUKON,11,ACEH,1108,KAB. ACEH UTARA,110820,PAYA BAKONG,1108202026,BLANG GUNCI,TIDAK,"4.987404801667977, 97.23049541928961"
11,ACEH,11LSM,LHOKSEUMAWE,11223,LHOKSUKON,11,ACEH,1108,KAB. ACEH UTARA,110820,PAYA BAKONG,1108202027,GAMPONG NGA,TIDAK,"4.980747826918987, 97.2319611531679"
11,ACEH,11LSM,LHOKSEUMAWE,11223,LHOKSUKON,11,ACEH,1108,KAB. ACEH UTARA,110820,PAYA BAKONG,1108202028,MAMPREE,TIDAK,"4.985070799160893, 97.22584781661445"
11,ACEH,11LSM,LHOKSEUMAWE,11223,LHOKSUKON,11,ACEH,1108,KAB. ACEH UTARA,110820,PAYA BAKONG,1108202029,MATANG PANYANG,TIDAK,"4.978854122001224, 97.22346443885178"
11,ACEH,11LSM,LHOKSEUMAWE,11223,LHOKSUKON,11,ACEH,1108,KAB. ACEH UTARA,110820,PAYA BAKONG,1108202030,TANJUNG DRIEN,TIDAK,"4.97133370228492, 97.21684684725744"
11,ACEH,11LSM,LHOKSEUMAWE,11223,LHOKSUKON,11,ACEH,1108,KAB. ACEH UTARA,110820,PAYA BAKONG,1108202031,ASAN SEULEUMAK,TIDAK,"4.969431598841372, 97.21148817302048"
11,ACEH,11LSM,LHOKSEUMAWE,11223,LHOKSUKON,11,ACEH,1108,KAB. ACEH UTARA,110820,PAYA BAKONG,1108202032,TGK. DIBANDA TEK-TEK,TIDAK,"4.96492110703484, 97.21613190432296"
11,ACEH,11LSM,LHOKSEUMAWE,11223,LHOKSUKON,11,ACEH,1108,KAB. ACEH UTARA,110820,PAYA BAKONG,1108202033,COT TEUFAH,TIDAK,"4.962573416342374, 97.20926079527057"
11,ACEH,11LSM,LHOKSEUMAWE,11223,LHOKSUKON,11,ACEH,1108,KAB. ACEH UTARA,110820,PAYA BAKONG,1108202034,PUCOK ALUE SEULEUMAK,TIDAK,"4.965037833240229, 97.20455401444518"
11,ACEH,11LSM,LHOKSEUMAWE,11223,LHOKSUKON,11,ACEH,1108,KAB. ACEH UTARA,110820,PAYA BAKONG,1108202035,LUENG,TIDAK,"4.961323298139279, 97.20009402550237"
11,ACEH,11LSM,LHOKSEUMAWE,11223,LHOKSUKON,11,ACEH,1108,KAB. ACEH UTARA,110820,PAYA BAKONG,1108202036,CEMPEUDAK,TIDAK,"4.992669117114793, 97.23011686899672"
11,ACEH,11LSM,LHOKSEUMAWE,11223,LHOKSUKON,11,ACEH,1108,KAB. ACEH UTARA,110820,PAYA BAKONG,1108202037,BLANG PAKU,TIDAK,"4.998045606815203, 97.23885285843518"
11,ACEH,11LSM,LHOKSEUMAWE,11223,LHOKSUKON,11,ACEH,1108,KAB. ACEH UTARA,110820,PAYA BAKONG,1108202038,BLANG DALAM,TIDAK,"5.002686085415543, 97.2363382236255"
11,ACEH,11LSM,LHOKSEUMAWE,11223,LHOKSUKON,11,ACEH,1108,KAB. ACEH UTARA,110820,PAYA BAKONG,1108202039,BLANG PANTE,TIDAK,"4.954946242857664, 97.18870856022627"
11,ACEH,11LSM,LHOKSEUMAWE,11223,LHOKSUKON,11,ACEH,1108,KAB. ACEH UTARA,110821,NIBONG,1108212001,NIBONG BAROH,TIDAK,"5.083050669872258, 97.25170686736693"
11,ACEH,11LSM,LHOKSEUMAWE,11223,LHOKSUKON,11,ACEH,1108,KAB. ACEH UTARA,110821,NIBONG,1108212002,NIBONG WAKHEUH,TIDAK,"5.076661495733776, 97.25725375491932"
11,ACEH,11LSM,LHOKSEUMAWE,11223,LHOKSUKON,11,ACEH,1108,KAB. ACEH UTARA,110821,NIBONG,1108212003,KEUDE NIBONG,TIDAK,"5.076234160615756, 97.25678012455795"
11,ACEH,11LSM,LHOKSEUMAWE,11223,LHOKSUKON,11,ACEH,1108,KAB. ACEH UTARA,110821,NIBONG,1108212004,KEUPOK NIBONG,TIDAK,"5.075935263860964, 97.25711746115589"
11,ACEH,11LSM,LHOKSEUMAWE,11223,LHOKSUKON,11,ACEH,1108,KAB. ACEH UTARA,110821,NIBONG,1108212005,DAYAH NIBONG,TIDAK,"5.0740999452754965, 97.25565523070374"
11,ACEH,11LSM,LHOKSEUMAWE,11223,LHOKSUKON,11,ACEH,1108,KAB. ACEH UTARA,110821,NIBONG,1108212006,SUMBOK RAYEUK,TIDAK,"5.067221766372366, 97.24955335848172"
11,ACEH,11LSM,LHOKSEUMAWE,11223,LHOKSUKON,11,ACEH,1108,KAB. ACEH UTARA,110821,NIBONG,1108212007,PAYA TERBANG,TIDAK,"5.062730719521717, 97.22878303672418"
11,ACEH,11LSM,LHOKSEUMAWE,11223,LHOKSUKON,11,ACEH,1108,KAB. ACEH UTARA,110821,NIBONG,1108212008,TEUPIN JOK,TIDAK,"5.075875176549666, 97.2397319627567"
11,ACEH,11LSM,LHOKSEUMAWE,11223,LHOKSUKON,11,ACEH,1108,KAB. ACEH UTARA,110821,NIBONG,1108212009,MAMPLAM,TIDAK,"5.070670397815592, 97.23636947181542"
11,ACEH,11LSM,LHOKSEUMAWE,11223,LHOKSUKON,11,ACEH,1108,KAB. ACEH UTARA,110821,NIBONG,1108212010,KEULILEE,TIDAK,"5.05554113246741, 97.23863249470683"
11,ACEH,11LSM,LHOKSEUMAWE,11223,LHOKSUKON,11,ACEH,1108,KAB. ACEH UTARA,110821,NIBONG,1108212011,MEUNYE LHEE,TIDAK,"5.049889789347768, 97.23210866078"
11,ACEH,11LSM,LHOKSEUMAWE,11223,LHOKSUKON,11,ACEH,1108,KAB. ACEH UTARA,110821,NIBONG,1108212012,RANTO,TIDAK,"5.040320399403355, 97.22031505957058"
11,ACEH,11LSM,LHOKSEUMAWE,11223,LHOKSUKON,11,ACEH,1108,KAB. ACEH UTARA,110821,NIBONG,1108212013,SEULUNYOK,TIDAK,"5.031430201763763, 97.22182204057363"
11,ACEH,11LSM,LHOKSEUMAWE,11223,LHOKSUKON,11,ACEH,1108,KAB. ACEH UTARA,110821,NIBONG,1108212014,KEH NIBONG,TIDAK,"5.072571938172327, 97.25388440666059"
11,ACEH,11LSM,LHOKSEUMAWE,11223,LHOKSUKON,11,ACEH,1108,KAB. ACEH UTARA,110821,NIBONG,1108212015,ALUE IE MIRAH,TIDAK,"5.021513856432598, 97.21001905033859"
11,ACEH,11LSM,LHOKSEUMAWE,11223,LHOKSUKON,11,ACEH,1108,KAB. ACEH UTARA,110821,NIBONG,1108212016,MADDI,TIDAK,"5.021866700323465, 97.19872183768108"
11,ACEH,11LSM,LHOKSEUMAWE,11223,LHOKSUKON,11,ACEH,1108,KAB. ACEH UTARA,110821,NIBONG,1108212017,ALUE NGOM,TIDAK,"5.014057111146601, 97.19106214239329"
11,ACEH,11LSM,LHOKSEUMAWE,11223,LHOKSUKON,11,ACEH,1108,KAB. ACEH UTARA,110821,NIBONG,1108212018,TANJONG PUTOH,TIDAK,"5.024347233256861, 97.21647390504356"
11,ACEH,11LSM,LHOKSEUMAWE,11223,LHOKSUKON,11,ACEH,1108,KAB. ACEH UTARA,110821,NIBONG,1108212019,BUMBAN,TIDAK,"5.00827432693232, 97.1914031281087"
11,ACEH,11LSM,LHOKSEUMAWE,11223,LHOKSUKON,11,ACEH,1108,KAB. ACEH UTARA,110821,NIBONG,1108212020,ALUE PANAH,TIDAK,"5.013036637569094, 97.18652847148817"
11,ACEH,11LSM,LHOKSEUMAWE,11223,LHOKSUKON,11,ACEH,1108,KAB. ACEH UTARA,110823,LAPANG,1108232001,KEUREUTOU,TIDAK,"5.114657579153645, 97.29637583620112"
11,ACEH,11LSM,LHOKSEUMAWE,11223,LHOKSUKON,11,ACEH,1108,KAB. ACEH UTARA,110823,LAPANG,1108232002,LUENG BARO,TIDAK,"5.118841900946777, 97.2897391136143"
11,ACEH,11LSM,LHOKSEUMAWE,11223,LHOKSUKON,11,ACEH,1108,KAB. ACEH UTARA,110823,LAPANG,1108232003,MERBO JURONG,TIDAK,"5.1363685924126345, 97.284135425513"
11,ACEH,11LSM,LHOKSEUMAWE,11223,LHOKSUKON,11,ACEH,1108,KAB. ACEH UTARA,110823,LAPANG,1108232004,MERBO LAMA,TIDAK,"5.128263046213868, 97.28747380131317"
11,ACEH,11LSM,LHOKSEUMAWE,11223,LHOKSUKON,11,ACEH,1108,KAB. ACEH UTARA,110823,LAPANG,1108232005,TANJONG DAMA,TIDAK,"5.138576466373044, 97.27798363424156"
11,ACEH,11LSM,LHOKSEUMAWE,11223,LHOKSUKON,11,ACEH,1108,KAB. ACEH UTARA,110823,LAPANG,1108232006,GEULANGGANG BARO,TIDAK,"5.1499327446094485, 97.28846046194579"
11,ACEH,11LSM,LHOKSEUMAWE,11223,LHOKSUKON,11,ACEH,1108,KAB. ACEH UTARA,110823,LAPANG,1108232007,MATANG TUNONG,TIDAK,"5.163042691370125, 97.29887664283677"
11,ACEH,11LSM,LHOKSEUMAWE,11223,LHOKSUKON,11,ACEH,1108,KAB. ACEH UTARA,110823,LAPANG,1108232008,KEUDE LAPANG,TIDAK,"5.167764034584408, 97.29672648241794"
11,ACEH,11LSM,LHOKSEUMAWE,11223,LHOKSUKON,11,ACEH,1108,KAB. ACEH UTARA,110823,LAPANG,1108232009,MATANG BAROH,TIDAK,"5.164567043204453, 97.28929561684659"
11,ACEH,11LSM,LHOKSEUMAWE,11223,LHOKSUKON,11,ACEH,1108,KAB. ACEH UTARA,110823,LAPANG,1108232010,KUALA KEREUTO,TIDAK,"5.167436913826143, 97.28126868346551"
11,ACEH,11LSM,LHOKSEUMAWE,11223,LHOKSUKON,11,ACEH,1108,KAB. ACEH UTARA,110823,LAPANG,1108232011,KUALA CANGKOY,TIDAK,"5.17117172426559, 97.29847429849708"
11,ACEH,11LSM,LHOKSEUMAWE,11223,LHOKSUKON,11,ACEH,1108,KAB. ACEH UTARA,110824,PIRAK TIMUR,1108242001,RAYEUK PANGE,TIDAK,"5.02095256882422, 97.2946022420189"
11,ACEH,11LSM,LHOKSEUMAWE,11223,LHOKSUKON,11,ACEH,1108,KAB. ACEH UTARA,110824,PIRAK TIMUR,1108242002,BUNGONG,TIDAK,"5.0209885911940555, 97.29816046655321"
11,ACEH,11LSM,LHOKSEUMAWE,11223,LHOKSUKON,11,ACEH,1108,KAB. ACEH UTARA,110824,PIRAK TIMUR,1108242003,GEULUMPANG,TIDAK,"4.995085494817543, 97.2467866856447"
11,ACEH,11LSM,LHOKSEUMAWE,11223,LHOKSUKON,11,ACEH,1108,KAB. ACEH UTARA,110824,PIRAK TIMUR,1108242004,ASAN KRUENG KREH,TIDAK,"5.023386602056951, 97.30963264866793"
11,ACEH,11LSM,LHOKSEUMAWE,11223,LHOKSUKON,11,ACEH,1108,KAB. ACEH UTARA,110824,PIRAK TIMUR,1108242005,BEURACAN RATA,TIDAK,"5.023146225567409, 97.31194127508302"
11,ACEH,11LSM,LHOKSEUMAWE,11223,LHOKSUKON,11,ACEH,1108,KAB. ACEH UTARA,110824,PIRAK TIMUR,1108242006,REUNGKAM,TIDAK,"5.003719313234872, 97.30088212146408"
11,ACEH,11LSM,LHOKSEUMAWE,11223,LHOKSUKON,11,ACEH,1108,KAB. ACEH UTARA,110824,PIRAK TIMUR,1108242007,TRIENG KRUENG KREH,TIDAK,"5.009888389060546, 97.30304653052593"
11,ACEH,11LSM,LHOKSEUMAWE,11223,LHOKSUKON,11,ACEH,1108,KAB. ACEH UTARA,110824,PIRAK TIMUR,1108242008,KEUTAPANG,TIDAK,"4.995291403176526, 97.30494445149643"
11,ACEH,11LSM,LHOKSEUMAWE,11223,LHOKSUKON,11,ACEH,1108,KAB. ACEH UTARA,110824,PIRAK TIMUR,1108242009,BILI BARO,TIDAK,"4.9881960411419115, 97.30525269553796"
11,ACEH,11LSM,LHOKSEUMAWE,11223,LHOKSUKON,11,ACEH,1108,KAB. ACEH UTARA,110824,PIRAK TIMUR,1108242010,PAYA LUENG JALO,TIDAK,"4.978205275197784, 97.2883770729747"
11,ACEH,11LSM,LHOKSEUMAWE,11223,LHOKSUKON,11,ACEH,1108,KAB. ACEH UTARA,110824,PIRAK TIMUR,1108242011,ALUE RIMEE,TIDAK,"4.963453940647863, 97.27684600656497"
11,ACEH,11LSM,LHOKSEUMAWE,11223,LHOKSUKON,11,ACEH,1108,KAB. ACEH UTARA,110824,PIRAK TIMUR,1108242012,SERDANG,TIDAK,"4.971606671993863, 97.28182667746826"
11,ACEH,11LSM,LHOKSEUMAWE,11223,LHOKSUKON,11,ACEH,1108,KAB. ACEH UTARA,110824,PIRAK TIMUR,1108242013,ARA TON-TON MONCRANG,TIDAK,"4.988255277584007, 97.28508522922824"
11,ACEH,11LSM,LHOKSEUMAWE,11223,LHOKSUKON,11,ACEH,1108,KAB. ACEH UTARA,110824,PIRAK TIMUR,1108242014,TANJONG SEUREUKUY,TIDAK,"4.981513078396079, 97.25585343099483"
11,ACEH,11LSM,LHOKSEUMAWE,11223,LHOKSUKON,11,ACEH,1108,KAB. ACEH UTARA,110824,PIRAK TIMUR,1108242015,ULEE BLANG,TIDAK,"4.982378373094111, 97.27648850864068"
11,ACEH,11LSM,LHOKSEUMAWE,11223,LHOKSUKON,11,ACEH,1108,KAB. ACEH UTARA,110824,PIRAK TIMUR,1108242016,KRUENG PIRAK,TIDAK,"5.015415312498778, 97.280459294871"
11,ACEH,11LSM,LHOKSEUMAWE,11223,LHOKSUKON,11,ACEH,1108,KAB. ACEH UTARA,110824,PIRAK TIMUR,1108242017,MATANG KEH,TIDAK,"5.016111046012611, 97.28657046024426"
11,ACEH,11LSM,LHOKSEUMAWE,11223,LHOKSUKON,11,ACEH,1108,KAB. ACEH UTARA,110824,PIRAK TIMUR,1108242018,LEUPE,TIDAK,"5.013195628710326, 97.28322449365683"
11,ACEH,11LSM,LHOKSEUMAWE,11223,LHOKSUKON,11,ACEH,1108,KAB. ACEH UTARA,110824,PIRAK TIMUR,1108242019,CEUMEUCET,TIDAK,"5.006475280412051, 97.28250602939663"
11,ACEH,11LSM,LHOKSEUMAWE,11223,LHOKSUKON,11,ACEH,1108,KAB. ACEH UTARA,110824,PIRAK TIMUR,1108242020,TEUPIN U,TIDAK,"5.000625110375435, 97.27865153764782"
11,ACEH,11LSM,LHOKSEUMAWE,11223,LHOKSUKON,11,ACEH,1108,KAB. ACEH UTARA,110824,PIRAK TIMUR,1108242021,ALUE BUNGKOH,TIDAK,"4.996879218777057, 97.27258415045992"
11,ACEH,11LSM,LHOKSEUMAWE,11223,LHOKSUKON,11,ACEH,1108,KAB. ACEH UTARA,110824,PIRAK TIMUR,1108242022,PUCOK ALUE,TIDAK,"4.989950650100874, 97.27353378466452"
11,ACEH,11LSM,LHOKSEUMAWE,11223,LHOKSUKON,11,ACEH,1108,KAB. ACEH UTARA,110824,PIRAK TIMUR,1108242023,MEUNYE TUJOH,TIDAK,"4.9964370137310805, 97.26408818805193"
11,ACEH,11LSM,LHOKSEUMAWE,11224,PANTONLABU,11,ACEH,1108,KAB. ACEH UTARA,110801,BAKTIYA,1108012001,KEUDE ALUE IE PUTEH,TIDAK,"5.133058471213837, 97.40846809581825"
11,ACEH,11LSM,LHOKSEUMAWE,11224,PANTONLABU,11,ACEH,1108,KAB. ACEH UTARA,110801,BAKTIYA,1108012002,MEUNASAH ALUE IE PUTEH,TIDAK,"5.133550854804276, 97.40677527457913"
11,ACEH,11LSM,LHOKSEUMAWE,11224,PANTONLABU,11,ACEH,1108,KAB. ACEH UTARA,110801,BAKTIYA,1108012003,PUCOK ALUE,TIDAK,"5.12390545308693, 97.40840721535915"
11,ACEH,11LSM,LHOKSEUMAWE,11224,PANTONLABU,11,ACEH,1108,KAB. ACEH UTARA,110801,BAKTIYA,1108012004,ALUE ANOE TIMU,TIDAK,"5.145585322766972, 97.41211109707493"
11,ACEH,11LSM,LHOKSEUMAWE,11224,PANTONLABU,11,ACEH,1108,KAB. ACEH UTARA,110801,BAKTIYA,1108012005,ALUE ANOE BARAT,TIDAK,"5.143897606839961, 97.40257988154337"
11,ACEH,11LSM,LHOKSEUMAWE,11224,PANTONLABU,11,ACEH,1108,KAB. ACEH UTARA,110801,BAKTIYA,1108012006,PULO SEUKEE,TIDAK,"5.156554583162649, 97.41049457250266"
11,ACEH,11LSM,LHOKSEUMAWE,11224,PANTONLABU,11,ACEH,1108,KAB. ACEH UTARA,110801,BAKTIYA,1108012007,ALUE SERDANG,TIDAK,"5.148340604050766, 97.38583289584062"
11,ACEH,11LSM,LHOKSEUMAWE,11224,PANTONLABU,11,ACEH,1108,KAB. ACEH UTARA,110801,BAKTIYA,1108012008,COT MANE,TIDAK,"5.138080382919091, 97.3838458857975"
11,ACEH,11LSM,LHOKSEUMAWE,11224,PANTONLABU,11,ACEH,1108,KAB. ACEH UTARA,110801,BAKTIYA,1108012009,COT KUMBANG,TIDAK,"5.1382785232501575, 97.40423628922471"
11,ACEH,11LSM,LHOKSEUMAWE,11224,PANTONLABU,11,ACEH,1108,KAB. ACEH UTARA,110801,BAKTIYA,1108012010,MATANG KUMBANG,TIDAK,"5.127999803694451, 97.39089300603521"
11,ACEH,11LSM,LHOKSEUMAWE,11224,PANTONLABU,11,ACEH,1108,KAB. ACEH UTARA,110801,BAKTIYA,1108012011,MATANG KAREUNG,TIDAK,"5.117679363331931, 97.39892563848007"
11,ACEH,11LSM,LHOKSEUMAWE,11224,PANTONLABU,11,ACEH,1108,KAB. ACEH UTARA,110801,BAKTIYA,1108012012,COT ULAYA,TIDAK,"5.116161078419983, 97.38449313142092"
11,ACEH,11LSM,LHOKSEUMAWE,11224,PANTONLABU,11,ACEH,1108,KAB. ACEH UTARA,110801,BAKTIYA,1108012013,ALUE GEUDONG,TIDAK,"5.168834468238211, 97.40907245278018"
11,ACEH,11LSM,LHOKSEUMAWE,11224,PANTONLABU,11,ACEH,1108,KAB. ACEH UTARA,110801,BAKTIYA,1108012014,TANJONG GLUMPANG,TIDAK,"5.177120396824724, 97.35840340706643"
11,ACEH,11LSM,LHOKSEUMAWE,11224,PANTONLABU,11,ACEH,1108,KAB. ACEH UTARA,110801,BAKTIYA,1108012015,MATANG RAYA TIMU,TIDAK,"5.163235707790413, 97.38101954649191"
11,ACEH,11LSM,LHOKSEUMAWE,11224,PANTONLABU,11,ACEH,1108,KAB. ACEH UTARA,110801,BAKTIYA,1108012016,MATANG RAYA BARAT,TIDAK,"5.1648238109671425, 97.37127328105281"
11,ACEH,11LSM,LHOKSEUMAWE,11224,PANTONLABU,11,ACEH,1108,KAB. ACEH UTARA,110801,BAKTIYA,1108012017,MATANG KELAYU,TIDAK,"5.1681246343108524, 97.40260451516714"
11,ACEH,11LSM,LHOKSEUMAWE,11224,PANTONLABU,11,ACEH,1108,KAB. ACEH UTARA,110801,BAKTIYA,1108012018,ALUE BUYA,TIDAK,"5.17019771471575, 97.37950499995847"
11,ACEH,11LSM,LHOKSEUMAWE,11224,PANTONLABU,11,ACEH,1108,KAB. ACEH UTARA,110801,BAKTIYA,1108012019,MATANG CUT,TIDAK,"5.173922115651186, 97.37933619040666"
11,ACEH,11LSM,LHOKSEUMAWE,11224,PANTONLABU,11,ACEH,1108,KAB. ACEH UTARA,110801,BAKTIYA,1108012020,KEUDE PANTEU BREUH,TIDAK,"5.129456696833728, 97.44381419121477"
11,ACEH,11LSM,LHOKSEUMAWE,11224,PANTONLABU,11,ACEH,1108,KAB. ACEH UTARA,110801,BAKTIYA,1108012021,MEUDANG ARA,TIDAK,"5.131611555953065, 97.44896531989936"
11,ACEH,11LSM,LHOKSEUMAWE,11224,PANTONLABU,11,ACEH,1108,KAB. ACEH UTARA,110801,BAKTIYA,1108012022,MEUNASAH BUJOK,TIDAK,"5.135952324444169, 97.44336405902683"
11,ACEH,11LSM,LHOKSEUMAWE,11224,PANTONLABU,11,ACEH,1108,KAB. ACEH UTARA,110801,BAKTIYA,1108012023,ALUE DAMA,TIDAK,"5.126661369659716, 97.43586723017181"
11,ACEH,11LSM,LHOKSEUMAWE,11224,PANTONLABU,11,ACEH,1108,KAB. ACEH UTARA,110801,BAKTIYA,1108012024,COT ARA,TIDAK,"5.119311902221239, 97.43451067343202"
11,ACEH,11LSM,LHOKSEUMAWE,11224,PANTONLABU,11,ACEH,1108,KAB. ACEH UTARA,110801,BAKTIYA,1108012025,RAMBONG DALAM,TIDAK,"5.121212368862916, 97.44144580300778"
11,ACEH,11LSM,LHOKSEUMAWE,11224,PANTONLABU,11,ACEH,1108,KAB. ACEH UTARA,110801,BAKTIYA,1108012026,MEUNASAH GEUDONG,TIDAK,"5.153087316073413, 97.43904590361556"
11,ACEH,11LSM,LHOKSEUMAWE,11224,PANTONLABU,11,ACEH,1108,KAB. ACEH UTARA,110801,BAKTIYA,1108012027,ALUE KEUTAPANG,TIDAK,"5.138472119093172, 97.44253434880196"
11,ACEH,11LSM,LHOKSEUMAWE,11224,PANTONLABU,11,ACEH,1108,KAB. ACEH UTARA,110801,BAKTIYA,1108012028,KRUENG LINGKA BARAT,TIDAK,"5.152636099399599, 97.42963812581806"
11,ACEH,11LSM,LHOKSEUMAWE,11224,PANTONLABU,11,ACEH,1108,KAB. ACEH UTARA,110801,BAKTIYA,1108012029,KRUENG LINGKA TIMU,TIDAK,"5.150725966912137, 97.4338799408152"
11,ACEH,11LSM,LHOKSEUMAWE,11224,PANTONLABU,11,ACEH,1108,KAB. ACEH UTARA,110801,BAKTIYA,1108012030,ALUE JAMOK,TIDAK,"5.1411798797724195, 97.43530993013617"
11,ACEH,11LSM,LHOKSEUMAWE,11224,PANTONLABU,11,ACEH,1108,KAB. ACEH UTARA,110801,BAKTIYA,1108012031,ALUE BILI GEULUMPANG,TIDAK,"5.128297806172149, 97.42021975728831"
11,ACEH,11LSM,LHOKSEUMAWE,11224,PANTONLABU,11,ACEH,1108,KAB. ACEH UTARA,110801,BAKTIYA,1108012032,LHOK SEUTUY,TIDAK,"5.1417533350050855, 97.42523763987563"
11,ACEH,11LSM,LHOKSEUMAWE,11224,PANTONLABU,11,ACEH,1108,KAB. ACEH UTARA,110801,BAKTIYA,1108012033,ALUE BILI RAYEUK,TIDAK,"5.130183900963153, 97.43180198410158"
11,ACEH,11LSM,LHOKSEUMAWE,11224,PANTONLABU,11,ACEH,1108,KAB. ACEH UTARA,110801,BAKTIYA,1108012034,KEUDE MENJEE IV,TIDAK,"5.0984843136681715, 97.41600475007199"
11,ACEH,11LSM,LHOKSEUMAWE,11224,PANTONLABU,11,ACEH,1108,KAB. ACEH UTARA,110801,BAKTIYA,1108012035,GLUMPANG BUNGKOK,TIDAK,"5.287196857502982, 96.03782504472248"
11,ACEH,11LSM,LHOKSEUMAWE,11224,PANTONLABU,11,ACEH,1108,KAB. ACEH UTARA,110801,BAKTIYA,1108012036,MATANG RAWA,TIDAK,"5.113255252867579, 97.41116533922371"
11,ACEH,11LSM,LHOKSEUMAWE,11224,PANTONLABU,11,ACEH,1108,KAB. ACEH UTARA,110801,BAKTIYA,1108012037,GLUMPANG SAMLAKOE,TIDAK,"5.113626694519557, 97.4243458093178"
11,ACEH,11LSM,LHOKSEUMAWE,11224,PANTONLABU,11,ACEH,1108,KAB. ACEH UTARA,110801,BAKTIYA,1108012038,ARONGAN LISE,TIDAK,"5.103301950767027, 97.4169750640199"
11,ACEH,11LSM,LHOKSEUMAWE,11224,PANTONLABU,11,ACEH,1108,KAB. ACEH UTARA,110801,BAKTIYA,1108012039,MATANG REUDEUP,TIDAK,"5.087108296551411, 97.41311306890806"
11,ACEH,11LSM,LHOKSEUMAWE,11224,PANTONLABU,11,ACEH,1108,KAB. ACEH UTARA,110801,BAKTIYA,1108012040,MATANG MANYAM,TIDAK,"5.094103683031336, 97.41730425685151"
11,ACEH,11LSM,LHOKSEUMAWE,11224,PANTONLABU,11,ACEH,1108,KAB. ACEH UTARA,110801,BAKTIYA,1108012041,MATANG ULIM,TIDAK,"5.093146128647074, 97.39975869118989"
11,ACEH,11LSM,LHOKSEUMAWE,11224,PANTONLABU,11,ACEH,1108,KAB. ACEH UTARA,110801,BAKTIYA,1108012042,MATANG BEURINGEN,TIDAK,"5.079278728112485, 97.41052348454343"
11,ACEH,11LSM,LHOKSEUMAWE,11224,PANTONLABU,11,ACEH,1108,KAB. ACEH UTARA,110801,BAKTIYA,1108012043,COT MANYANG,TIDAK,"5.094383410217883, 97.41235501252046"
11,ACEH,11LSM,LHOKSEUMAWE,11224,PANTONLABU,11,ACEH,1108,KAB. ACEH UTARA,110801,BAKTIYA,1108012044,ALUE IE TAREK,TIDAK,"5.106572994193375, 97.40625895451359"
11,ACEH,11LSM,LHOKSEUMAWE,11224,PANTONLABU,11,ACEH,1108,KAB. ACEH UTARA,110801,BAKTIYA,1108012045,ALUE RAMBONG,TIDAK,"5.109112575469247, 97.43263931845615"
11,ACEH,11LSM,LHOKSEUMAWE,11224,PANTONLABU,11,ACEH,1108,KAB. ACEH UTARA,110801,BAKTIYA,1108012046,MATANG LINYA,TIDAK,"5.09991051404817, 97.4067714735292"
11,ACEH,11LSM,LHOKSEUMAWE,11224,PANTONLABU,11,ACEH,1108,KAB. ACEH UTARA,110801,BAKTIYA,1108012047,MATANG LAWANG,TIDAK,"5.108058364369618, 97.3997257263901"
11,ACEH,11LSM,LHOKSEUMAWE,11224,PANTONLABU,11,ACEH,1108,KAB. ACEH UTARA,110801,BAKTIYA,1108012048,GLUMPANG PAYONG,TIDAK,"5.10066203604301, 97.43319894817813"
11,ACEH,11LSM,LHOKSEUMAWE,11224,PANTONLABU,11,ACEH,1108,KAB. ACEH UTARA,110801,BAKTIYA,1108012049,MON SUKON,TIDAK,"5.081623949400478, 97.41798852696405"
11,ACEH,11LSM,LHOKSEUMAWE,11224,PANTONLABU,11,ACEH,1108,KAB. ACEH UTARA,110801,BAKTIYA,1108012050,LUENG BATA,TIDAK,"5.086892972427879, 97.42563980108352"
11,ACEH,11LSM,LHOKSEUMAWE,11224,PANTONLABU,11,ACEH,1108,KAB. ACEH UTARA,110801,BAKTIYA,1108012051,CEUMPEUDAK,TIDAK,"5.101476708720415, 97.09134613467869"
11,ACEH,11LSM,LHOKSEUMAWE,11224,PANTONLABU,11,ACEH,1108,KAB. ACEH UTARA,110801,BAKTIYA,1108012052,BUKET DARA BARO,TIDAK,"5.0721113842901415, 97.42460262339851"
11,ACEH,11LSM,LHOKSEUMAWE,11224,PANTONLABU,11,ACEH,1108,KAB. ACEH UTARA,110801,BAKTIYA,1108012053,MATANG PINEUNG,TIDAK,"5.092252442059164, 97.38897947443003"
11,ACEH,11LSM,LHOKSEUMAWE,11224,PANTONLABU,11,ACEH,1108,KAB. ACEH UTARA,110801,BAKTIYA,1108012054,MATANG BARO,TIDAK,"5.072439087178243, 97.4026120855312"
11,ACEH,11LSM,LHOKSEUMAWE,11224,PANTONLABU,11,ACEH,1108,KAB. ACEH UTARA,110801,BAKTIYA,1108012055,UJONG DAMA,TIDAK,"5.057723301687348, 97.43249091952526"
11,ACEH,11LSM,LHOKSEUMAWE,11222,GEUDONG,11,ACEH,1108,KAB. ACEH UTARA,110808,SAMUDERA,1108082001,PIE,TIDAK,"5.129727600918952, 97.20913271996346"
11,ACEH,11LSM,LHOKSEUMAWE,11222,GEUDONG,11,ACEH,1108,KAB. ACEH UTARA,110808,SAMUDERA,1108082002,ASAN,TIDAK,"5.123411148208087, 97.21047528284976"
11,ACEH,11LSM,LHOKSEUMAWE,11222,GEUDONG,11,ACEH,1108,KAB. ACEH UTARA,110808,SAMUDERA,1108082003,MURONG,TIDAK,"5.125660113210471, 97.20921474371596"
11,ACEH,11LSM,LHOKSEUMAWE,11222,GEUDONG,11,ACEH,1108,KAB. ACEH UTARA,110808,SAMUDERA,1108082004,BLANG KABU,TIDAK,"5.122998205055459, 97.21744959213365"
11,ACEH,11LSM,LHOKSEUMAWE,11222,GEUDONG,11,ACEH,1108,KAB. ACEH UTARA,110808,SAMUDERA,1108082005,MANCANG,TIDAK,"5.116786411531169, 97.21397159303814"
11,ACEH,11LSM,LHOKSEUMAWE,11222,GEUDONG,11,ACEH,1108,KAB. ACEH UTARA,110808,SAMUDERA,1108082006,KEUDE GEUDONG,TIDAK,"5.119726806396738, 97.20847310841289"
11,ACEH,11LSM,LHOKSEUMAWE,11222,GEUDONG,11,ACEH,1108,KAB. ACEH UTARA,110808,SAMUDERA,1108082007,BLANG PEURIA,TIDAK,"5.117219340005515, 97.20362729088889"
11,ACEH,11LSM,LHOKSEUMAWE,11222,GEUDONG,11,ACEH,1108,KAB. ACEH UTARA,110808,SAMUDERA,1108082008,TEUPIN ARA,TIDAK,"5.1124641490484235, 97.21610745184942"
11,ACEH,11LSM,LHOKSEUMAWE,11222,GEUDONG,11,ACEH,1108,KAB. ACEH UTARA,110808,SAMUDERA,1108082009,TEUPIN BEULANGAN,TIDAK,"5.109123725363731, 97.21987786590773"
11,ACEH,11LSM,LHOKSEUMAWE,11222,GEUDONG,11,ACEH,1108,KAB. ACEH UTARA,110808,SAMUDERA,1108082010,KRUENG BARO LANGGAHAN,TIDAK,"5.10776009536795, 97.22451503387047"
11,ACEH,11LSM,LHOKSEUMAWE,11222,GEUDONG,11,ACEH,1108,KAB. ACEH UTARA,110808,SAMUDERA,1108082011,PUSONG,TIDAK,"5.118610525373869, 97.2262450969701"
11,ACEH,11LSM,LHOKSEUMAWE,11222,GEUDONG,11,ACEH,1108,KAB. ACEH UTARA,110808,SAMUDERA,1108082012,TANJONG KLENG,TIDAK,"5.10618295832571, 97.21267801085452"
11,ACEH,11LSM,LHOKSEUMAWE,11222,GEUDONG,11,ACEH,1108,KAB. ACEH UTARA,110808,SAMUDERA,1108082013,GAMPONG BARO,TIDAK,"5.100194504407212, 97.21929960643926"
11,ACEH,11LSM,LHOKSEUMAWE,11222,GEUDONG,11,ACEH,1108,KAB. ACEH UTARA,110808,SAMUDERA,1108082014,BEURINGEN,TIDAK,"5.133378431726797, 97.20299188484294"
11,ACEH,11LSM,LHOKSEUMAWE,11222,GEUDONG,11,ACEH,1108,KAB. ACEH UTARA,110808,SAMUDERA,1108082015,KUTA KRUENG,TIDAK,"5.134448033145366, 97.20917083042515"
11,ACEH,11LSM,LHOKSEUMAWE,11222,GEUDONG,11,ACEH,1108,KAB. ACEH UTARA,110808,SAMUDERA,1108082016,KUTA GLUMPANG,TIDAK,"5.141027041775747, 97.22161181769063"
11,ACEH,11LSM,LHOKSEUMAWE,11222,GEUDONG,11,ACEH,1108,KAB. ACEH UTARA,110808,SAMUDERA,1108082017,MEUCAT,TIDAK,"5.142812799710601, 97.2257140762857"
11,ACEH,11LSM,LHOKSEUMAWE,11222,GEUDONG,11,ACEH,1108,KAB. ACEH UTARA,110808,SAMUDERA,1108082018,KRUENG BARO BLANG MEE,TIDAK,"5.131285128286697, 97.21561315316556"
11,ACEH,11LSM,LHOKSEUMAWE,11222,GEUDONG,11,ACEH,1108,KAB. ACEH UTARA,110808,SAMUDERA,1108082019,UJONG,TIDAK,"5.126538225602125, 97.21837525812595"
11,ACEH,11LSM,LHOKSEUMAWE,11222,GEUDONG,11,ACEH,1108,KAB. ACEH UTARA,110808,SAMUDERA,1108082020,MESJID,TIDAK,"5.128507299593136, 97.2214950333102"
11,ACEH,11LSM,LHOKSEUMAWE,11222,GEUDONG,11,ACEH,1108,KAB. ACEH UTARA,110808,SAMUDERA,1108082021,TEUNGOH,TIDAK,"5.132840812698432, 97.22203038113979"
11,ACEH,11LSM,LHOKSEUMAWE,11222,GEUDONG,11,ACEH,1108,KAB. ACEH UTARA,110808,SAMUDERA,1108082022,KEUDE BLANG MEE PULO KLAT,TIDAK,"5.121373309058795, 97.23284633426542"
11,ACEH,11LSM,LHOKSEUMAWE,11222,GEUDONG,11,ACEH,1108,KAB. ACEH UTARA,110808,SAMUDERA,1108082023,PUUK,TIDAK,"5.143386944861339, 97.23169068283177"
11,ACEH,11LSM,LHOKSEUMAWE,11222,GEUDONG,11,ACEH,1108,KAB. ACEH UTARA,110808,SAMUDERA,1108082024,LANCANG,TIDAK,"5.1382657008671275, 97.2348101849429"
11,ACEH,11LSM,LHOKSEUMAWE,11222,GEUDONG,11,ACEH,1108,KAB. ACEH UTARA,110808,SAMUDERA,1108082025,MATANG ULIM,TIDAK,"5.145293652400693, 97.24742927107518"
11,ACEH,11LSM,LHOKSEUMAWE,11222,GEUDONG,11,ACEH,1108,KAB. ACEH UTARA,110808,SAMUDERA,1108082026,SAWANG,TIDAK,"5.149178731956854, 97.24589670088987"
11,ACEH,11LSM,LHOKSEUMAWE,11222,GEUDONG,11,ACEH,1108,KAB. ACEH UTARA,110808,SAMUDERA,1108082027,LAGA BARO,TIDAK,"5.130227780478902, 97.23171513885"
11,ACEH,11LSM,LHOKSEUMAWE,11222,GEUDONG,11,ACEH,1108,KAB. ACEH UTARA,110808,SAMUDERA,1108082028,PULO,TIDAK,"5.1290282259344275, 97.2269121144435"
11,ACEH,11LSM,LHOKSEUMAWE,11222,GEUDONG,11,ACEH,1108,KAB. ACEH UTARA,110808,SAMUDERA,1108082029,MATANG TUNONG,TIDAK,"5.124618726562505, 97.23159476539571"
11,ACEH,11LSM,LHOKSEUMAWE,11222,GEUDONG,11,ACEH,1108,KAB. ACEH UTARA,110808,SAMUDERA,1108082030,MATANG PUNTONG,TIDAK,"5.130618652444802, 97.23748420348655"
11,ACEH,11LSM,LHOKSEUMAWE,11222,GEUDONG,11,ACEH,1108,KAB. ACEH UTARA,110808,SAMUDERA,1108082031,BLANG NIBONG,TIDAK,"5.156540282469774, 97.25831784918351"
11,ACEH,11LSM,LHOKSEUMAWE,11222,GEUDONG,11,ACEH,1108,KAB. ACEH UTARA,110808,SAMUDERA,1108082032,TANJONG BAROH,TIDAK,"5.102988112250485, 97.22707415493535"
11,ACEH,11LSM,LHOKSEUMAWE,11222,GEUDONG,11,ACEH,1108,KAB. ACEH UTARA,110808,SAMUDERA,1108082033,TANJONG HAGU,TIDAK,"5.090047353708923, 97.23240415564096"
11,ACEH,11LSM,LHOKSEUMAWE,11222,GEUDONG,11,ACEH,1108,KAB. ACEH UTARA,110808,SAMUDERA,1108082034,TANJONG REUNGKAM,TIDAK,"5.085982319530245, 97.23090988527373"
11,ACEH,11LSM,LHOKSEUMAWE,11222,GEUDONG,11,ACEH,1108,KAB. ACEH UTARA,110808,SAMUDERA,1108082035,TANJONG MESJID,TIDAK,"5.070268003672682, 97.23154361048434"
11,ACEH,11LSM,LHOKSEUMAWE,11222,GEUDONG,11,ACEH,1108,KAB. ACEH UTARA,110808,SAMUDERA,1108082036,PAYA TERBANG,TIDAK,"5.063197210357699, 97.22875938752107"
11,ACEH,11LSM,LHOKSEUMAWE,11222,GEUDONG,11,ACEH,1108,KAB. ACEH UTARA,110808,SAMUDERA,1108082037,MADAN,TIDAK,"5.096476959716801, 97.23161288951937"
11,ACEH,11LSM,LHOKSEUMAWE,11222,GEUDONG,11,ACEH,1108,KAB. ACEH UTARA,110808,SAMUDERA,1108082038,TANJONG AWE,TIDAK,"5.078637578235955, 97.23334845130832"
11,ACEH,11LSM,LHOKSEUMAWE,11222,GEUDONG,11,ACEH,1108,KAB. ACEH UTARA,110808,SAMUDERA,1108082039,KITOU,TIDAK,"5.051114065977128, 97.22581052402153"
11,ACEH,11LSM,LHOKSEUMAWE,11222,GEUDONG,11,ACEH,1108,KAB. ACEH UTARA,110808,SAMUDERA,1108082040,KRUENG MATEE,TIDAK,"5.130549578880563, 97.2009037055474"
11,ACEH,11LSM,LHOKSEUMAWE,11222,GEUDONG,11,ACEH,1108,KAB. ACEH UTARA,110810,SYAMTALIRA ARON,1108102001,KEUDE ARON,TIDAK,"5.093086621379653, 97.25077959335384"
11,ACEH,11LSM,LHOKSEUMAWE,11222,GEUDONG,11,ACEH,1108,KAB. ACEH UTARA,110810,SYAMTALIRA ARON,1108102002,DAYAH ARON,TIDAK,"5.0928681553720105, 97.24986608717461"
11,ACEH,11LSM,LHOKSEUMAWE,11222,GEUDONG,11,ACEH,1108,KAB. ACEH UTARA,110810,SYAMTALIRA ARON,1108102003,MONCRANG,TIDAK,"5.096109966967625, 97.2542120198666"
11,ACEH,11LSM,LHOKSEUMAWE,11222,GEUDONG,11,ACEH,1108,KAB. ACEH UTARA,110810,SYAMTALIRA ARON,1108102004,KANOT,TIDAK,"5.094478691110091, 97.25833939016901"
11,ACEH,11LSM,LHOKSEUMAWE,11222,GEUDONG,11,ACEH,1108,KAB. ACEH UTARA,110810,SYAMTALIRA ARON,1108102005,MEURIA ARON,TIDAK,"5.0911155196829245, 97.25708323928036"
11,ACEH,11LSM,LHOKSEUMAWE,11222,GEUDONG,11,ACEH,1108,KAB. ACEH UTARA,110810,SYAMTALIRA ARON,1108102006,MEE ARON,TIDAK,"5.0902223111056655, 97.25085086579851"
11,ACEH,11LSM,LHOKSEUMAWE,11222,GEUDONG,11,ACEH,1108,KAB. ACEH UTARA,110810,SYAMTALIRA ARON,1108102008,CIBREK BAROH,TIDAK,"5.104028820394767, 97.2473229358502"
11,ACEH,11LSM,LHOKSEUMAWE,11222,GEUDONG,11,ACEH,1108,KAB. ACEH UTARA,110810,SYAMTALIRA ARON,1108102009,CIBREK TUNONG,TIDAK,"5.104663554938401, 97.24418382341032"
11,ACEH,11LSM,LHOKSEUMAWE,11222,GEUDONG,11,ACEH,1108,KAB. ACEH UTARA,110810,SYAMTALIRA ARON,1108102010,MATANG MUNYE,TIDAK,"5.078324761817059, 97.24601571409262"
11,ACEH,11LSM,LHOKSEUMAWE,11222,GEUDONG,11,ACEH,1108,KAB. ACEH UTARA,110810,SYAMTALIRA ARON,1108102011,PANTE,TIDAK,"5.108145254087931, 97.23079933591028"
11,ACEH,11LSM,LHOKSEUMAWE,11222,GEUDONG,11,ACEH,1108,KAB. ACEH UTARA,110810,SYAMTALIRA ARON,1108102012,KEUTAPANG,TIDAK,"5.110577809883701, 97.22881549453507"
11,ACEH,11LSM,LHOKSEUMAWE,11222,GEUDONG,11,ACEH,1108,KAB. ACEH UTARA,110810,SYAMTALIRA ARON,1108102013,BLANG,TIDAK,"5.087917510568448, 97.24007300612163"
11,ACEH,11LSM,LHOKSEUMAWE,11222,GEUDONG,11,ACEH,1108,KAB. ACEH UTARA,110810,SYAMTALIRA ARON,1108102014,TEUNGOH,TIDAK,"5.092142455216568, 97.24041470629089"
11,ACEH,11LSM,LHOKSEUMAWE,11222,GEUDONG,11,ACEH,1108,KAB. ACEH UTARA,110810,SYAMTALIRA ARON,1108102015,TANJONG KRUENG PASE,TIDAK,"5.081873249620672, 97.23909572875513"
11,ACEH,11LSM,LHOKSEUMAWE,11222,GEUDONG,11,ACEH,1108,KAB. ACEH UTARA,110810,SYAMTALIRA ARON,1108102016,MESJID,TIDAK,"5.102510493565614, 97.23197210128767"
11,ACEH,11LSM,LHOKSEUMAWE,11222,GEUDONG,11,ACEH,1108,KAB. ACEH UTARA,110810,SYAMTALIRA ARON,1108102017,KEUDE TEUPIN PUNTI,TIDAK,"5.112468394537211, 97.22983742097207"
11,ACEH,11LSM,LHOKSEUMAWE,11222,GEUDONG,11,ACEH,1108,KAB. ACEH UTARA,110810,SYAMTALIRA ARON,1108102018,KUMBANG,TIDAK,"5.099263912467959, 97.2381537342316"
11,ACEH,11LSM,LHOKSEUMAWE,11222,GEUDONG,11,ACEH,1108,KAB. ACEH UTARA,110810,SYAMTALIRA ARON,1108102019,GAMPONG U,TIDAK,"5.0929710083567485, 97.26587774139057"
11,ACEH,11LSM,LHOKSEUMAWE,11222,GEUDONG,11,ACEH,1108,KAB. ACEH UTARA,110810,SYAMTALIRA ARON,1108102022,PEURUPOK,TIDAK,"5.10625696763326, 97.27498891336049"
11,ACEH,11LSM,LHOKSEUMAWE,11222,GEUDONG,11,ACEH,1108,KAB. ACEH UTARA,110810,SYAMTALIRA ARON,1108102024,PULO,TIDAK,"5.100672118075255, 97.27527207752544"
11,ACEH,11LSM,LHOKSEUMAWE,11222,GEUDONG,11,ACEH,1108,KAB. ACEH UTARA,110810,SYAMTALIRA ARON,1108102025,KULAM,TIDAK,"5.124646420074544, 97.24984031850619"
11,ACEH,11LSM,LHOKSEUMAWE,11222,GEUDONG,11,ACEH,1108,KAB. ACEH UTARA,110810,SYAMTALIRA ARON,1108102026,AMPEH,TIDAK,"5.118592289093672, 97.25288744762665"
11,ACEH,11LSM,LHOKSEUMAWE,11222,GEUDONG,11,ACEH,1108,KAB. ACEH UTARA,110810,SYAMTALIRA ARON,1108102027,DAYAH MEURIA,TIDAK,"5.120597838623144, 97.25898593272083"
11,ACEH,11LSM,LHOKSEUMAWE,11222,GEUDONG,11,ACEH,1108,KAB. ACEH UTARA,110810,SYAMTALIRA ARON,1108102028,MAMPREE,TIDAK,"5.11727824222757, 97.25149263810884"
11,ACEH,11LSM,LHOKSEUMAWE,11222,GEUDONG,11,ACEH,1108,KAB. ACEH UTARA,110810,SYAMTALIRA ARON,1108102029,MEUCAT,TIDAK,"5.10198144198602, 97.25417666227162"
11,ACEH,11LSM,LHOKSEUMAWE,11222,GEUDONG,11,ACEH,1108,KAB. ACEH UTARA,110810,SYAMTALIRA ARON,1108102030,ARA,TIDAK,"5.114295283443806, 97.25822016772376"
11,ACEH,11LSM,LHOKSEUMAWE,11222,GEUDONG,11,ACEH,1108,KAB. ACEH UTARA,110810,SYAMTALIRA ARON,1108102031,HAGU,TIDAK,"5.112676544301054, 97.2511875562341"
11,ACEH,11LSM,LHOKSEUMAWE,11222,GEUDONG,11,ACEH,1108,KAB. ACEH UTARA,110810,SYAMTALIRA ARON,1108102032,AWE,TIDAK,"5.1089925271548875, 97.25434069129258"
11,ACEH,11LSM,LHOKSEUMAWE,11222,GEUDONG,11,ACEH,1108,KAB. ACEH UTARA,110810,SYAMTALIRA ARON,1108102033,TANJONG MULIENG,TIDAK,"5.1061845648986735, 97.25647152771225"
11,ACEH,11LSM,LHOKSEUMAWE,11222,GEUDONG,11,ACEH,1108,KAB. ACEH UTARA,110810,SYAMTALIRA ARON,1108102034,DAYA TEUNGKU,TIDAK,"5.103150733669019, 97.25432436644854"
11,ACEH,11LSM,LHOKSEUMAWE,11222,GEUDONG,11,ACEH,1108,KAB. ACEH UTARA,110811,SYAMTALIRA BAYU,1108112001,BALE,TIDAK,"5.106775322873979, 97.19803812199535"
11,ACEH,11LSM,LHOKSEUMAWE,11222,GEUDONG,11,ACEH,1108,KAB. ACEH UTARA,110811,SYAMTALIRA BAYU,1108112002,BIE,TIDAK,"5.1106873385879155, 97.19357322258759"
11,ACEH,11LSM,LHOKSEUMAWE,11222,GEUDONG,11,ACEH,1108,KAB. ACEH UTARA,110811,SYAMTALIRA BAYU,1108112003,BEURANDANG,TIDAK,"5.115781973615672, 97.19386958894512"
11,ACEH,11LSM,LHOKSEUMAWE,11222,GEUDONG,11,ACEH,1108,KAB. ACEH UTARA,110811,SYAMTALIRA BAYU,1108112004,BARO KULAM GAJAH,TIDAK,"5.113472956433417, 97.19555890655232"
11,ACEH,11LSM,LHOKSEUMAWE,11222,GEUDONG,11,ACEH,1108,KAB. ACEH UTARA,110811,SYAMTALIRA BAYU,1108112005,GLONG,TIDAK,"5.113414063634465, 97.18872599731077"
11,ACEH,11LSM,LHOKSEUMAWE,11222,GEUDONG,11,ACEH,1108,KAB. ACEH UTARA,110811,SYAMTALIRA BAYU,1108112006,NIBONG,TIDAK,"5.017264128935121, 97.20599800687829"
11,ACEH,11LSM,LHOKSEUMAWE,11222,GEUDONG,11,ACEH,1108,KAB. ACEH UTARA,110811,SYAMTALIRA BAYU,1108112007,LANGA,TIDAK,"5.118502668038761, 97.18105321449087"
11,ACEH,11LSM,LHOKSEUMAWE,11222,GEUDONG,11,ACEH,1108,KAB. ACEH UTARA,110811,SYAMTALIRA BAYU,1108112008,BEUNOT,TIDAK,"5.1127520529102615, 97.18372198243239"
11,ACEH,11LSM,LHOKSEUMAWE,11222,GEUDONG,11,ACEH,1108,KAB. ACEH UTARA,110811,SYAMTALIRA BAYU,1108112009,KEUDE BAYU,TIDAK,"5.117310294102265, 97.19021401856558"
11,ACEH,11LSM,LHOKSEUMAWE,11222,GEUDONG,11,ACEH,1108,KAB. ACEH UTARA,110811,SYAMTALIRA BAYU,1108112010,BLANG BAYU,TIDAK,"5.119837756638276, 97.19378366360147"
11,ACEH,11LSM,LHOKSEUMAWE,11222,GEUDONG,11,ACEH,1108,KAB. ACEH UTARA,110811,SYAMTALIRA BAYU,1108112011,DAYAH TUHA,TIDAK,"5.1254830329099, 97.1928028218393"
11,ACEH,11LSM,LHOKSEUMAWE,11222,GEUDONG,11,ACEH,1108,KAB. ACEH UTARA,110811,SYAMTALIRA BAYU,1108112012,DAYAH BARO,TIDAK,"5.1272912457981645, 97.1959706941102"
11,ACEH,11LSM,LHOKSEUMAWE,11222,GEUDONG,11,ACEH,1108,KAB. ACEH UTARA,110811,SYAMTALIRA BAYU,1108112013,LANCOK,TIDAK,"5.1401826970793, 97.18515213948282"
11,ACEH,11LSM,LHOKSEUMAWE,11222,GEUDONG,11,ACEH,1108,KAB. ACEH UTARA,110811,SYAMTALIRA BAYU,1108112014,PUNTI,TIDAK,"5.129888882609027, 97.17923673974724"
11,ACEH,11LSM,LHOKSEUMAWE,11222,GEUDONG,11,ACEH,1108,KAB. ACEH UTARA,110811,SYAMTALIRA BAYU,1108112015,BUNGONG,TIDAK,"5.123790793911712, 97.18803936716938"
11,ACEH,11LSM,LHOKSEUMAWE,11222,GEUDONG,11,ACEH,1108,KAB. ACEH UTARA,110811,SYAMTALIRA BAYU,1108112016,BAROH BLANG RIMUENG,TIDAK,"5.127451310454015, 97.18792193541732"
11,ACEH,11LSM,LHOKSEUMAWE,11222,GEUDONG,11,ACEH,1108,KAB. ACEH UTARA,110811,SYAMTALIRA BAYU,1108112017,ULEE MEURIA,TIDAK,"5.093400432106926, 97.21504017005756"
11,ACEH,11LSM,LHOKSEUMAWE,11222,GEUDONG,11,ACEH,1108,KAB. ACEH UTARA,110811,SYAMTALIRA BAYU,1108112018,KAYEE PANYANG,TIDAK,"5.084241842526941, 97.1914919628316"
11,ACEH,11LSM,LHOKSEUMAWE,11222,GEUDONG,11,ACEH,1108,KAB. ACEH UTARA,110811,SYAMTALIRA BAYU,1108112019,RHENG,TIDAK,"5.092125275240489, 97.19172026667485"
11,ACEH,11LSM,LHOKSEUMAWE,11222,GEUDONG,11,ACEH,1108,KAB. ACEH UTARA,110811,SYAMTALIRA BAYU,1108112020,TRIENG MEUDUROU,TIDAK,"5.094981936598765, 97.19013871810877"
11,ACEH,11LSM,LHOKSEUMAWE,11222,GEUDONG,11,ACEH,1108,KAB. ACEH UTARA,110811,SYAMTALIRA BAYU,1108112021,ULEE GAMPONG,TIDAK,"5.099829641806253, 97.19147924144562"
11,ACEH,11LSM,LHOKSEUMAWE,11222,GEUDONG,11,ACEH,1108,KAB. ACEH UTARA,110811,SYAMTALIRA BAYU,1108112022,GARUT,TIDAK,"5.101936243532767, 97.1862118187255"
11,ACEH,11LSM,LHOKSEUMAWE,11222,GEUDONG,11,ACEH,1108,KAB. ACEH UTARA,110811,SYAMTALIRA BAYU,1108112023,BLANG AWE,TIDAK,"5.102959102756161, 97.17863504558032"
11,ACEH,11LSM,LHOKSEUMAWE,11222,GEUDONG,11,ACEH,1108,KAB. ACEH UTARA,110811,SYAMTALIRA BAYU,1108112024,PULO BLANG MANGAT,TIDAK,"5.104548907525803, 97.18444805289576"
11,ACEH,11LSM,LHOKSEUMAWE,11222,GEUDONG,11,ACEH,1108,KAB. ACEH UTARA,110811,SYAMTALIRA BAYU,1108112025,CIBREK,TIDAK,"5.098115333891872, 97.18205094360367"
11,ACEH,11LSM,LHOKSEUMAWE,11222,GEUDONG,11,ACEH,1108,KAB. ACEH UTARA,110811,SYAMTALIRA BAYU,1108112026,PULO BLANG TRIENG,TIDAK,"5.093570782751919, 97.18250609221035"
11,ACEH,11LSM,LHOKSEUMAWE,11222,GEUDONG,11,ACEH,1108,KAB. ACEH UTARA,110811,SYAMTALIRA BAYU,1108112027,MEUDANG ARA,TIDAK,"5.0407911909393865, 97.1807332010153"
11,ACEH,11LSM,LHOKSEUMAWE,11222,GEUDONG,11,ACEH,1108,KAB. ACEH UTARA,110811,SYAMTALIRA BAYU,1108112028,COT NEUHEUN,TIDAK,"5.050804995254021, 97.19004101957302"
11,ACEH,11LSM,LHOKSEUMAWE,11222,GEUDONG,11,ACEH,1108,KAB. ACEH UTARA,110811,SYAMTALIRA BAYU,1108112029,TUMPEUN,TIDAK,"5.055484491822792, 97.1919585247509"
11,ACEH,11LSM,LHOKSEUMAWE,11222,GEUDONG,11,ACEH,1108,KAB. ACEH UTARA,110811,SYAMTALIRA BAYU,1108112030,ALEN,TIDAK,"5.063042545600845, 97.18827909811907"
11,ACEH,11LSM,LHOKSEUMAWE,11222,GEUDONG,11,ACEH,1108,KAB. ACEH UTARA,110811,SYAMTALIRA BAYU,1108112031,DAYAH BLANG SEUREUKUY,TIDAK,"5.0695163226770275, 97.19106569221728"
11,ACEH,11LSM,LHOKSEUMAWE,11222,GEUDONG,11,ACEH,1108,KAB. ACEH UTARA,110811,SYAMTALIRA BAYU,1108112032,BLANG PATRA,TIDAK,"5.0697595438954135, 97.18468706010782"
11,ACEH,11LSM,LHOKSEUMAWE,11222,GEUDONG,11,ACEH,1108,KAB. ACEH UTARA,110811,SYAMTALIRA BAYU,1108112033,BLANG MAJRON,TIDAK,"5.077703864006652, 97.18523615549896"
11,ACEH,11LSM,LHOKSEUMAWE,11222,GEUDONG,11,ACEH,1108,KAB. ACEH UTARA,110811,SYAMTALIRA BAYU,1108112034,SEUNEUBOK BARO,TIDAK,"5.080011909341392, 97.16761296863389"
11,ACEH,11LSM,LHOKSEUMAWE,11222,GEUDONG,11,ACEH,1108,KAB. ACEH UTARA,110811,SYAMTALIRA BAYU,1108112035,BUKET GLUMPANG,TIDAK,"5.069448039980242, 97.16302878673703"
11,ACEH,11LSM,LHOKSEUMAWE,11222,GEUDONG,11,ACEH,1108,KAB. ACEH UTARA,110811,SYAMTALIRA BAYU,1108112037,ALUE MAJRON,TIDAK,"5.078474805914413, 97.17986042629923"
11,ACEH,11LSM,LHOKSEUMAWE,11222,GEUDONG,11,ACEH,1108,KAB. ACEH UTARA,110811,SYAMTALIRA BAYU,1108112038,SIREN TUJOH,TIDAK,"5.056801137018538, 97.18230583328383"
11,ACEH,11LSM,LHOKSEUMAWE,11222,GEUDONG,11,ACEH,1108,KAB. ACEH UTARA,110811,SYAMTALIRA BAYU,1108112047,BLANG SEUREUKUY,TIDAK,"5.076019053409564, 97.19175666923849"
11,ACEH,11LSM,LHOKSEUMAWE,11222,GEUDONG,11,ACEH,1108,KAB. ACEH UTARA,110812,TANAH LUAS,1108122057,BUKET MAKARTI,TIDAK,"4.978333259598674, 97.1371624200494"
11,ACEH,11LSM,LHOKSEUMAWE,11222,GEUDONG,11,ACEH,1108,KAB. ACEH UTARA,110813,TANAH PASIR,1108132001,ALUE,TIDAK,"5.1178453024816815, 97.23889201770226"
11,ACEH,11LSM,LHOKSEUMAWE,11222,GEUDONG,11,ACEH,1108,KAB. ACEH UTARA,110813,TANAH PASIR,1108132002,MEE MATANG PANYANG,TIDAK,"5.1220382249373815, 97.24072446185413"
11,ACEH,11LSM,LHOKSEUMAWE,11222,GEUDONG,11,ACEH,1108,KAB. ACEH UTARA,110813,TANAH PASIR,1108132003,BLANG,TIDAK,"5.125795807896346, 97.24392227702958"
11,ACEH,11LSM,LHOKSEUMAWE,11222,GEUDONG,11,ACEH,1108,KAB. ACEH UTARA,110813,TANAH PASIR,1108132004,PALOH,TIDAK,"5.130272062399602, 97.24667762146221"
11,ACEH,11LSM,LHOKSEUMAWE,11222,GEUDONG,11,ACEH,1108,KAB. ACEH UTARA,110813,TANAH PASIR,1108132005,KEUDE MATANG PAYANG,TIDAK,"5.130216387810707, 97.24744697130565"
11,ACEH,11LSM,LHOKSEUMAWE,11222,GEUDONG,11,ACEH,1108,KAB. ACEH UTARA,110813,TANAH PASIR,1108132006,GAMPONG PANDE,TIDAK,"5.135293890904574, 97.24563416890564"
11,ACEH,11LSM,LHOKSEUMAWE,11222,GEUDONG,11,ACEH,1108,KAB. ACEH UTARA,110813,TANAH PASIR,1108132008,CANGGUEK,TIDAK,"5.137548675176466, 97.2594138192428"
11,ACEH,11LSM,LHOKSEUMAWE,11222,GEUDONG,11,ACEH,1108,KAB. ACEH UTARA,110813,TANAH PASIR,1108132009,KUMBANG,TIDAK,"5.132905080802867, 97.25498695276147"
11,ACEH,11LSM,LHOKSEUMAWE,11222,GEUDONG,11,ACEH,1108,KAB. ACEH UTARA,110813,TANAH PASIR,1108132010,PRIE,TIDAK,"5.130691254379334, 97.26196052276207"
11,ACEH,11LSM,LHOKSEUMAWE,11222,GEUDONG,11,ACEH,1108,KAB. ACEH UTARA,110813,TANAH PASIR,1108132011,KEUTAPANG,TIDAK,"5.138257794550461, 97.26196123917057"
11,ACEH,11LSM,LHOKSEUMAWE,11222,GEUDONG,11,ACEH,1108,KAB. ACEH UTARA,110813,TANAH PASIR,1108132012,KEUDE JRAT MANYANG,TIDAK,"5.14131922167672, 97.26351879446308"
11,ACEH,11LSM,LHOKSEUMAWE,11222,GEUDONG,11,ACEH,1108,KAB. ACEH UTARA,110813,TANAH PASIR,1108132013,TEUPIN GAPEUH,TIDAK,"5.142192553824327, 97.26861832512962"
11,ACEH,11LSM,LHOKSEUMAWE,11222,GEUDONG,11,ACEH,1108,KAB. ACEH UTARA,110813,TANAH PASIR,1108132014,CIBREK,TIDAK,"5.143471741558583, 97.27389834425844"
11,ACEH,11LSM,LHOKSEUMAWE,11222,GEUDONG,11,ACEH,1108,KAB. ACEH UTARA,110813,TANAH PASIR,1108132015,ME MERBO,TIDAK,"5.127177537798357, 97.27715444777957"
11,ACEH,11LSM,LHOKSEUMAWE,11222,GEUDONG,11,ACEH,1108,KAB. ACEH UTARA,110813,TANAH PASIR,1108132017,MATANG JANENG,TIDAK,"5.149580288266791, 97.26437763170759"
11,ACEH,11LSM,LHOKSEUMAWE,11222,GEUDONG,11,ACEH,1108,KAB. ACEH UTARA,110813,TANAH PASIR,1108132018,KUALA KEUREUTOU BARAT,TIDAK,"5.165584810774497, 97.27692790571122"
11,ACEH,11LSM,LHOKSEUMAWE,11222,GEUDONG,11,ACEH,1108,KAB. ACEH UTARA,110822,SIMPANG KRAMAT,1108222015,PASE SENTOSA,TIDAK,"5.003488957721089, 97.05076542522148"
11,ACEH,11LSM,LHOKSEUMAWE,11222,GEUDONG,11,ACEH,1108,KAB. ACEH UTARA,110825,GEUREDONG PASE,1108252001,LHOK ASAN,TIDAK,"5.04532361788727, 97.15398406778618"
11,ACEH,11LSM,LHOKSEUMAWE,11222,GEUDONG,11,ACEH,1108,KAB. ACEH UTARA,110825,GEUREDONG PASE,1108252002,DARUL AMAN,TIDAK,"5.059023255793129, 97.16270235546725"
11,ACEH,11LSM,LHOKSEUMAWE,11222,GEUDONG,11,ACEH,1108,KAB. ACEH UTARA,110825,GEUREDONG PASE,1108252003,ALUE AWE,TIDAK,"5.025259963442046, 97.15288543756215"
11,ACEH,11LSM,LHOKSEUMAWE,11222,GEUDONG,11,ACEH,1108,KAB. ACEH UTARA,110825,GEUREDONG PASE,1108252004,DARUSSALAM,TIDAK,"5.0110987517392855, 97.14883874477496"
11,ACEH,11LSM,LHOKSEUMAWE,11222,GEUDONG,11,ACEH,1108,KAB. ACEH UTARA,110825,GEUREDONG PASE,1108252005,RAYEUK JAWA,TIDAK,"5.000717107737453, 97.13339669375844"
11,ACEH,11LSM,LHOKSEUMAWE,11222,GEUDONG,11,ACEH,1108,KAB. ACEH UTARA,110825,GEUREDONG PASE,1108252006,DAYAH SEUPENG,TIDAK,"4.989248758943689, 97.11222424649878"
11,ACEH,11LSM,LHOKSEUMAWE,11222,GEUDONG,11,ACEH,1108,KAB. ACEH UTARA,110825,GEUREDONG PASE,1108252007,URAM JALAN,TIDAK,"5.023256634206565, 97.1177279678468"
11,ACEH,11LSM,LHOKSEUMAWE,11222,GEUDONG,11,ACEH,1108,KAB. ACEH UTARA,110825,GEUREDONG PASE,1108252008,PEUDARI,TIDAK,"4.993077306917725, 97.11973176122528"
11,ACEH,11LSM,LHOKSEUMAWE,11222,GEUDONG,11,ACEH,1108,KAB. ACEH UTARA,110825,GEUREDONG PASE,1108252009,KRUENG MBANG,TIDAK,"4.982770330270319, 97.1008437348187"
11,ACEH,11LSM,LHOKSEUMAWE,11222,GEUDONG,11,ACEH,1108,KAB. ACEH UTARA,110825,GEUREDONG PASE,1108252010,PULO MEURIA,TIDAK,"4.986118675743104, 97.09459343414764"
11,ACEH,11LSM,LHOKSEUMAWE,11222,GEUDONG,11,ACEH,1108,KAB. ACEH UTARA,110825,GEUREDONG PASE,1108252011,SUKA DAMAI,TIDAK,"4.996223582587617, 97.0658199771498"
11,ACEH,11LSM,LHOKSEUMAWE,11222,GEUDONG,11,ACEH,1173,KOTA LHOKSEUMAWE,117303,BLANG MANGAT,1173032001,KUALA,TIDAK,"5.146214211619926, 97.15501774721416"
11,ACEH,11LSM,LHOKSEUMAWE,11222,GEUDONG,11,ACEH,1173,KOTA LHOKSEUMAWE,117303,BLANG MANGAT,1173032002,BLANG CUT,TIDAK,"5.137312448989394, 97.16125911135843"
11,ACEH,11LSM,LHOKSEUMAWE,11222,GEUDONG,11,ACEH,1173,KOTA LHOKSEUMAWE,117303,BLANG MANGAT,1173032003,JAMBO MESJID,TIDAK,"5.144035702346865, 97.16224940325053"
11,ACEH,11LSM,LHOKSEUMAWE,11222,GEUDONG,11,ACEH,1173,KOTA LHOKSEUMAWE,117303,BLANG MANGAT,1173032004,JAMBO TIMU,TIDAK,"5.141013361396044, 97.16903350618286"
11,ACEH,11LSM,LHOKSEUMAWE,11222,GEUDONG,11,ACEH,1173,KOTA LHOKSEUMAWE,117303,BLANG MANGAT,1173032005,TUNONG,TIDAK,"5.1277081627482275, 97.16990314330303"
11,ACEH,11LSM,LHOKSEUMAWE,11222,GEUDONG,11,ACEH,1173,KOTA LHOKSEUMAWE,117303,BLANG MANGAT,1173032006,BLANG TEUE,TIDAK,"5.133557193982977, 97.17326969784341"
11,ACEH,11LSM,LHOKSEUMAWE,11222,GEUDONG,11,ACEH,1173,KOTA LHOKSEUMAWE,117303,BLANG MANGAT,1173032007,TEUNGOH,TIDAK,"5.133263266904656, 97.16246820367208"
11,ACEH,11LSM,LHOKSEUMAWE,11222,GEUDONG,11,ACEH,1173,KOTA LHOKSEUMAWE,117303,BLANG MANGAT,1173032008,BALOI,TIDAK,"5.122206639468375, 97.17347668916645"
11,ACEH,11LSM,LHOKSEUMAWE,11222,GEUDONG,11,ACEH,1173,KOTA LHOKSEUMAWE,117303,BLANG MANGAT,1173032009,MANE KAREUNG,TIDAK,"5.08857535848845, 97.17428010142908"
11,ACEH,11LSM,LHOKSEUMAWE,11222,GEUDONG,11,ACEH,1173,KOTA LHOKSEUMAWE,117303,BLANG MANGAT,1173032010,ASAN KAREUNG,TIDAK,"5.098219406416449, 97.16912807865607"
11,ACEH,11LSM,LHOKSEUMAWE,11222,GEUDONG,11,ACEH,1173,KOTA LHOKSEUMAWE,117303,BLANG MANGAT,1173032011,RAYEUK KAREUNG,TIDAK,"5.1064317399401284, 97.16670424234646"
11,ACEH,11LSM,LHOKSEUMAWE,11222,GEUDONG,11,ACEH,1173,KOTA LHOKSEUMAWE,117303,BLANG MANGAT,1173032012,BLANG PUNTEUET,TIDAK,"5.113658402946277, 97.16737377649319"
11,ACEH,11LSM,LHOKSEUMAWE,11222,GEUDONG,11,ACEH,1173,KOTA LHOKSEUMAWE,117303,BLANG MANGAT,1173032013,KUMBANG PUNTEUET,TIDAK,"5.113909872663379, 97.16176559451722"
11,ACEH,11LSM,LHOKSEUMAWE,11222,GEUDONG,11,ACEH,1173,KOTA LHOKSEUMAWE,117303,BLANG MANGAT,1173032014,MESJID PUNTEUET,TIDAK,"5.120155913884872, 97.1536666942864"
11,ACEH,11LSM,LHOKSEUMAWE,11222,GEUDONG,11,ACEH,1173,KOTA LHOKSEUMAWE,117303,BLANG MANGAT,1173032015,ULEE BLANG MANE,TIDAK,"5.116056531622759, 97.17349009353715"
11,ACEH,11LSM,LHOKSEUMAWE,11222,GEUDONG,11,ACEH,1173,KOTA LHOKSEUMAWE,117303,BLANG MANGAT,1173032016,KEUDE PUNTEUET,TIDAK,"5.116300099036226, 97.1677091693717"
11,ACEH,11LSM,LHOKSEUMAWE,11223,LHOKSUKON,11,ACEH,1108,KAB. ACEH UTARA,110801,BAKTIYA,1108012056,BABUSSALAM,TIDAK,"5.116300099036226, 97.1677091693717"
11,ACEH,11LSM,LHOKSEUMAWE,11223,LHOKSUKON,11,ACEH,1108,KAB. ACEH UTARA,110801,BAKTIYA,1108012057,CINTA MAKMUR,TIDAK,"5.040948049691893, 97.41627697643005"
11,ACEH,11LSM,LHOKSEUMAWE,11226,MATANG GLUMPANG DUA,11,ACEH,1111,KAB. BIREUEN,111105,PEUSANGAN,1111052003,MEUNASAH TIMU,TIDAK,"5.203264478278506, 96.7872807830337"
11,ACEH,11LSM,LHOKSEUMAWE,11226,MATANG GLUMPANG DUA,11,ACEH,1111,KAB. BIREUEN,111105,PEUSANGAN,1111052004,KEUDE MATANG GLUMPANG DUA,TIDAK,"5.197516303589536, 96.78906410252743"
11,ACEH,11LSM,LHOKSEUMAWE,11226,MATANG GLUMPANG DUA,11,ACEH,1111,KAB. BIREUEN,111105,PEUSANGAN,1111052005,MEUNASAH DAYAH,TIDAK,"5.202098688467034, 96.78398789859757"
11,ACEH,11LSM,LHOKSEUMAWE,11226,MATANG GLUMPANG DUA,11,ACEH,1111,KAB. BIREUEN,111105,PEUSANGAN,1111052006,PANTE GAJAH,TIDAK,"5.196988630713299, 96.79067669918582"
11,ACEH,11LSM,LHOKSEUMAWE,11226,MATANG GLUMPANG DUA,11,ACEH,1111,KAB. BIREUEN,111105,PEUSANGAN,1111052007,BLANG ASAN,TIDAK,"5.196798461657008, 96.79837876145484"
11,ACEH,11LSM,LHOKSEUMAWE,11226,MATANG GLUMPANG DUA,11,ACEH,1111,KAB. BIREUEN,111105,PEUSANGAN,1111052008,PAYA CUT,TIDAK,"5.188138938048498, 96.79178424170038"
11,ACEH,11LSM,LHOKSEUMAWE,11226,MATANG GLUMPANG DUA,11,ACEH,1111,KAB. BIREUEN,111105,PEUSANGAN,1111052009,SEUNEUBOK ACEH,TIDAK,"5.188882400359561, 96.78076391493035"
11,ACEH,11LSM,LHOKSEUMAWE,11226,MATANG GLUMPANG DUA,11,ACEH,1111,KAB. BIREUEN,111105,PEUSANGAN,1111052010,PANTON GEULIMA,TIDAK,"5.191132869994022, 96.77702104129429"
11,ACEH,11LSM,LHOKSEUMAWE,11226,MATANG GLUMPANG DUA,11,ACEH,1111,KAB. BIREUEN,111105,PEUSANGAN,1111052011,NEUHEUN,TIDAK,"5.193879451173184, 96.7841894797801"
11,ACEH,11LSM,LHOKSEUMAWE,11226,MATANG GLUMPANG DUA,11,ACEH,1111,KAB. BIREUEN,111105,PEUSANGAN,1111052012,MATANG SAGOE,TIDAK,"5.199556062841038, 96.77582193259948"
11,ACEH,11LSM,LHOKSEUMAWE,11226,MATANG GLUMPANG DUA,11,ACEH,1111,KAB. BIREUEN,111105,PEUSANGAN,1111052013,MATANG MESJID,TIDAK,"5.204186502101948, 96.78119303742183"
11,ACEH,11LSM,LHOKSEUMAWE,11226,MATANG GLUMPANG DUA,11,ACEH,1111,KAB. BIREUEN,111105,PEUSANGAN,1111052014,MATANG COT PASEH,TIDAK,"5.2108374592994195, 96.77938390076989"
11,ACEH,11LSM,LHOKSEUMAWE,11226,MATANG GLUMPANG DUA,11,ACEH,1111,KAB. BIREUEN,111105,PEUSANGAN,1111052015,COT PANJOE,TIDAK,"5.211211771308859, 96.77140777882363"
11,ACEH,11LSM,LHOKSEUMAWE,11226,MATANG GLUMPANG DUA,11,ACEH,1111,KAB. BIREUEN,111105,PEUSANGAN,1111052016,PAYA LIPAH,TIDAK,"5.194284176561039, 96.76971501690034"
11,ACEH,11LSM,LHOKSEUMAWE,11226,MATANG GLUMPANG DUA,11,ACEH,1111,KAB. BIREUEN,111105,PEUSANGAN,1111052017,PAYA MEUNENG,TIDAK,"5.202520758700414, 96.76610110723448"
11,ACEH,11LSM,LHOKSEUMAWE,11226,MATANG GLUMPANG DUA,11,ACEH,1111,KAB. BIREUEN,111105,PEUSANGAN,1111052018,KEUDE TANJONG,TIDAK,"5.2085868412316, 96.80644669236061"
11,ACEH,11LSM,LHOKSEUMAWE,11226,MATANG GLUMPANG DUA,11,ACEH,1111,KAB. BIREUEN,111105,PEUSANGAN,1111052019,TANJONG PAYA,TIDAK,"5.216839418219379, 96.80474915656528"
11,ACEH,11LSM,LHOKSEUMAWE,11226,MATANG GLUMPANG DUA,11,ACEH,1111,KAB. BIREUEN,111105,PEUSANGAN,1111052020,TANJONG NIE,TIDAK,"5.2239153915249235, 96.8048467570285"
11,ACEH,11LSM,LHOKSEUMAWE,11226,MATANG GLUMPANG DUA,11,ACEH,1111,KAB. BIREUEN,111105,PEUSANGAN,1111052021,TANJONG MESJID,TIDAK,"5.217008381074807, 96.79899764759274"
11,ACEH,11LSM,LHOKSEUMAWE,11226,MATANG GLUMPANG DUA,11,ACEH,1111,KAB. BIREUEN,111105,PEUSANGAN,1111052022,PANTE CUT,TIDAK,"5.215113696771858, 96.79438319681014"
11,ACEH,11LSM,LHOKSEUMAWE,11226,MATANG GLUMPANG DUA,11,ACEH,1111,KAB. BIREUEN,111105,PEUSANGAN,1111052023,BLANG CUT,TIDAK,"5.168893402980702, 96.78681243112602"
11,ACEH,11LSM,LHOKSEUMAWE,11226,MATANG GLUMPANG DUA,11,ACEH,1111,KAB. BIREUEN,111105,PEUSANGAN,1111052024,PULO PISANG,TIDAK,"5.241568069512291, 96.81095296152951"
11,ACEH,11LSM,LHOKSEUMAWE,11226,MATANG GLUMPANG DUA,11,ACEH,1111,KAB. BIREUEN,111105,PEUSANGAN,1111052025,PANTE PIYEU,TIDAK,"5.213768936147934, 96.79260143051165"
11,ACEH,11LSM,LHOKSEUMAWE,11226,MATANG GLUMPANG DUA,11,ACEH,1111,KAB. BIREUEN,111105,PEUSANGAN,1111052026,MEUNASAH NIBONG,TIDAK,"5.220266479818443, 96.78562498103072"
11,ACEH,11LSM,LHOKSEUMAWE,11226,MATANG GLUMPANG DUA,11,ACEH,1111,KAB. BIREUEN,111105,PEUSANGAN,1111052027,KRUENG BARO BABAH KRUENG,TIDAK,"5.218299050936097, 96.79139423315841"
11,ACEH,11LSM,LHOKSEUMAWE,11226,MATANG GLUMPANG DUA,11,ACEH,1111,KAB. BIREUEN,111105,PEUSANGAN,1111052028,KRUENG BARO MESJID,TIDAK,"5.215918772008262, 96.78947003268955"
11,ACEH,11LSM,LHOKSEUMAWE,11226,MATANG GLUMPANG DUA,11,ACEH,1111,KAB. BIREUEN,111105,PEUSANGAN,1111052029,BAYU,TIDAK,"5.221346147691637, 96.79828723887442"
11,ACEH,11LSM,LHOKSEUMAWE,11226,MATANG GLUMPANG DUA,11,ACEH,1111,KAB. BIREUEN,111105,PEUSANGAN,1111052030,GAMPONG PUTOH,TIDAK,"5.2144454973023695, 96.78554109383781"
11,ACEH,11LSM,LHOKSEUMAWE,11226,MATANG GLUMPANG DUA,11,ACEH,1111,KAB. BIREUEN,111105,PEUSANGAN,1111052031,MEUNASAH MEUCAP,TIDAK,"5.223051058303483, 96.7887631503762"
11,ACEH,11LSM,LHOKSEUMAWE,11226,MATANG GLUMPANG DUA,11,ACEH,1111,KAB. BIREUEN,111105,PEUSANGAN,1111052032,PANTE ARA,TIDAK,"5.225398213290111, 96.79141836006407"
11,ACEH,11LSM,LHOKSEUMAWE,11226,MATANG GLUMPANG DUA,11,ACEH,1111,KAB. BIREUEN,111105,PEUSANGAN,1111052033,GAMPONG RAYA DAGANG,TIDAK,"5.20100160053578, 96.80446235973695"
11,ACEH,11LSM,LHOKSEUMAWE,11226,MATANG GLUMPANG DUA,11,ACEH,1111,KAB. BIREUEN,111105,PEUSANGAN,1111052034,GAMPONG RAYA TAMBO,TIDAK,"5.196453484479547, 96.8087431314573"
11,ACEH,11LSM,LHOKSEUMAWE,11226,MATANG GLUMPANG DUA,11,ACEH,1111,KAB. BIREUEN,111105,PEUSANGAN,1111052035,KAPA,TIDAK,"5.198528712364646, 96.81348334503562"
11,ACEH,11LSM,LHOKSEUMAWE,11226,MATANG GLUMPANG DUA,11,ACEH,1111,KAB. BIREUEN,111105,PEUSANGAN,1111052036,BLANG PANJOE,TIDAK,"5.18900302080426, 96.80143551633606"
11,ACEH,11LSM,LHOKSEUMAWE,11226,MATANG GLUMPANG DUA,11,ACEH,1111,KAB. BIREUEN,111105,PEUSANGAN,1111052037,PANTEE LHONG,TIDAK,"5.188915586471783, 96.80964217238872"
11,ACEH,11LSM,LHOKSEUMAWE,11226,MATANG GLUMPANG DUA,11,ACEH,1111,KAB. BIREUEN,111105,PEUSANGAN,1111052038,ASAN BIDEUN,TIDAK,"5.238015583554872, 96.8111416210143"
11,ACEH,11LSM,LHOKSEUMAWE,11226,MATANG GLUMPANG DUA,11,ACEH,1111,KAB. BIREUEN,111105,PEUSANGAN,1111052040,COT RABO BAROH,TIDAK,"5.230259887378661, 96.76494918638848"
11,ACEH,11LSM,LHOKSEUMAWE,11226,MATANG GLUMPANG DUA,11,ACEH,1111,KAB. BIREUEN,111105,PEUSANGAN,1111052041,COT RABO TUNONG,TIDAK,"5.2229562370539435, 96.76544708624397"
11,ACEH,11LSM,LHOKSEUMAWE,11226,MATANG GLUMPANG DUA,11,ACEH,1111,KAB. BIREUEN,111105,PEUSANGAN,1111052042,COT NGA,TIDAK,"5.215761993488123, 96.7645206224591"
11,ACEH,11LSM,LHOKSEUMAWE,11226,MATANG GLUMPANG DUA,11,ACEH,1111,KAB. BIREUEN,111105,PEUSANGAN,1111052043,PULO NALEUNG,TIDAK,"5.230369012521654, 96.74845501425409"
11,ACEH,11LSM,LHOKSEUMAWE,11226,MATANG GLUMPANG DUA,11,ACEH,1111,KAB. BIREUEN,111105,PEUSANGAN,1111052044,MATA MAMPLAM,TIDAK,"5.227915725342395, 96.75255396802027"
11,ACEH,11LSM,LHOKSEUMAWE,11226,MATANG GLUMPANG DUA,11,ACEH,1111,KAB. BIREUEN,111105,PEUSANGAN,1111052045,ALUE GLUMPANG,TIDAK,"5.22927876353346, 96.75455873136372"
11,ACEH,11LSM,LHOKSEUMAWE,11226,MATANG GLUMPANG DUA,11,ACEH,1111,KAB. BIREUEN,111105,PEUSANGAN,1111052046,KARIENG,TIDAK,"5.217926531006428, 96.76933931685855"
11,ACEH,11LSM,LHOKSEUMAWE,11226,MATANG GLUMPANG DUA,11,ACEH,1111,KAB. BIREUEN,111105,PEUSANGAN,1111052047,KRUENG DHEU,TIDAK,"5.219655565379245, 96.7730317813118"
11,ACEH,11LSM,LHOKSEUMAWE,11226,MATANG GLUMPANG DUA,11,ACEH,1111,KAB. BIREUEN,111105,PEUSANGAN,1111052048,COT IJUE,TIDAK,"5.20959925516716, 96.75521706485527"
11,ACEH,11LSM,LHOKSEUMAWE,11226,MATANG GLUMPANG DUA,11,ACEH,1111,KAB. BIREUEN,111105,PEUSANGAN,1111052050,NICAH,TIDAK,"5.215550739634218, 96.75286813263702"
11,ACEH,11LSM,LHOKSEUMAWE,11226,MATANG GLUMPANG DUA,11,ACEH,1111,KAB. BIREUEN,111105,PEUSANGAN,1111052051,COT KEURANJI,TIDAK,"5.2083101879589915, 96.7662510460065"
11,ACEH,11LSM,LHOKSEUMAWE,11226,MATANG GLUMPANG DUA,11,ACEH,1111,KAB. BIREUEN,111105,PEUSANGAN,1111052052,PALOH,TIDAK,"5.187787319746427, 96.76106557619244"
11,ACEH,11LSM,LHOKSEUMAWE,11226,MATANG GLUMPANG DUA,11,ACEH,1111,KAB. BIREUEN,111105,PEUSANGAN,1111052058,SAGOE,TIDAK,"5.210253298809946, 96.734843249295"
11,ACEH,11LSM,LHOKSEUMAWE,11226,MATANG GLUMPANG DUA,11,ACEH,1111,KAB. BIREUEN,111105,PEUSANGAN,1111052059,KAREUENG,TIDAK,"5.229831502905171, 96.74162002814064"
11,ACEH,11LSM,LHOKSEUMAWE,11226,MATANG GLUMPANG DUA,11,ACEH,1111,KAB. BIREUEN,111105,PEUSANGAN,1111052061,TANOH MIRAH,TIDAK,"5.1913853899401525, 96.75089777511246"
11,ACEH,11LSM,LHOKSEUMAWE,11226,MATANG GLUMPANG DUA,11,ACEH,1111,KAB. BIREUEN,111105,PEUSANGAN,1111052062,SEUNEUBOK RAWA,TIDAK,"5.182478947262944, 96.7563037869331"
11,ACEH,11LSM,LHOKSEUMAWE,11226,MATANG GLUMPANG DUA,11,ACEH,1111,KAB. BIREUEN,111105,PEUSANGAN,1111052063,PAYA ABOE,TIDAK,"5.195349635269821, 96.7532682326751"
11,ACEH,11LSM,LHOKSEUMAWE,11226,MATANG GLUMPANG DUA,11,ACEH,1111,KAB. BIREUEN,111105,PEUSANGAN,1111052064,BLANG RAMBONG,TIDAK,"5.197901087234437, 96.75719086082152"
11,ACEH,11LSM,LHOKSEUMAWE,11226,MATANG GLUMPANG DUA,11,ACEH,1111,KAB. BIREUEN,111105,PEUSANGAN,1111052065,BLANG GEULANGGANG,TIDAK,"5.183838047938649, 96.75064080458145"
11,ACEH,11LSM,LHOKSEUMAWE,11226,MATANG GLUMPANG DUA,11,ACEH,1111,KAB. BIREUEN,111105,PEUSANGAN,1111052066,PAYA REUHAT,TIDAK,"5.1869529718565515, 96.74081986196904"
11,ACEH,11LSM,LHOKSEUMAWE,11226,MATANG GLUMPANG DUA,11,ACEH,1111,KAB. BIREUEN,111105,PEUSANGAN,1111052067,UTEUN BUNTA,TIDAK,"5.1764438982716054, 96.73928945660724"
11,ACEH,11LSM,LHOKSEUMAWE,11226,MATANG GLUMPANG DUA,11,ACEH,1111,KAB. BIREUEN,111105,PEUSANGAN,1111052068,ALUE UDENG,TIDAK,"5.156285937489614, 96.7479356825167"
11,ACEH,11LSM,LHOKSEUMAWE,11226,MATANG GLUMPANG DUA,11,ACEH,1111,KAB. BIREUEN,111105,PEUSANGAN,1111052069,ALUE PEUNO,TIDAK,"5.1686605252547295, 96.7578406245663"
11,ACEH,11LSM,LHOKSEUMAWE,11226,MATANG GLUMPANG DUA,11,ACEH,1111,KAB. BIREUEN,111105,PEUSANGAN,1111052105,COT PUUK,TIDAK,"5.232542389663946, 96.75519420658294"
11,ACEH,11LSM,LHOKSEUMAWE,11226,MATANG GLUMPANG DUA,11,ACEH,1111,KAB. BIREUEN,111105,PEUSANGAN,1111052106,PANTE PISANG,TIDAK,"5.2072575398127094, 96.79896096654997"
11,ACEH,11LSM,LHOKSEUMAWE,11226,MATANG GLUMPANG DUA,11,ACEH,1111,KAB. BIREUEN,111105,PEUSANGAN,1111052107,GAMPONG BARO,TIDAK,"5.207903418214618, 96.6994032100213"
11,ACEH,11LSM,LHOKSEUMAWE,11226,MATANG GLUMPANG DUA,11,ACEH,1111,KAB. BIREUEN,111105,PEUSANGAN,1111052108,BLANG DALAM,TIDAK,"5.215455956556641, 96.65739521217246"
11,ACEH,11LSM,LHOKSEUMAWE,11226,MATANG GLUMPANG DUA,11,ACEH,1111,KAB. BIREUEN,111110,JANGKA,1111102001,JANGKA MESJID,TIDAK,"5.255878042859415, 96.7795409217018"
11,ACEH,11LSM,LHOKSEUMAWE,11226,MATANG GLUMPANG DUA,11,ACEH,1111,KAB. BIREUEN,111110,JANGKA,1111102002,JANGKA KEUTAPANG,TIDAK,"5.255469828608793, 96.7794026864667"
11,ACEH,11LSM,LHOKSEUMAWE,11226,MATANG GLUMPANG DUA,11,ACEH,1111,KAB. BIREUEN,111110,JANGKA,1111102003,JANGKA ALUE U,TIDAK,"5.252991613122776, 96.79001702977229"
11,ACEH,11LSM,LHOKSEUMAWE,11226,MATANG GLUMPANG DUA,11,ACEH,1111,KAB. BIREUEN,111110,JANGKA,1111102004,JANGKA ALUE,TIDAK,"5.253670591465604, 96.78504234853165"
11,ACEH,11LSM,LHOKSEUMAWE,11226,MATANG GLUMPANG DUA,11,ACEH,1111,KAB. BIREUEN,111110,JANGKA,1111102005,JANGKA ALUE BIE,TIDAK,"5.249139104285779, 96.77544698434443"
11,ACEH,11LSM,LHOKSEUMAWE,11226,MATANG GLUMPANG DUA,11,ACEH,1111,KAB. BIREUEN,111110,JANGKA,1111102006,GAMPONG MEULINTEUNG,TIDAK,"5.241156468475663, 96.77783514978287"
11,ACEH,11LSM,LHOKSEUMAWE,11226,MATANG GLUMPANG DUA,11,ACEH,1111,KAB. BIREUEN,111110,JANGKA,1111102007,PAYA BIENG,TIDAK,"5.246072380850591, 96.7936677985394"
11,ACEH,11LSM,LHOKSEUMAWE,11226,MATANG GLUMPANG DUA,11,ACEH,1111,KAB. BIREUEN,111110,JANGKA,1111102008,MEUNASAH KRUENG,TIDAK,"5.241298069659285, 96.78509819774075"
11,ACEH,11LSM,LHOKSEUMAWE,11226,MATANG GLUMPANG DUA,11,ACEH,1111,KAB. BIREUEN,111110,JANGKA,1111102009,BARAT LANYAN,TIDAK,"5.238876460429119, 96.78924294281536"
11,ACEH,11LSM,LHOKSEUMAWE,11226,MATANG GLUMPANG DUA,11,ACEH,1111,KAB. BIREUEN,111110,JANGKA,1111102010,LAMKUTA,TIDAK,"5.2348844585109555, 96.79104237574681"
11,ACEH,11LSM,LHOKSEUMAWE,11226,MATANG GLUMPANG DUA,11,ACEH,1111,KAB. BIREUEN,111110,JANGKA,1111102011,GEUNDOT,TIDAK,"5.232710030020946, 96.78958475096194"
11,ACEH,11LSM,LHOKSEUMAWE,11226,MATANG GLUMPANG DUA,11,ACEH,1111,KAB. BIREUEN,111110,JANGKA,1111102012,LUENG,TIDAK,"5.228714457588855, 96.78819491732311"
11,ACEH,11LSM,LHOKSEUMAWE,11226,MATANG GLUMPANG DUA,11,ACEH,1111,KAB. BIREUEN,111110,JANGKA,1111102013,KAMBUEK,TIDAK,"5.237981632271675, 96.80161530970031"
11,ACEH,11LSM,LHOKSEUMAWE,11226,MATANG GLUMPANG DUA,11,ACEH,1111,KAB. BIREUEN,111110,JANGKA,1111102014,RUSEB ARA,TIDAK,"5.231290745647705, 96.79741319050457"
11,ACEH,11LSM,LHOKSEUMAWE,11226,MATANG GLUMPANG DUA,11,ACEH,1111,KAB. BIREUEN,111110,JANGKA,1111102015,RUSEB DAYAH,TIDAK,"5.228816211779454, 96.79776667889938"
11,ACEH,11LSM,LHOKSEUMAWE,11226,MATANG GLUMPANG DUA,11,ACEH,1111,KAB. BIREUEN,111110,JANGKA,1111102016,BADA BARAT,TIDAK,"5.242747459642798, 96.7989530805258"
11,ACEH,11LSM,LHOKSEUMAWE,11226,MATANG GLUMPANG DUA,11,ACEH,1111,KAB. BIREUEN,111110,JANGKA,1111102017,BADA TIMU,TIDAK,"5.239910655411719, 96.80483653951883"
11,ACEH,11LSM,LHOKSEUMAWE,11226,MATANG GLUMPANG DUA,11,ACEH,1111,KAB. BIREUEN,111110,JANGKA,1111102018,TANJONGAN,TIDAK,"5.248176787765578, 96.7714925821732"
11,ACEH,11LSM,LHOKSEUMAWE,11226,MATANG GLUMPANG DUA,11,ACEH,1111,KAB. BIREUEN,111110,JANGKA,1111102019,TANAH ANOE,TIDAK,"5.2466100499927695, 96.76802319934271"
11,ACEH,11LSM,LHOKSEUMAWE,11226,MATANG GLUMPANG DUA,11,ACEH,1111,KAB. BIREUEN,111110,JANGKA,1111102020,LHOK BUGENG,TIDAK,"5.235814694853305, 96.7702734135364"
11,ACEH,11LSM,LHOKSEUMAWE,11226,MATANG GLUMPANG DUA,11,ACEH,1111,KAB. BIREUEN,111110,JANGKA,1111102021,LAMPOH RAYEUK,TIDAK,"5.2420452344454285, 96.7741044939646"
11,ACEH,11LSM,LHOKSEUMAWE,11226,MATANG GLUMPANG DUA,11,ACEH,1111,KAB. BIREUEN,111110,JANGKA,1111102022,PULO REUDEUP,TIDAK,"5.2172982437092745, 96.82121211008578"
11,ACEH,11LSM,LHOKSEUMAWE,11226,MATANG GLUMPANG DUA,11,ACEH,1111,KAB. BIREUEN,111110,JANGKA,1111102023,PULO SEUNA,TIDAK,"5.230772886157066, 96.76874674056646"
11,ACEH,11LSM,LHOKSEUMAWE,11226,MATANG GLUMPANG DUA,11,ACEH,1111,KAB. BIREUEN,111110,JANGKA,1111102024,LINGGONG,TIDAK,"5.240505101646664, 96.766688096712"
11,ACEH,11LSM,LHOKSEUMAWE,11226,MATANG GLUMPANG DUA,11,ACEH,1111,KAB. BIREUEN,111110,JANGKA,1111102025,PULO BLANG,TIDAK,"5.222975784796882, 96.77898219268243"
11,ACEH,11LSM,LHOKSEUMAWE,11226,MATANG GLUMPANG DUA,11,ACEH,1111,KAB. BIREUEN,111110,JANGKA,1111102026,PULO IBOIH,TIDAK,"5.235896861124263, 96.76700753738577"
11,ACEH,11LSM,LHOKSEUMAWE,11226,MATANG GLUMPANG DUA,11,ACEH,1111,KAB. BIREUEN,111110,JANGKA,1111102027,ABEUK JALOH,TIDAK,"5.222930570907963, 96.77217270298215"
11,ACEH,11LSM,LHOKSEUMAWE,11226,MATANG GLUMPANG DUA,11,ACEH,1111,KAB. BIREUEN,111110,JANGKA,1111102028,PULO U,TIDAK,"5.2199355652237935, 96.78179582965551"
11,ACEH,11LSM,LHOKSEUMAWE,11226,MATANG GLUMPANG DUA,11,ACEH,1111,KAB. BIREUEN,111110,JANGKA,1111102029,ALUE BUYA,TIDAK,"5.245714020856745, 96.75963787555757"
11,ACEH,11LSM,LHOKSEUMAWE,11226,MATANG GLUMPANG DUA,11,ACEH,1111,KAB. BIREUEN,111110,JANGKA,1111102030,ALUE BUYA PASI,TIDAK,"5.25038838796037, 96.74979835474745"
11,ACEH,11LSM,LHOKSEUMAWE,11226,MATANG GLUMPANG DUA,11,ACEH,1111,KAB. BIREUEN,111110,JANGKA,1111102031,PANTE SUKON,TIDAK,"5.260771009434898, 96.80982896826197"
11,ACEH,11LSM,LHOKSEUMAWE,11226,MATANG GLUMPANG DUA,11,ACEH,1111,KAB. BIREUEN,111110,JANGKA,1111102032,PANTE PAKU,TIDAK,"5.263481202622366, 96.80571296244845"
11,ACEH,11LSM,LHOKSEUMAWE,11226,MATANG GLUMPANG DUA,11,ACEH,1111,KAB. BIREUEN,111110,JANGKA,1111102033,BUGAK BLANG,TIDAK,"5.254414110550981, 96.80622624612656"
11,ACEH,11LSM,LHOKSEUMAWE,11226,MATANG GLUMPANG DUA,11,ACEH,1111,KAB. BIREUEN,111110,JANGKA,1111102034,BUGAK MESJID,TIDAK,"5.252169223475917, 96.81060268979553"
11,ACEH,11LSM,LHOKSEUMAWE,11226,MATANG GLUMPANG DUA,11,ACEH,1111,KAB. BIREUEN,111110,JANGKA,1111102035,BUGAK KRUENG MATEE,TIDAK,"5.245579401424897, 96.81808872012806"
11,ACEH,11LSM,LHOKSEUMAWE,11226,MATANG GLUMPANG DUA,11,ACEH,1111,KAB. BIREUEN,111110,JANGKA,1111102036,BUGAK KRUENG,TIDAK,"5.249312881676952, 96.80537767396287"
11,ACEH,11LSM,LHOKSEUMAWE,11226,MATANG GLUMPANG DUA,11,ACEH,1111,KAB. BIREUEN,111110,JANGKA,1111102037,PANTE RANUB,TIDAK,"5.259157980536921, 96.79856913689879"
11,ACEH,11LSM,LHOKSEUMAWE,11226,MATANG GLUMPANG DUA,11,ACEH,1111,KAB. BIREUEN,111110,JANGKA,1111102038,PULO PINEUNG MEUNASAH DUA,TIDAK,"5.259196902665062, 96.81526185069072"
11,ACEH,11LSM,LHOKSEUMAWE,11226,MATANG GLUMPANG DUA,11,ACEH,1111,KAB. BIREUEN,111110,JANGKA,1111102039,PUNJOT,TIDAK,"5.255593043496141, 96.82189328803992"
11,ACEH,11LSM,LHOKSEUMAWE,11226,MATANG GLUMPANG DUA,11,ACEH,1111,KAB. BIREUEN,111110,JANGKA,1111102040,BUGENG,TIDAK,"5.249337204676395, 96.82510978371012"
11,ACEH,11LSM,LHOKSEUMAWE,11226,MATANG GLUMPANG DUA,11,ACEH,1111,KAB. BIREUEN,111110,JANGKA,1111102044,KUALA CERAPE,TIDAK,"5.260063981471617, 96.84406946217113"
11,ACEH,11LSM,LHOKSEUMAWE,11226,MATANG GLUMPANG DUA,11,ACEH,1111,KAB. BIREUEN,111110,JANGKA,1111102045,PANTE PEUSANGAN,TIDAK,"5.247978335924319, 96.80051515537684"
11,ACEH,11LSM,LHOKSEUMAWE,11226,MATANG GLUMPANG DUA,11,ACEH,1111,KAB. BIREUEN,111110,JANGKA,1111102046,ALUE BIE PUSONG,TIDAK,"5.255214868392466, 96.7719273416841"
11,ACEH,11LSM,LHOKSEUMAWE,11226,MATANG GLUMPANG DUA,11,ACEH,1111,KAB. BIREUEN,111116,PEUSANGAN SELATAN,1111162001,DARUSSALAM,TIDAK,"5.030737097251368, 96.76520374797323"
11,ACEH,11LSM,LHOKSEUMAWE,11226,MATANG GLUMPANG DUA,11,ACEH,1111,KAB. BIREUEN,111116,PEUSANGAN SELATAN,1111162002,BLANG MANE,TIDAK,"5.039360041524335, 96.7457131980153"
11,ACEH,11LSM,LHOKSEUMAWE,11226,MATANG GLUMPANG DUA,11,ACEH,1111,KAB. BIREUEN,111116,PEUSANGAN SELATAN,1111162003,TANJONG BEURIDI,TIDAK,"5.104604688872521, 96.76396112497905"
11,ACEH,11LSM,LHOKSEUMAWE,11226,MATANG GLUMPANG DUA,11,ACEH,1111,KAB. BIREUEN,111116,PEUSANGAN SELATAN,1111162004,DARUL AMAN,TIDAK,"5.120827170649634, 96.75759266671403"
11,ACEH,11LSM,LHOKSEUMAWE,11226,MATANG GLUMPANG DUA,11,ACEH,1111,KAB. BIREUEN,111116,PEUSANGAN SELATAN,1111162005,GEULANGGANG LABU,TIDAK,"5.136569833853064, 96.77103012139547"
11,ACEH,11LSM,LHOKSEUMAWE,11226,MATANG GLUMPANG DUA,11,ACEH,1111,KAB. BIREUEN,111116,PEUSANGAN SELATAN,1111162006,TEUPIN REUDEUP,TIDAK,"5.147867637122605, 96.78548611617762"
11,ACEH,11LSM,LHOKSEUMAWE,11226,MATANG GLUMPANG DUA,11,ACEH,1111,KAB. BIREUEN,111116,PEUSANGAN SELATAN,1111162007,ULEE JALAN,TIDAK,"5.140522055477602, 96.75946708724646"
11,ACEH,11LSM,LHOKSEUMAWE,11226,MATANG GLUMPANG DUA,11,ACEH,1111,KAB. BIREUEN,111116,PEUSANGAN SELATAN,1111162008,PAYA CROT,TIDAK,"5.110662954856034, 96.75091065528441"
11,ACEH,11LSM,LHOKSEUMAWE,11226,MATANG GLUMPANG DUA,11,ACEH,1111,KAB. BIREUEN,111116,PEUSANGAN SELATAN,1111162009,PULO PANYANG,TIDAK,"5.131725755194263, 96.7491391928354"
11,ACEH,11LSM,LHOKSEUMAWE,11226,MATANG GLUMPANG DUA,11,ACEH,1111,KAB. BIREUEN,111116,PEUSANGAN SELATAN,1111162010,ME RAYEUK,TIDAK,"5.153483463183673, 96.7684282783415"
11,ACEH,11LSM,LHOKSEUMAWE,11226,MATANG GLUMPANG DUA,11,ACEH,1111,KAB. BIREUEN,111116,PEUSANGAN SELATAN,1111162011,UTEUN GATHOM,TIDAK,"5.151642946559474, 96.77693999219296"
11,ACEH,11LSM,LHOKSEUMAWE,11226,MATANG GLUMPANG DUA,11,ACEH,1111,KAB. BIREUEN,111116,PEUSANGAN SELATAN,1111162012,LUNG KULI,TIDAK,"5.178382604767179, 96.79641512967675"
11,ACEH,11LSM,LHOKSEUMAWE,11226,MATANG GLUMPANG DUA,11,ACEH,1111,KAB. BIREUEN,111116,PEUSANGAN SELATAN,1111162013,LUENG BARO,TIDAK,"5.177580188214521, 96.78410161065328"
11,ACEH,11LSM,LHOKSEUMAWE,11226,MATANG GLUMPANG DUA,11,ACEH,1111,KAB. BIREUEN,111116,PEUSANGAN SELATAN,1111162014,MATA IE,TIDAK,"5.16847714195059, 96.78007756035908"
11,ACEH,11LSM,LHOKSEUMAWE,11226,MATANG GLUMPANG DUA,11,ACEH,1111,KAB. BIREUEN,111116,PEUSANGAN SELATAN,1111162015,BLANG CUT,TIDAK,"5.168778991848394, 96.78706451877993"
11,ACEH,11LSM,LHOKSEUMAWE,11226,MATANG GLUMPANG DUA,11,ACEH,1111,KAB. BIREUEN,111116,PEUSANGAN SELATAN,1111162016,BLANG PALA,TIDAK,"5.163431165351175, 96.78565719996598"
11,ACEH,11LSM,LHOKSEUMAWE,11226,MATANG GLUMPANG DUA,11,ACEH,1111,KAB. BIREUEN,111116,PEUSANGAN SELATAN,1111162017,KRUENG BEUKAH,TIDAK,"5.16176898233158, 96.79027580024221"
11,ACEH,11LSM,LHOKSEUMAWE,11226,MATANG GLUMPANG DUA,11,ACEH,1111,KAB. BIREUEN,111116,PEUSANGAN SELATAN,1111162018,CEUBREK,TIDAK,"5.1578405399483085, 96.78689321585759"
11,ACEH,11LSM,LHOKSEUMAWE,11226,MATANG GLUMPANG DUA,11,ACEH,1111,KAB. BIREUEN,111116,PEUSANGAN SELATAN,1111162019,UTEUN RAYA,TIDAK,"5.161958909752049, 96.7736187826578"
11,ACEH,11LSM,LHOKSEUMAWE,11226,MATANG GLUMPANG DUA,11,ACEH,1111,KAB. BIREUEN,111116,PEUSANGAN SELATAN,1111162020,PULO HARAPAN,TIDAK,"5.032571260681626, 96.78301736019851"
11,ACEH,11LSM,LHOKSEUMAWE,11226,MATANG GLUMPANG DUA,11,ACEH,1111,KAB. BIREUEN,111116,PEUSANGAN SELATAN,1111162021,SUWAK,TIDAK,"5.1232556990164, 96.76937029333041"
11,ACEH,11LSM,LHOKSEUMAWE,11226,MATANG GLUMPANG DUA,11,ACEH,1111,KAB. BIREUEN,111117,KUTA BLANG,1111172020,MEUSEE,TIDAK,"5.207308491878073, 96.81208597735818"
11,ACEH,11LSM,LHOKSEUMAWE,11226,MATANG GLUMPANG DUA,11,ACEH,1111,KAB. BIREUEN,111117,KUTA BLANG,1111172021,BLANG PANJO,TIDAK,"5.203192565769416, 96.8193584330569"
11,ACEH,11LSM,LHOKSEUMAWE,11226,MATANG GLUMPANG DUA,11,ACEH,1111,KAB. BIREUEN,111117,KUTA BLANG,1111172022,BABAH JURONG,TIDAK,"5.214109102579791, 96.81036514271489"
11,ACEH,11LSM,LHOKSEUMAWE,11226,MATANG GLUMPANG DUA,11,ACEH,1111,KAB. BIREUEN,111117,KUTA BLANG,1111172023,DAYAH PANJOE,TIDAK,"5.2176869391980825, 96.80867268676387"
11,ACEH,11LSM,LHOKSEUMAWE,11226,MATANG GLUMPANG DUA,11,ACEH,1111,KAB. BIREUEN,111117,KUTA BLANG,1111172024,PULO BLANG,TIDAK,"5.223890817289229, 96.814138879793"
11,ACEH,11LSM,LHOKSEUMAWE,11226,MATANG GLUMPANG DUA,11,ACEH,1111,KAB. BIREUEN,111117,KUTA BLANG,1111172026,PULO SIREN,TIDAK,"5.2311465510965744, 96.81804761848637"
11,ACEH,11LSM,LHOKSEUMAWE,11226,MATANG GLUMPANG DUA,11,ACEH,1111,KAB. BIREUEN,111117,KUTA BLANG,1111172027,JAROMMAH ME,TIDAK,"5.229815988381971, 96.81558766384642"
11,ACEH,11LSM,LHOKSEUMAWE,11226,MATANG GLUMPANG DUA,11,ACEH,1111,KAB. BIREUEN,111117,KUTA BLANG,1111172028,JAROMAH BAROH,TIDAK,"5.238828921700271, 96.81959738986323"
11,ACEH,11LSM,LHOKSEUMAWE,11227,SAMALANGA,11,ACEH,1111,KAB. BIREUEN,111101,SAMALANGA,1111012001,KEUDE ACEH,TIDAK,"5.205804869426306, 96.37655303586277"
11,ACEH,11LSM,LHOKSEUMAWE,11227,SAMALANGA,11,ACEH,1111,KAB. BIREUEN,111101,SAMALANGA,1111012002,SANGSO,TIDAK,"5.199408777888468, 96.37749269519357"
11,ACEH,11LSM,LHOKSEUMAWE,11227,SAMALANGA,11,ACEH,1111,KAB. BIREUEN,111101,SAMALANGA,1111012003,PANTE RHENG,TIDAK,"5.2109428702770275, 96.37903470183991"
11,ACEH,11LSM,LHOKSEUMAWE,11227,SAMALANGA,11,ACEH,1111,KAB. BIREUEN,111101,SAMALANGA,1111012004,MEULIEK,TIDAK,"5.194811132986953, 96.38071937724173"
11,ACEH,11LSM,LHOKSEUMAWE,11227,SAMALANGA,11,ACEH,1111,KAB. BIREUEN,111101,SAMALANGA,1111012005,NAMPLOH BARO,TIDAK,"5.198487592755743, 96.37445684081312"
11,ACEH,11LSM,LHOKSEUMAWE,11227,SAMALANGA,11,ACEH,1111,KAB. BIREUEN,111101,SAMALANGA,1111012006,NAMPLOH MANYANG,TIDAK,"5.2038359202727404, 96.37257143630308"
11,ACEH,11LSM,LHOKSEUMAWE,11227,SAMALANGA,11,ACEH,1111,KAB. BIREUEN,111101,SAMALANGA,1111012007,NAMPLOH BLANGGARANG,TIDAK,"5.2015476306592285, 96.37019614177342"
11,ACEH,11LSM,LHOKSEUMAWE,11227,SAMALANGA,11,ACEH,1111,KAB. BIREUEN,111101,SAMALANGA,1111012008,NAMPLOH KRUENG,TIDAK,"5.199871981066626, 96.36768590304638"
11,ACEH,11LSM,LHOKSEUMAWE,11227,SAMALANGA,11,ACEH,1111,KAB. BIREUEN,111101,SAMALANGA,1111012009,NAMPLOH PAPEUN,TIDAK,"5.197553247349537, 96.36613990526708"
11,ACEH,11LSM,LHOKSEUMAWE,11227,SAMALANGA,11,ACEH,1111,KAB. BIREUEN,111101,SAMALANGA,1111012010,MEUNASAH LUENG,TIDAK,"5.194973683248108, 96.36715049428831"
11,ACEH,11LSM,LHOKSEUMAWE,11227,SAMALANGA,11,ACEH,1111,KAB. BIREUEN,111101,SAMALANGA,1111012011,LHOK SEUMIRA,TIDAK,"5.191550509652048, 96.3657730905916"
11,ACEH,11LSM,LHOKSEUMAWE,11227,SAMALANGA,11,ACEH,1111,KAB. BIREUEN,111101,SAMALANGA,1111012012,ULEE JEUMATAN,TIDAK,"5.189184680267048, 96.36204637125427"
11,ACEH,11LSM,LHOKSEUMAWE,11227,SAMALANGA,11,ACEH,1111,KAB. BIREUEN,111101,SAMALANGA,1111012013,LANCOK,TIDAK,"5.184696621871214, 96.36181442675121"
11,ACEH,11LSM,LHOKSEUMAWE,11227,SAMALANGA,11,ACEH,1111,KAB. BIREUEN,111101,SAMALANGA,1111012014,PALOH,TIDAK,"5.184648331119778, 96.35655672663871"
11,ACEH,11LSM,LHOKSEUMAWE,11227,SAMALANGA,11,ACEH,1111,KAB. BIREUEN,111101,SAMALANGA,1111012015,MESJID BARO,TIDAK,"5.178473837039821, 96.35866921014839"
11,ACEH,11LSM,LHOKSEUMAWE,11227,SAMALANGA,11,ACEH,1111,KAB. BIREUEN,111101,SAMALANGA,1111012016,BATEE ILIEK,TIDAK,"5.166560553371371, 96.35708285852438"
11,ACEH,11LSM,LHOKSEUMAWE,11227,SAMALANGA,11,ACEH,1111,KAB. BIREUEN,111101,SAMALANGA,1111012017,PULO BAROH,TIDAK,"5.1762119000225635, 96.35832391465404"
11,ACEH,11LSM,LHOKSEUMAWE,11227,SAMALANGA,11,ACEH,1111,KAB. BIREUEN,111101,SAMALANGA,1111012018,MATANG WAKEUH,TIDAK,"5.185182236965169, 96.36595610630515"
11,ACEH,11LSM,LHOKSEUMAWE,11227,SAMALANGA,11,ACEH,1111,KAB. BIREUEN,111101,SAMALANGA,1111012019,DARUSSALAM,TIDAK,"5.1785193374561445, 96.36610406133218"
11,ACEH,11LSM,LHOKSEUMAWE,11227,SAMALANGA,11,ACEH,1111,KAB. BIREUEN,111101,SAMALANGA,1111012020,MATANG JEREUNG,TIDAK,"5.190217644530223, 96.37060328239443"
11,ACEH,11LSM,LHOKSEUMAWE,11227,SAMALANGA,11,ACEH,1111,KAB. BIREUEN,111101,SAMALANGA,1111012021,MATANG,TIDAK,"5.183084294424623, 96.37235575436928"
11,ACEH,11LSM,LHOKSEUMAWE,11227,SAMALANGA,11,ACEH,1111,KAB. BIREUEN,111101,SAMALANGA,1111012022,COT MANE,TIDAK,"5.177062686200736, 96.37788271928873"
11,ACEH,11LSM,LHOKSEUMAWE,11227,SAMALANGA,11,ACEH,1111,KAB. BIREUEN,111101,SAMALANGA,1111012023,ALUE BARAT,TIDAK,"5.169793149808863, 96.37037144680549"
11,ACEH,11LSM,LHOKSEUMAWE,11227,SAMALANGA,11,ACEH,1111,KAB. BIREUEN,111101,SAMALANGA,1111012024,COT SIREN,TIDAK,"5.17367326538326, 96.36465735150108"
11,ACEH,11LSM,LHOKSEUMAWE,11227,SAMALANGA,11,ACEH,1111,KAB. BIREUEN,111101,SAMALANGA,1111012025,ULEE ALUE,TIDAK,"5.173154787297394, 96.37424583153845"
11,ACEH,11LSM,LHOKSEUMAWE,11227,SAMALANGA,11,ACEH,1111,KAB. BIREUEN,111101,SAMALANGA,1111012026,PINEUNG SIRIBEE,TIDAK,"5.20988740764577, 96.36891319746628"
11,ACEH,11LSM,LHOKSEUMAWE,11227,SAMALANGA,11,ACEH,1111,KAB. BIREUEN,111101,SAMALANGA,1111012027,GAMPONG BARO,TIDAK,"5.210757132886422, 96.37336573627701"
11,ACEH,11LSM,LHOKSEUMAWE,11227,SAMALANGA,11,ACEH,1111,KAB. BIREUEN,111101,SAMALANGA,1111012028,KANDANG,TIDAK,"5.207065270086461, 96.36704788298103"
11,ACEH,11LSM,LHOKSEUMAWE,11227,SAMALANGA,11,ACEH,1111,KAB. BIREUEN,111101,SAMALANGA,1111012029,GAMPONG PUTOH,TIDAK,"5.20334501388904, 96.36400797842664"
11,ACEH,11LSM,LHOKSEUMAWE,11227,SAMALANGA,11,ACEH,1111,KAB. BIREUEN,111101,SAMALANGA,1111012030,MIDEUN JOK,TIDAK,"5.202091766927932, 96.3564150359501"
11,ACEH,11LSM,LHOKSEUMAWE,11227,SAMALANGA,11,ACEH,1111,KAB. BIREUEN,111101,SAMALANGA,1111012031,MIDEUN GEUDONG,TIDAK,"5.19922219722342, 96.3536007823029"
11,ACEH,11LSM,LHOKSEUMAWE,11227,SAMALANGA,11,ACEH,1111,KAB. BIREUEN,111101,SAMALANGA,1111012032,LUENG KEUBEU,TIDAK,"5.1962821730995135, 96.3529376191216"
11,ACEH,11LSM,LHOKSEUMAWE,11227,SAMALANGA,11,ACEH,1111,KAB. BIREUEN,111101,SAMALANGA,1111012033,GLUMPANG BUNGKOK,TIDAK,"5.1927238317947015, 96.35282648060557"
11,ACEH,11LSM,LHOKSEUMAWE,11227,SAMALANGA,11,ACEH,1111,KAB. BIREUEN,111101,SAMALANGA,1111012034,GLUMPANG MEULUM,TIDAK,"5.0760247844478394, 96.37056657028035"
11,ACEH,11LSM,LHOKSEUMAWE,11227,SAMALANGA,11,ACEH,1111,KAB. BIREUEN,111101,SAMALANGA,1111012035,COT MEURAK BAROH,TIDAK,"5.179184471218019, 96.34782718062507"
11,ACEH,11LSM,LHOKSEUMAWE,11227,SAMALANGA,11,ACEH,1111,KAB. BIREUEN,111101,SAMALANGA,1111012036,COT MEURAK BLANG,TIDAK,"5.173753070226178, 96.34702093404816"
11,ACEH,11LSM,LHOKSEUMAWE,11227,SAMALANGA,11,ACEH,1111,KAB. BIREUEN,111101,SAMALANGA,1111012037,MEURAH,TIDAK,"5.1647133850648, 96.3473778908697"
11,ACEH,11LSM,LHOKSEUMAWE,11227,SAMALANGA,11,ACEH,1111,KAB. BIREUEN,111101,SAMALANGA,1111012038,ULEE UE,TIDAK,"5.208578125165317, 96.35689257075467"
11,ACEH,11LSM,LHOKSEUMAWE,11227,SAMALANGA,11,ACEH,1111,KAB. BIREUEN,111101,SAMALANGA,1111012039,MATANG TEUNGOH,TIDAK,"5.210095431990775, 96.35988431057362"
11,ACEH,11LSM,LHOKSEUMAWE,11227,SAMALANGA,11,ACEH,1111,KAB. BIREUEN,111101,SAMALANGA,1111012040,TANJONG BARO,TIDAK,"5.216619478641809, 96.36378603002406"
11,ACEH,11LSM,LHOKSEUMAWE,11227,SAMALANGA,11,ACEH,1111,KAB. BIREUEN,111101,SAMALANGA,1111012041,ANGKIENG BARAT,TIDAK,"5.219558557780352, 96.35840219909643"
11,ACEH,11LSM,LHOKSEUMAWE,11227,SAMALANGA,11,ACEH,1111,KAB. BIREUEN,111101,SAMALANGA,1111012042,MEUNASAH LINCAH,TIDAK,"5.218040822845785, 96.35602918689091"
11,ACEH,11LSM,LHOKSEUMAWE,11227,SAMALANGA,11,ACEH,1111,KAB. BIREUEN,111101,SAMALANGA,1111012043,MEUNASAH LANCOK,TIDAK,"5.22137036930819, 96.35165374056646"
11,ACEH,11LSM,LHOKSEUMAWE,11227,SAMALANGA,11,ACEH,1111,KAB. BIREUEN,111101,SAMALANGA,1111012044,MEUNASAH PUUK,TIDAK,"5.214254458750774, 96.35034756225897"
11,ACEH,11LSM,LHOKSEUMAWE,11227,SAMALANGA,11,ACEH,1111,KAB. BIREUEN,111101,SAMALANGA,1111012045,TONJONGAN IDEM,TIDAK,"5.2098492609183635, 96.35358346977193"
11,ACEH,11LSM,LHOKSEUMAWE,11227,SAMALANGA,11,ACEH,1111,KAB. BIREUEN,111101,SAMALANGA,1111012084,GEULUMPANG PAYONG,TIDAK,"5.186874768820256, 96.3795624334504"
11,ACEH,11LSM,LHOKSEUMAWE,11227,SAMALANGA,11,ACEH,1111,KAB. BIREUEN,111102,JEUNIEB,1111022018,BLANG ME TIMU,TIDAK,"5.188899624015738, 96.50681685216405"
11,ACEH,11LSM,LHOKSEUMAWE,11227,SAMALANGA,11,ACEH,1111,KAB. BIREUEN,111102,JEUNIEB,1111022019,LANCANG,TIDAK,"5.197970082486765, 96.50651983127494"
11,ACEH,11LSM,LHOKSEUMAWE,11227,SAMALANGA,11,ACEH,1111,KAB. BIREUEN,111102,JEUNIEB,1111022020,BLANG LANCANG,TIDAK,"5.194715191490803, 96.50378923353574"
11,ACEH,11LSM,LHOKSEUMAWE,11227,SAMALANGA,11,ACEH,1111,KAB. BIREUEN,111102,JEUNIEB,1111022021,TEUPIN KUPULA,TIDAK,"5.1931953143356395, 96.51842447089989"
11,ACEH,11LSM,LHOKSEUMAWE,11227,SAMALANGA,11,ACEH,1111,KAB. BIREUEN,111102,JEUNIEB,1111022022,TANJONG BUNGONG,TIDAK,"5.182238402260414, 96.51502902461134"
11,ACEH,11LSM,LHOKSEUMAWE,11227,SAMALANGA,11,ACEH,1111,KAB. BIREUEN,111102,JEUNIEB,1111022023,DAYAH BARO,TIDAK,"5.183437764238143, 96.50818023792178"
11,ACEH,11LSM,LHOKSEUMAWE,11227,SAMALANGA,11,ACEH,1111,KAB. BIREUEN,111102,JEUNIEB,1111022024,ULEE RABO,TIDAK,"5.179560474914927, 96.50268471029118"
11,ACEH,11LSM,LHOKSEUMAWE,11227,SAMALANGA,11,ACEH,1111,KAB. BIREUEN,111102,JEUNIEB,1111022025,LUENG TEUNGOH,TIDAK,"5.173584253603736, 96.50579806967525"
11,ACEH,11LSM,LHOKSEUMAWE,11227,SAMALANGA,11,ACEH,1111,KAB. BIREUEN,111102,JEUNIEB,1111022026,LAMPOH OE,TIDAK,"5.172880313351629, 96.51417904460789"
11,ACEH,11LSM,LHOKSEUMAWE,11227,SAMALANGA,11,ACEH,1111,KAB. BIREUEN,111102,JEUNIEB,1111022027,PULO RANGKILEH,TIDAK,"5.166834426414636, 96.512422233882"
11,ACEH,11LSM,LHOKSEUMAWE,11227,SAMALANGA,11,ACEH,1111,KAB. BIREUEN,111102,JEUNIEB,1111022028,TUFAH,TIDAK,"5.17244641422431, 96.52131991040612"
11,ACEH,11LSM,LHOKSEUMAWE,11227,SAMALANGA,11,ACEH,1111,KAB. BIREUEN,111102,JEUNIEB,1111022029,SAMPO AJAD,TIDAK,"5.156060147046614, 96.51939669268214"
11,ACEH,11LSM,LHOKSEUMAWE,11227,SAMALANGA,11,ACEH,1111,KAB. BIREUEN,111102,JEUNIEB,1111022030,DARUL AMAN,TIDAK,"5.157070591116636, 96.51835734274492"
11,ACEH,11LSM,LHOKSEUMAWE,11227,SAMALANGA,11,ACEH,1111,KAB. BIREUEN,111102,JEUNIEB,1111022031,LHOK KULAM,TIDAK,"5.140526301439377, 96.51921469945988"
11,ACEH,11LSM,LHOKSEUMAWE,11227,SAMALANGA,11,ACEH,1111,KAB. BIREUEN,111102,JEUNIEB,1111022032,ULEE BLANG,TIDAK,"5.1505062872283, 96.51606484350563"
11,ACEH,11LSM,LHOKSEUMAWE,11227,SAMALANGA,11,ACEH,1111,KAB. BIREUEN,111102,JEUNIEB,1111022033,UTEUN PEUPALEH,TIDAK,"5.156073271440639, 96.51316068655802"
11,ACEH,11LSM,LHOKSEUMAWE,11227,SAMALANGA,11,ACEH,1111,KAB. BIREUEN,111102,JEUNIEB,1111022034,ULEE GAJAH,TIDAK,"5.159336980544442, 96.50415698636193"
11,ACEH,11LSM,LHOKSEUMAWE,11227,SAMALANGA,11,ACEH,1111,KAB. BIREUEN,111102,JEUNIEB,1111022035,ALUE SEUTUI,TIDAK,"5.1461381799181325, 96.51192215660458"
11,ACEH,11LSM,LHOKSEUMAWE,11227,SAMALANGA,11,ACEH,1111,KAB. BIREUEN,111102,JEUNIEB,1111022036,BLANG NEUBOK,TIDAK,"5.14997777198185, 96.50580946864326"
11,ACEH,11LSM,LHOKSEUMAWE,11227,SAMALANGA,11,ACEH,1111,KAB. BIREUEN,111102,JEUNIEB,1111022037,MATANG BANGKA,TIDAK,"5.201035535763396, 96.4970279629215"
11,ACEH,11LSM,LHOKSEUMAWE,11227,SAMALANGA,11,ACEH,1111,KAB. BIREUEN,111102,JEUNIEB,1111022038,MATANG TEUNGOH,TIDAK,"5.197277254007649, 96.49569854590247"
11,ACEH,11LSM,LHOKSEUMAWE,11227,SAMALANGA,11,ACEH,1111,KAB. BIREUEN,111102,JEUNIEB,1111022039,MATANG NIBONG,TIDAK,"5.193188258440556, 96.49547375879492"
11,ACEH,11LSM,LHOKSEUMAWE,11227,SAMALANGA,11,ACEH,1111,KAB. BIREUEN,111102,JEUNIEB,1111022040,BLANG ME BARAT,TIDAK,"5.19100176506721, 96.49272981622632"
11,ACEH,11LSM,LHOKSEUMAWE,11227,SAMALANGA,11,ACEH,1111,KAB. BIREUEN,111102,JEUNIEB,1111022041,KEUDE JEUNIEB,TIDAK,"5.189124420390265, 96.49704413964149"
11,ACEH,11LSM,LHOKSEUMAWE,11227,SAMALANGA,11,ACEH,1111,KAB. BIREUEN,111102,JEUNIEB,1111022042,COT GLUMPANG BAROH,TIDAK,"5.185945676695366, 96.48962371837808"
11,ACEH,11LSM,LHOKSEUMAWE,11227,SAMALANGA,11,ACEH,1111,KAB. BIREUEN,111102,JEUNIEB,1111022043,COT GLUMPANG TUNONG,TIDAK,"5.17897181314501, 96.48769722921826"
11,ACEH,11LSM,LHOKSEUMAWE,11227,SAMALANGA,11,ACEH,1111,KAB. BIREUEN,111102,JEUNIEB,1111022044,MEUNASAH KEUTAPANG,TIDAK,"5.172945492716137, 96.49157626664604"
11,ACEH,11LSM,LHOKSEUMAWE,11227,SAMALANGA,11,ACEH,1111,KAB. BIREUEN,111102,JEUNIEB,1111022045,MEUNASAH DAYAH,TIDAK,"5.167390524037852, 96.48629665675459"
11,ACEH,11LSM,LHOKSEUMAWE,11227,SAMALANGA,11,ACEH,1111,KAB. BIREUEN,111102,JEUNIEB,1111022046,LHEU SIMPANG,TIDAK,"5.158359621073728, 96.48484613688986"
11,ACEH,11LSM,LHOKSEUMAWE,11227,SAMALANGA,11,ACEH,1111,KAB. BIREUEN,111102,JEUNIEB,1111022047,LHEU BARAT,TIDAK,"5.155454483560083, 96.47599108992476"
11,ACEH,11LSM,LHOKSEUMAWE,11227,SAMALANGA,11,ACEH,1111,KAB. BIREUEN,111102,JEUNIEB,1111022048,JEUMPA SIKURENG,TIDAK,"5.150795220988831, 96.48406475091379"
11,ACEH,11LSM,LHOKSEUMAWE,11227,SAMALANGA,11,ACEH,1111,KAB. BIREUEN,111102,JEUNIEB,1111022049,JANGGOT SEUNGKO,TIDAK,"5.1837252569755154, 96.49504361387426"
11,ACEH,11LSM,LHOKSEUMAWE,11227,SAMALANGA,11,ACEH,1111,KAB. BIREUEN,111102,JEUNIEB,1111022050,MEUNASAH TAMBO,TIDAK,"5.172355359005766, 96.49780279554948"
11,ACEH,11LSM,LHOKSEUMAWE,11227,SAMALANGA,11,ACEH,1111,KAB. BIREUEN,111102,JEUNIEB,1111022051,MEUNASAH KEUPULA,TIDAK,"5.164512484706319, 96.495642020754"
11,ACEH,11LSM,LHOKSEUMAWE,11227,SAMALANGA,11,ACEH,1111,KAB. BIREUEN,111102,JEUNIEB,1111022052,MEUNASAH TUNONG LUENG,TIDAK,"5.159400005422099, 96.49256701308181"
11,ACEH,11LSM,LHOKSEUMAWE,11227,SAMALANGA,11,ACEH,1111,KAB. BIREUEN,111102,JEUNIEB,1111022053,MEUNASAH ALUE,TIDAK,"5.151168178102841, 96.49740277472165"
11,ACEH,11LSM,LHOKSEUMAWE,11227,SAMALANGA,11,ACEH,1111,KAB. BIREUEN,111102,JEUNIEB,1111022054,BLANG POHROH,TIDAK,"5.135522514924464, 96.49623038093135"
11,ACEH,11LSM,LHOKSEUMAWE,11227,SAMALANGA,11,ACEH,1111,KAB. BIREUEN,111102,JEUNIEB,1111022057,MEUNASAH LUENG,TIDAK,"5.151676691796339, 96.49067003939638"
11,ACEH,11LSM,LHOKSEUMAWE,11227,SAMALANGA,11,ACEH,1111,KAB. BIREUEN,111102,JEUNIEB,1111022058,DAYAH BLANG RALEU,TIDAK,"5.186878904373273, 96.49882258686227"
11,ACEH,11LSM,LHOKSEUMAWE,11227,SAMALANGA,11,ACEH,1111,KAB. BIREUEN,111102,JEUNIEB,1111022059,MEUNASAH BLANG,TIDAK,"5.192009712599015, 96.50123789294635"
11,ACEH,11LSM,LHOKSEUMAWE,11227,SAMALANGA,11,ACEH,1111,KAB. BIREUEN,111102,JEUNIEB,1111022060,ALUE LAMSABA,TIDAK,"5.128615859509973, 96.48471264278633"
11,ACEH,11LSM,LHOKSEUMAWE,11227,SAMALANGA,11,ACEH,1111,KAB. BIREUEN,111102,JEUNIEB,1111022061,MEUNASAH KOTA,TIDAK,"5.1902827250809525, 96.49474980432231"
11,ACEH,11LSM,LHOKSEUMAWE,11227,SAMALANGA,11,ACEH,1111,KAB. BIREUEN,111102,JEUNIEB,1111022062,PAYA BILI,TIDAK,"5.127991733907644, 96.5077388913276"
11,ACEH,11LSM,LHOKSEUMAWE,11227,SAMALANGA,11,ACEH,1111,KAB. BIREUEN,111103,PEUDADA,1111032014,SAWANG,TIDAK,"5.201579701036353, 96.56448040144268"
11,ACEH,11LSM,LHOKSEUMAWE,11227,SAMALANGA,11,ACEH,1111,KAB. BIREUEN,111103,PEUDADA,1111032015,BLANG BEURURU,TIDAK,"5.202605426929344, 96.56456623213067"
11,ACEH,11LSM,LHOKSEUMAWE,11227,SAMALANGA,11,ACEH,1111,KAB. BIREUEN,111108,PANDRAH,1111082001,LANCOK ULIM,TIDAK,"5.19317115442901, 96.48712105900798"
11,ACEH,11LSM,LHOKSEUMAWE,11227,SAMALANGA,11,ACEH,1111,KAB. BIREUEN,111108,PANDRAH,1111082002,NASE MEE,TIDAK,"5.198037772498572, 96.48307286238132"
11,ACEH,11LSM,LHOKSEUMAWE,11227,SAMALANGA,11,ACEH,1111,KAB. BIREUEN,111108,PANDRAH,1111082003,PANDRAH KANDEH,TIDAK,"5.184881151284797, 96.478919601947"
11,ACEH,11LSM,LHOKSEUMAWE,11227,SAMALANGA,11,ACEH,1111,KAB. BIREUEN,111108,PANDRAH,1111082004,PANTON,TIDAK,"5.18080189333408, 96.4846600346726"
11,ACEH,11LSM,LHOKSEUMAWE,11227,SAMALANGA,11,ACEH,1111,KAB. BIREUEN,111108,PANDRAH,1111082005,LHOK DAGANG,TIDAK,"5.188646778524137, 96.475264046549"
11,ACEH,11LSM,LHOKSEUMAWE,11227,SAMALANGA,11,ACEH,1111,KAB. BIREUEN,111108,PANDRAH,1111082006,PANDRAH JANENG,TIDAK,"5.177184371759051, 96.4743598013276"
11,ACEH,11LSM,LHOKSEUMAWE,11227,SAMALANGA,11,ACEH,1111,KAB. BIREUEN,111108,PANDRAH,1111082007,GAROT,TIDAK,"5.17073254523935, 96.47999870735158"
11,ACEH,11LSM,LHOKSEUMAWE,11227,SAMALANGA,11,ACEH,1111,KAB. BIREUEN,111108,PANDRAH,1111082008,GAMPONG BLANG,TIDAK,"5.170694312313898, 96.47451000190583"
11,ACEH,11LSM,LHOKSEUMAWE,11227,SAMALANGA,11,ACEH,1111,KAB. BIREUEN,111108,PANDRAH,1111082009,KUTA RUSEP,TIDAK,"5.163875923839244, 96.46974252493465"
11,ACEH,11LSM,LHOKSEUMAWE,11227,SAMALANGA,11,ACEH,1111,KAB. BIREUEN,111108,PANDRAH,1111082010,BLANG SAMA GADENG,TIDAK,"5.1563402241355485, 96.46602028591249"
11,ACEH,11LSM,LHOKSEUMAWE,11227,SAMALANGA,11,ACEH,1111,KAB. BIREUEN,111108,PANDRAH,1111082011,PANTON BILI,TIDAK,"5.1490956949908595, 96.46636659489452"
11,ACEH,11LSM,LHOKSEUMAWE,11227,SAMALANGA,11,ACEH,1111,KAB. BIREUEN,111108,PANDRAH,1111082012,ALUE IGEUH,TIDAK,"5.190672420985158, 96.46294816715535"
11,ACEH,11LSM,LHOKSEUMAWE,11227,SAMALANGA,11,ACEH,1111,KAB. BIREUEN,111108,PANDRAH,1111082013,MEUNASAH REUDEUP,TIDAK,"5.178779175121763, 96.46459656519455"
11,ACEH,11LSM,LHOKSEUMAWE,11227,SAMALANGA,11,ACEH,1111,KAB. BIREUEN,111108,PANDRAH,1111082014,MEUNASAH TEUNGOH,TIDAK,"5.195711699019135, 96.61198263525645"
11,ACEH,11LSM,LHOKSEUMAWE,11227,SAMALANGA,11,ACEH,1111,KAB. BIREUEN,111108,PANDRAH,1111082015,BANTAYAN,TIDAK,"5.170370074429276, 96.47011914905293"
11,ACEH,11LSM,LHOKSEUMAWE,11227,SAMALANGA,11,ACEH,1111,KAB. BIREUEN,111108,PANDRAH,1111082016,COT LEUBENG,TIDAK,"5.170130509412156, 96.45778503377477"
11,ACEH,11LSM,LHOKSEUMAWE,11227,SAMALANGA,11,ACEH,1111,KAB. BIREUEN,111108,PANDRAH,1111082017,SEUNEBOK BARO,TIDAK,"5.159137726969518, 96.46005495188828"
11,ACEH,11LSM,LHOKSEUMAWE,11227,SAMALANGA,11,ACEH,1111,KAB. BIREUEN,111108,PANDRAH,1111082018,UTEUEN KRUET,TIDAK,"5.1969351098959375, 96.47237171416255"
11,ACEH,11LSM,LHOKSEUMAWE,11227,SAMALANGA,11,ACEH,1111,KAB. BIREUEN,111108,PANDRAH,1111082019,NASE BARAT,TIDAK,"5.193589832346123, 96.47729862915833"
11,ACEH,11LSM,LHOKSEUMAWE,11227,SAMALANGA,11,ACEH,1111,KAB. BIREUEN,111111,SIMPANG MAMPLAM,1111112001,RHEUM BARAT,TIDAK,"5.200482641463903, 96.39231013254181"
11,ACEH,11LSM,LHOKSEUMAWE,11227,SAMALANGA,11,ACEH,1111,KAB. BIREUEN,111111,SIMPANG MAMPLAM,1111112002,RHEUM BAROH,TIDAK,"5.207492762998339, 96.40572230785838"
11,ACEH,11LSM,LHOKSEUMAWE,11227,SAMALANGA,11,ACEH,1111,KAB. BIREUEN,111111,SIMPANG MAMPLAM,1111112003,RHEUM TIMU,TIDAK,"5.201087158064528, 96.40147074742376"
11,ACEH,11LSM,LHOKSEUMAWE,11227,SAMALANGA,11,ACEH,1111,KAB. BIREUEN,111111,SIMPANG MAMPLAM,1111112004,BLANG KUTA COH,TIDAK,"5.201445758619919, 96.40720695990336"
11,ACEH,11LSM,LHOKSEUMAWE,11227,SAMALANGA,11,ACEH,1111,KAB. BIREUEN,111111,SIMPANG MAMPLAM,1111112005,BLANG KUTA DUA MEUNASAH,TIDAK,"5.203033500543116, 96.41239147458236"
11,ACEH,11LSM,LHOKSEUMAWE,11227,SAMALANGA,11,ACEH,1111,KAB. BIREUEN,111111,SIMPANG MAMPLAM,1111112006,LANCANG,TIDAK,"5.205204220177968, 96.42107082547801"
11,ACEH,11LSM,LHOKSEUMAWE,11227,SAMALANGA,11,ACEH,1111,KAB. BIREUEN,111111,SIMPANG MAMPLAM,1111112007,BLANG TEUMULEK,TIDAK,"5.192907476528515, 96.41236676959903"
11,ACEH,11LSM,LHOKSEUMAWE,11227,SAMALANGA,11,ACEH,1111,KAB. BIREUEN,111111,SIMPANG MAMPLAM,1111112008,MEUNASAH MESJID,TIDAK,"5.191257439162979, 96.41644340048846"
11,ACEH,11LSM,LHOKSEUMAWE,11227,SAMALANGA,11,ACEH,1111,KAB. BIREUEN,111111,SIMPANG MAMPLAM,1111112009,JURONG BINJEE,TIDAK,"5.194056013539496, 96.40743402610275"
11,ACEH,11LSM,LHOKSEUMAWE,11227,SAMALANGA,11,ACEH,1111,KAB. BIREUEN,111111,SIMPANG MAMPLAM,1111112010,BLANG MANE DUAMEUNASAH,TIDAK,"5.194180972088001, 96.40236062402704"
11,ACEH,11LSM,LHOKSEUMAWE,11227,SAMALANGA,11,ACEH,1111,KAB. BIREUEN,111111,SIMPANG MAMPLAM,1111112011,BLANG MANE BARAT,TIDAK,"5.193560670972335, 96.39744402689078"
11,ACEH,11LSM,LHOKSEUMAWE,11227,SAMALANGA,11,ACEH,1111,KAB. BIREUEN,111111,SIMPANG MAMPLAM,1111112012,BALEE,TIDAK,"5.194726109175229, 96.39328323026521"
11,ACEH,11LSM,LHOKSEUMAWE,11227,SAMALANGA,11,ACEH,1111,KAB. BIREUEN,111111,SIMPANG MAMPLAM,1111112013,ARONGAN,TIDAK,"5.197275168483773, 96.388105427302"
11,ACEH,11LSM,LHOKSEUMAWE,11227,SAMALANGA,11,ACEH,1111,KAB. BIREUEN,111111,SIMPANG MAMPLAM,1111112014,MEUNASAH MAMPLAM,TIDAK,"5.1778062872515775, 96.41963422439467"
11,ACEH,11LSM,LHOKSEUMAWE,11227,SAMALANGA,11,ACEH,1111,KAB. BIREUEN,111111,SIMPANG MAMPLAM,1111112015,PULO DAPONG,TIDAK,"5.187942701313249, 96.41946191138291"
11,ACEH,11LSM,LHOKSEUMAWE,11227,SAMALANGA,11,ACEH,1111,KAB. BIREUEN,111111,SIMPANG MAMPLAM,1111112016,CEURUCOK,TIDAK,"5.188172340735157, 96.39078488862903"
11,ACEH,11LSM,LHOKSEUMAWE,11227,SAMALANGA,11,ACEH,1111,KAB. BIREUEN,111111,SIMPANG MAMPLAM,1111112017,IE RHOB GLUMPANG,TIDAK,"5.1875427457862155, 96.39919059420359"
11,ACEH,11LSM,LHOKSEUMAWE,11227,SAMALANGA,11,ACEH,1111,KAB. BIREUEN,111111,SIMPANG MAMPLAM,1111112018,IE RHOB BARAT,TIDAK,"5.180133609956701, 96.39246951386345"
11,ACEH,11LSM,LHOKSEUMAWE,11227,SAMALANGA,11,ACEH,1111,KAB. BIREUEN,111111,SIMPANG MAMPLAM,1111112019,IE RHOB TIMU,TIDAK,"5.175243898488635, 96.40237033768635"
11,ACEH,11LSM,LHOKSEUMAWE,11227,SAMALANGA,11,ACEH,1111,KAB. BIREUEN,111111,SIMPANG MAMPLAM,1111112020,IE RHOB BABAH LUENG,TIDAK,"5.1736600830078245, 96.3957110577719"
11,ACEH,11LSM,LHOKSEUMAWE,11227,SAMALANGA,11,ACEH,1111,KAB. BIREUEN,111111,SIMPANG MAMPLAM,1111112021,GLEE MEUDONG,TIDAK,"5.1752505928719374, 96.38796162680904"
11,ACEH,11LSM,LHOKSEUMAWE,11227,SAMALANGA,11,ACEH,1111,KAB. BIREUEN,111111,SIMPANG MAMPLAM,1111112022,PULO DRIEN,TIDAK,"5.186242077793195, 96.40456382499804"
11,ACEH,11LSM,LHOKSEUMAWE,11227,SAMALANGA,11,ACEH,1111,KAB. BIREUEN,111111,SIMPANG MAMPLAM,1111112023,MEUNASAH DAYAH,TIDAK,"5.1837372537652895, 96.4125104758047"
11,ACEH,11LSM,LHOKSEUMAWE,11227,SAMALANGA,11,ACEH,1111,KAB. BIREUEN,111111,SIMPANG MAMPLAM,1111112024,COT TRIENG,TIDAK,"5.17495775175629, 96.4102672682554"
11,ACEH,11LSM,LHOKSEUMAWE,11227,SAMALANGA,11,ACEH,1111,KAB. BIREUEN,111111,SIMPANG MAMPLAM,1111112025,KRUENG MEUSEUGOB,TIDAK,"5.15740499670421, 96.43005566247922"
11,ACEH,11LSM,LHOKSEUMAWE,11227,SAMALANGA,11,ACEH,1111,KAB. BIREUEN,111111,SIMPANG MAMPLAM,1111112026,LHOK TANOH,TIDAK,"5.149085800363233, 96.40688479501792"
11,ACEH,11LSM,LHOKSEUMAWE,11227,SAMALANGA,11,ACEH,1111,KAB. BIREUEN,111111,SIMPANG MAMPLAM,1111112027,BLANG TAMBUE,TIDAK,"5.191191009800622, 96.43206793997335"
11,ACEH,11LSM,LHOKSEUMAWE,11227,SAMALANGA,11,ACEH,1111,KAB. BIREUEN,111111,SIMPANG MAMPLAM,1111112028,KEUDE TAMBUE,TIDAK,"5.2001724699392575, 96.44859602639083"
11,ACEH,11LSM,LHOKSEUMAWE,11227,SAMALANGA,11,ACEH,1111,KAB. BIREUEN,111111,SIMPANG MAMPLAM,1111112029,MEUNASAH ASAN,TIDAK,"5.211346071130534, 96.43978240698722"
11,ACEH,11LSM,LHOKSEUMAWE,11227,SAMALANGA,11,ACEH,1111,KAB. BIREUEN,111111,SIMPANG MAMPLAM,1111112030,PEUNEULET TUNONG,TIDAK,"5.21200504872645, 96.45359873778186"
11,ACEH,11LSM,LHOKSEUMAWE,11227,SAMALANGA,11,ACEH,1111,KAB. BIREUEN,111111,SIMPANG MAMPLAM,1111112031,CURE TUNONG,TIDAK,"5.219875059194494, 96.43984348725492"
11,ACEH,11LSM,LHOKSEUMAWE,11227,SAMALANGA,11,ACEH,1111,KAB. BIREUEN,111111,SIMPANG MAMPLAM,1111112032,CURE BAROH,TIDAK,"5.222146429128254, 96.44718055558558"
11,ACEH,11LSM,LHOKSEUMAWE,11227,SAMALANGA,11,ACEH,1111,KAB. BIREUEN,111111,SIMPANG MAMPLAM,1111112033,PEUNEULET BAROH,TIDAK,"5.223268711382505, 96.4562180061258"
11,ACEH,11LSM,LHOKSEUMAWE,11227,SAMALANGA,11,ACEH,1111,KAB. BIREUEN,111111,SIMPANG MAMPLAM,1111112034,ULEE KAREUNG,TIDAK,"5.230618902103097, 96.46385333908012"
11,ACEH,11LSM,LHOKSEUMAWE,11227,SAMALANGA,11,ACEH,1111,KAB. BIREUEN,111111,SIMPANG MAMPLAM,1111112035,BLANG PAYANG,TIDAK,"5.225248918165942, 96.46974401425894"
11,ACEH,11LSM,LHOKSEUMAWE,11227,SAMALANGA,11,ACEH,1111,KAB. BIREUEN,111111,SIMPANG MAMPLAM,1111112036,CALOK,TIDAK,"5.213590552529233, 96.47679227043737"
11,ACEH,11LSM,LHOKSEUMAWE,11227,SAMALANGA,11,ACEH,1111,KAB. BIREUEN,111111,SIMPANG MAMPLAM,1111112037,ALUE LEUHOP,TIDAK,"5.208052512856339, 96.47085361219054"
11,ACEH,11LSM,LHOKSEUMAWE,11227,SAMALANGA,11,ACEH,1111,KAB. BIREUEN,111111,SIMPANG MAMPLAM,1111112038,PAKU,TIDAK,"5.180244327880615, 96.44011862497365"
11,ACEH,11LSM,LHOKSEUMAWE,11227,SAMALANGA,11,ACEH,1111,KAB. BIREUEN,111111,SIMPANG MAMPLAM,1111112039,LHOK MANE,TIDAK,"5.217051764610814, 96.47848290011763"
11,ACEH,11LSM,LHOKSEUMAWE,11227,SAMALANGA,11,ACEH,1111,KAB. BIREUEN,111111,SIMPANG MAMPLAM,1111112040,TAMBUE BARAT,TIDAK,"5.20978402521557, 96.42858531907133"
11,ACEH,11LSM,LHOKSEUMAWE,11227,SAMALANGA,11,ACEH,1111,KAB. BIREUEN,111111,SIMPANG MAMPLAM,1111112041,MEUNASAH BARAT,TIDAK,"5.191162463514355, 96.38476935541084"
11,ACEH,11LSM,LHOKSEUMAWE,11227,SAMALANGA,11,ACEH,1111,KAB. BIREUEN,111112,PEULIMBANG,1111122001,KEUDE PLIMBANG,TIDAK,"5.187183877688887, 96.52784460802627"
11,ACEH,11LSM,LHOKSEUMAWE,11227,SAMALANGA,11,ACEH,1111,KAB. BIREUEN,111112,PEULIMBANG,1111122002,KRUENG BARO,TIDAK,"5.187783442708792, 96.52393309908041"
11,ACEH,11LSM,LHOKSEUMAWE,11227,SAMALANGA,11,ACEH,1111,KAB. BIREUEN,111112,PEULIMBANG,1111122003,SEUNEUBOK NALAN,TIDAK,"5.1816549119428075, 96.52355435464543"
11,ACEH,11LSM,LHOKSEUMAWE,11227,SAMALANGA,11,ACEH,1111,KAB. BIREUEN,111112,PEULIMBANG,1111122004,RAMBONG PAYONG,TIDAK,"5.184303743005486, 96.53213637494632"
11,ACEH,11LSM,LHOKSEUMAWE,11227,SAMALANGA,11,ACEH,1111,KAB. BIREUEN,111112,PEULIMBANG,1111122005,SEUNEUBOK ACEH,TIDAK,"5.175724128259642, 96.52837816771438"
11,ACEH,11LSM,LHOKSEUMAWE,11227,SAMALANGA,11,ACEH,1111,KAB. BIREUEN,111112,PEULIMBANG,1111122006,SEUNEUBOK PLIMBANG,TIDAK,"5.189701905769682, 96.53066713859678"
11,ACEH,11LSM,LHOKSEUMAWE,11227,SAMALANGA,11,ACEH,1111,KAB. BIREUEN,111112,PEULIMBANG,1111122007,SEUNEUBOK PUNTI,TIDAK,"5.169235968724961, 96.52932452521155"
11,ACEH,11LSM,LHOKSEUMAWE,11227,SAMALANGA,11,ACEH,1111,KAB. BIREUEN,111112,PEULIMBANG,1111122008,UTEUN SIKUMBONG,TIDAK,"5.171496385199912, 96.52936741218576"
11,ACEH,11LSM,LHOKSEUMAWE,11227,SAMALANGA,11,ACEH,1111,KAB. BIREUEN,111112,PEULIMBANG,1111122009,TEUPIN PANAH,TIDAK,"5.163416201358862, 96.53449584880177"
11,ACEH,11LSM,LHOKSEUMAWE,11227,SAMALANGA,11,ACEH,1111,KAB. BIREUEN,111112,PEULIMBANG,1111122010,MATANG KULEE,TIDAK,"5.151482171017286, 96.54310478316924"
11,ACEH,11LSM,LHOKSEUMAWE,11227,SAMALANGA,11,ACEH,1111,KAB. BIREUEN,111112,PEULIMBANG,1111122011,LANCOK BUNGO,TIDAK,"5.16131323715905, 96.53928092628306"
11,ACEH,11LSM,LHOKSEUMAWE,11227,SAMALANGA,11,ACEH,1111,KAB. BIREUEN,111112,PEULIMBANG,1111122012,UTEUN RUNGKOM,TIDAK,"5.165736051624785, 96.54399897364272"
11,ACEH,11LSM,LHOKSEUMAWE,11227,SAMALANGA,11,ACEH,1111,KAB. BIREUEN,111112,PEULIMBANG,1111122013,PADANG KASAB,TIDAK,"5.199984512598326, 96.5515492572554"
11,ACEH,11LSM,LHOKSEUMAWE,11227,SAMALANGA,11,ACEH,1111,KAB. BIREUEN,111112,PEULIMBANG,1111122014,SEUNEUBOK SEUMAWE,TIDAK,"5.197473881927538, 96.54109423158225"
11,ACEH,11LSM,LHOKSEUMAWE,11227,SAMALANGA,11,ACEH,1111,KAB. BIREUEN,111112,PEULIMBANG,1111122015,JAMBO DALAM,TIDAK,"5.170367434750144, 96.55456493337238"
11,ACEH,11LSM,LHOKSEUMAWE,11227,SAMALANGA,11,ACEH,1111,KAB. BIREUEN,111112,PEULIMBANG,1111122016,COT GLEUMPANG,TIDAK,"5.22104147577256, 96.72463851777695"
11,ACEH,11LSM,LHOKSEUMAWE,11227,SAMALANGA,11,ACEH,1111,KAB. BIREUEN,111112,PEULIMBANG,1111122017,PUUEK,TIDAK,"5.188753421887666, 96.55275502432767"
11,ACEH,11LSM,LHOKSEUMAWE,11227,SAMALANGA,11,ACEH,1111,KAB. BIREUEN,111112,PEULIMBANG,1111122018,BALEE DAKA,TIDAK,"5.150796176035613, 96.53033299524604"
11,ACEH,11LSM,LHOKSEUMAWE,11227,SAMALANGA,11,ACEH,1111,KAB. BIREUEN,111112,PEULIMBANG,1111122019,PALOH PUPU,TIDAK,"5.16253975768891, 96.55181775012198"
11,ACEH,11LSM,LHOKSEUMAWE,11227,SAMALANGA,11,ACEH,1111,KAB. BIREUEN,111112,PEULIMBANG,1111122020,SEUNEBOK TEUNGOH,TIDAK,"5.187849957692738, 96.53713623583768"
11,ACEH,11LSM,LHOKSEUMAWE,11227,SAMALANGA,11,ACEH,1111,KAB. BIREUEN,111112,PEULIMBANG,1111122021,GARAB,TIDAK,"5.133869522374433, 96.53039927625748"
11,ACEH,11LSM,LHOKSEUMAWE,11227,SAMALANGA,11,ACEH,1111,KAB. BIREUEN,111112,PEULIMBANG,1111122022,KUTA TRIENG,TIDAK,"5.198173610505344, 96.54524374830338"
11,ACEH,11LSM,LHOKSEUMAWE,11228,GANDAPURA,11,ACEH,1108,KAB. ACEH UTARA,110806,MUARA BATU,1108062001,KEUDE MANE,TIDAK,"5.241623356551601, 96.91435819772931"
11,ACEH,11LSM,LHOKSEUMAWE,11228,GANDAPURA,11,ACEH,1108,KAB. ACEH UTARA,110806,MUARA BATU,1108062005,COT SEURANI,TIDAK,"5.245700581225414, 96.91952676427906"
11,ACEH,11LSM,LHOKSEUMAWE,11228,GANDAPURA,11,ACEH,1108,KAB. ACEH UTARA,110806,MUARA BATU,1108062006,MANE TUNONG,TIDAK,"5.235804180120197, 96.91406890023711"
11,ACEH,11LSM,LHOKSEUMAWE,11228,GANDAPURA,11,ACEH,1108,KAB. ACEH UTARA,110806,MUARA BATU,1108062007,KUALA DUA,TIDAK,"5.231271930772973, 96.91830391459861"
11,ACEH,11LSM,LHOKSEUMAWE,11228,GANDAPURA,11,ACEH,1108,KAB. ACEH UTARA,110806,MUARA BATU,1108062015,TANOH ANOE,TIDAK,"5.249658404634379, 96.91366716450952"
11,ACEH,11LSM,LHOKSEUMAWE,11228,GANDAPURA,11,ACEH,1108,KAB. ACEH UTARA,110806,MUARA BATU,1108062016,PANTE GURAH,TIDAK,"5.242124687437055, 96.9116289551671"
11,ACEH,11LSM,LHOKSEUMAWE,11228,GANDAPURA,11,ACEH,1108,KAB. ACEH UTARA,110815,SAWANG,1108152001,LAGANG,TIDAK,"5.226362176515312, 96.92731633474966"
11,ACEH,11LSM,LHOKSEUMAWE,11228,GANDAPURA,11,ACEH,1108,KAB. ACEH UTARA,110815,SAWANG,1108152004,LHOK MERBO,TIDAK,"5.228016953706876, 96.9166812238914"
11,ACEH,11LSM,LHOKSEUMAWE,11228,GANDAPURA,11,ACEH,1108,KAB. ACEH UTARA,110815,SAWANG,1108152005,GLE DAGANG,TIDAK,"5.217890655965227, 96.92061983551883"
11,ACEH,11LSM,LHOKSEUMAWE,11228,GANDAPURA,11,ACEH,1108,KAB. ACEH UTARA,110815,SAWANG,1108152007,GAMPONG TEUNGOH,TIDAK,"5.2059719568520055, 96.92098121415843"
11,ACEH,11LSM,LHOKSEUMAWE,11228,GANDAPURA,11,ACEH,1108,KAB. ACEH UTARA,110815,SAWANG,1108152008,BABAH BULOH,TIDAK,"5.2028401893473415, 96.9366619850167"
11,ACEH,11LSM,LHOKSEUMAWE,11228,GANDAPURA,11,ACEH,1108,KAB. ACEH UTARA,110815,SAWANG,1108152009,MEUNASAH PULO,TIDAK,"5.196126710729047, 96.92976534396873"
11,ACEH,11LSM,LHOKSEUMAWE,11228,GANDAPURA,11,ACEH,1108,KAB. ACEH UTARA,110815,SAWANG,1108152010,PUNTEUET,TIDAK,"5.186669201129237, 96.9401012434157"
11,ACEH,11LSM,LHOKSEUMAWE,11228,GANDAPURA,11,ACEH,1108,KAB. ACEH UTARA,110815,SAWANG,1108152011,PANTE JALOH,TIDAK,"5.196083063875934, 96.9171664810174"
11,ACEH,11LSM,LHOKSEUMAWE,11228,GANDAPURA,11,ACEH,1108,KAB. ACEH UTARA,110815,SAWANG,1108152012,LHOK KUYUN,TIDAK,"5.187448749982179, 96.91706622897797"
11,ACEH,11LSM,LHOKSEUMAWE,11228,GANDAPURA,11,ACEH,1108,KAB. ACEH UTARA,110815,SAWANG,1108152013,BLANG REULING,TIDAK,"5.176389762842878, 96.92399570058102"
11,ACEH,11LSM,LHOKSEUMAWE,11228,GANDAPURA,11,ACEH,1108,KAB. ACEH UTARA,110815,SAWANG,1108152014,LHOK GAJAH,TIDAK,"5.187137111544531, 96.89152677421811"
11,ACEH,11LSM,LHOKSEUMAWE,11228,GANDAPURA,11,ACEH,1108,KAB. ACEH UTARA,110815,SAWANG,1108152021,PAYA RABO LHOK,TIDAK,"5.165792807308133, 96.91104124059349"
11,ACEH,11LSM,LHOKSEUMAWE,11228,GANDAPURA,11,ACEH,1108,KAB. ACEH UTARA,110815,SAWANG,1108152022,PAYA RABO TIMU,TIDAK,"5.173301483374131, 96.92141888791669"
11,ACEH,11LSM,LHOKSEUMAWE,11228,GANDAPURA,11,ACEH,1108,KAB. ACEH UTARA,110815,SAWANG,1108152023,LANCOK,TIDAK,"5.161070331853634, 96.9238453554514"
11,ACEH,11LSM,LHOKSEUMAWE,11228,GANDAPURA,11,ACEH,1108,KAB. ACEH UTARA,110815,SAWANG,1108152024,RAMBONG PAYONG,TIDAK,"5.158995173088463, 96.90855896569818"
11,ACEH,11LSM,LHOKSEUMAWE,11228,GANDAPURA,11,ACEH,1108,KAB. ACEH UTARA,110815,SAWANG,1108152025,LHOK BAYU,TIDAK,"5.160883836705711, 96.8966367878815"
11,ACEH,11LSM,LHOKSEUMAWE,11228,GANDAPURA,11,ACEH,1108,KAB. ACEH UTARA,110815,SAWANG,1108152026,KRUENG BARO,TIDAK,"5.175503978796162, 96.89993773195842"
11,ACEH,11LSM,LHOKSEUMAWE,11228,GANDAPURA,11,ACEH,1108,KAB. ACEH UTARA,110815,SAWANG,1108152027,BABAH KRUENG,TIDAK,"5.1466138848545375, 96.90727391245512"
11,ACEH,11LSM,LHOKSEUMAWE,11228,GANDAPURA,11,ACEH,1108,KAB. ACEH UTARA,110815,SAWANG,1108152028,JURONG,TIDAK,"5.125259360834176, 96.90275104618085"
11,ACEH,11LSM,LHOKSEUMAWE,11228,GANDAPURA,11,ACEH,1108,KAB. ACEH UTARA,110815,SAWANG,1108152029,BLANG MANYAK,TIDAK,"5.1364970000198875, 96.92093745110998"
11,ACEH,11LSM,LHOKSEUMAWE,11228,GANDAPURA,11,ACEH,1108,KAB. ACEH UTARA,110815,SAWANG,1108152030,LHOK JOK,TIDAK,"5.1327315191978515, 96.90809491002301"
11,ACEH,11LSM,LHOKSEUMAWE,11228,GANDAPURA,11,ACEH,1108,KAB. ACEH UTARA,110815,SAWANG,1108152031,BLANG TEURAKAN,TIDAK,"5.135455393935085, 96.89172267858274"
11,ACEH,11LSM,LHOKSEUMAWE,11228,GANDAPURA,11,ACEH,1108,KAB. ACEH UTARA,110815,SAWANG,1108152032,SAWANG,TIDAK,"4.998320998721503, 96.84523261546657"
11,ACEH,11LSM,LHOKSEUMAWE,11228,GANDAPURA,11,ACEH,1108,KAB. ACEH UTARA,110815,SAWANG,1108152033,RISEH BAROH,TIDAK,"5.096334387220341, 96.89024280347186"
11,ACEH,11LSM,LHOKSEUMAWE,11228,GANDAPURA,11,ACEH,1108,KAB. ACEH UTARA,110815,SAWANG,1108152034,RISEH TEUNGOH,TIDAK,"5.085093369925062, 96.89096087946952"
11,ACEH,11LSM,LHOKSEUMAWE,11228,GANDAPURA,11,ACEH,1108,KAB. ACEH UTARA,110815,SAWANG,1108152035,RISEH TUNONG,TIDAK,"5.013044316943273, 96.89243618679886"
11,ACEH,11LSM,LHOKSEUMAWE,11228,GANDAPURA,11,ACEH,1108,KAB. ACEH UTARA,110815,SAWANG,1108152036,GUNCI,TIDAK,"5.0572606552644235, 96.85496874684449"
11,ACEH,11LSM,LHOKSEUMAWE,11228,GANDAPURA,11,ACEH,1108,KAB. ACEH UTARA,110815,SAWANG,1108152037,KUBU,TIDAK,"5.121417928980512, 96.88198848573722"
11,ACEH,11LSM,LHOKSEUMAWE,11228,GANDAPURA,11,ACEH,1108,KAB. ACEH UTARA,110815,SAWANG,1108152038,BLANG CUT,TIDAK,"5.116114488907121, 96.87960831129018"
11,ACEH,11LSM,LHOKSEUMAWE,11228,GANDAPURA,11,ACEH,1108,KAB. ACEH UTARA,110815,SAWANG,1108152039,LHOK CUT,TIDAK,"5.126715340115871, 96.88456400825757"
11,ACEH,11LSM,LHOKSEUMAWE,11228,GANDAPURA,11,ACEH,1111,KAB. BIREUEN,111106,MAKMUR,1111062001,LEUBU ME,TIDAK,"5.216972832313253, 96.86424510397285"
11,ACEH,11LSM,LHOKSEUMAWE,11228,GANDAPURA,11,ACEH,1111,KAB. BIREUEN,111106,MAKMUR,1111062002,PAYA DUA,TIDAK,"5.215226347592792, 96.98014577648203"
11,ACEH,11LSM,LHOKSEUMAWE,11228,GANDAPURA,11,ACEH,1111,KAB. BIREUEN,111106,MAKMUR,1111062003,LEUBU COT,TIDAK,"5.2096799925821085, 96.87069966088534"
11,ACEH,11LSM,LHOKSEUMAWE,11228,GANDAPURA,11,ACEH,1111,KAB. BIREUEN,111106,MAKMUR,1111062004,LEUBU MESJID,TIDAK,"5.20375315023149, 96.87229799073442"
11,ACEH,11LSM,LHOKSEUMAWE,11228,GANDAPURA,11,ACEH,1111,KAB. BIREUEN,111106,MAKMUR,1111062005,KUTA BARAT,TIDAK,"5.203300560159548, 96.86387470200421"
11,ACEH,11LSM,LHOKSEUMAWE,11228,GANDAPURA,11,ACEH,1111,KAB. BIREUEN,111106,MAKMUR,1111062006,TRIENGGADENG,TIDAK,"5.19420219166901, 96.87050782026375"
11,ACEH,11LSM,LHOKSEUMAWE,11228,GANDAPURA,11,ACEH,1111,KAB. BIREUEN,111106,MAKMUR,1111062007,COT KRUET,TIDAK,"5.18285899955166, 96.8759210273978"
11,ACEH,11LSM,LHOKSEUMAWE,11228,GANDAPURA,11,ACEH,1111,KAB. BIREUEN,111106,MAKMUR,1111062008,BLANG KHUTANG,TIDAK,"5.178958069083414, 96.8747183200852"
11,ACEH,11LSM,LHOKSEUMAWE,11228,GANDAPURA,11,ACEH,1111,KAB. BIREUEN,111106,MAKMUR,1111062009,BUKET SEULAMAT,TIDAK,"5.1766582479374055, 96.85915701977463"
11,ACEH,11LSM,LHOKSEUMAWE,11228,GANDAPURA,11,ACEH,1111,KAB. BIREUEN,111106,MAKMUR,1111062010,LAPEHAN MESJID,TIDAK,"5.171750730330551, 96.87060099230982"
11,ACEH,11LSM,LHOKSEUMAWE,11228,GANDAPURA,11,ACEH,1111,KAB. BIREUEN,111106,MAKMUR,1111062011,ULEE GLEE,TIDAK,"5.1612237508425745, 96.86822294469286"
11,ACEH,11LSM,LHOKSEUMAWE,11228,GANDAPURA,11,ACEH,1111,KAB. BIREUEN,111106,MAKMUR,1111062012,MONA ARA,TIDAK,"5.146978144342395, 96.87589247893341"
11,ACEH,11LSM,LHOKSEUMAWE,11228,GANDAPURA,11,ACEH,1111,KAB. BIREUEN,111106,MAKMUR,1111062013,PANDAK,TIDAK,"5.145527048745227, 96.86889154036109"
11,ACEH,11LSM,LHOKSEUMAWE,11228,GANDAPURA,11,ACEH,1111,KAB. BIREUEN,111106,MAKMUR,1111062014,BLANG DALAM,TIDAK,"5.215447725136359, 96.65755859221545"
11,ACEH,11LSM,LHOKSEUMAWE,11228,GANDAPURA,11,ACEH,1111,KAB. BIREUEN,111106,MAKMUR,1111062015,ALUE DUA,TIDAK,"5.101350981101995, 96.85564510992927"
11,ACEH,11LSM,LHOKSEUMAWE,11228,GANDAPURA,11,ACEH,1111,KAB. BIREUEN,111106,MAKMUR,1111062016,SEUNEUBOK BARO,TIDAK,"5.15905920852012, 96.4598341809355"
11,ACEH,11LSM,LHOKSEUMAWE,11228,GANDAPURA,11,ACEH,1111,KAB. BIREUEN,111106,MAKMUR,1111062017,PANTEU BREUH,TIDAK,"5.16416492842003, 96.85701714407587"
11,ACEH,11LSM,LHOKSEUMAWE,11228,GANDAPURA,11,ACEH,1111,KAB. BIREUEN,111106,MAKMUR,1111062018,TANJONG MULIA,TIDAK,"5.119074964885474, 96.82377263984486"
11,ACEH,11LSM,LHOKSEUMAWE,11228,GANDAPURA,11,ACEH,1111,KAB. BIREUEN,111106,MAKMUR,1111062019,BLANG MANE,TIDAK,"5.0905323176628405, 96.76014151787214"
11,ACEH,11LSM,LHOKSEUMAWE,11228,GANDAPURA,11,ACEH,1111,KAB. BIREUEN,111106,MAKMUR,1111062020,MEUREUBO,TIDAK,"5.151861960352751, 96.84893862480006"
11,ACEH,11LSM,LHOKSEUMAWE,11228,GANDAPURA,11,ACEH,1111,KAB. BIREUEN,111106,MAKMUR,1111062021,BLANG PERLAK,TIDAK,"5.133733268243772, 96.84421566045575"
11,ACEH,11LSM,LHOKSEUMAWE,11228,GANDAPURA,11,ACEH,1111,KAB. BIREUEN,111106,MAKMUR,1111062022,PANTON MESJID,TIDAK,"5.121262498149761, 96.84157798346881"
11,ACEH,11LSM,LHOKSEUMAWE,11228,GANDAPURA,11,ACEH,1111,KAB. BIREUEN,111106,MAKMUR,1111062023,SUKARAME,TIDAK,"5.110806175882391, 96.83798708267477"
11,ACEH,11LSM,LHOKSEUMAWE,11228,GANDAPURA,11,ACEH,1111,KAB. BIREUEN,111106,MAKMUR,1111062024,MATANG KUMBANG,TIDAK,"5.137130463795606, 96.82436524324905"
11,ACEH,11LSM,LHOKSEUMAWE,11228,GANDAPURA,11,ACEH,1111,KAB. BIREUEN,111106,MAKMUR,1111062025,PULO TEUNGOH,TIDAK,"5.159837243625618, 96.88089159570606"
11,ACEH,11LSM,LHOKSEUMAWE,11228,GANDAPURA,11,ACEH,1111,KAB. BIREUEN,111106,MAKMUR,1111062026,BATEE DABAI,TIDAK,"5.094335982882861, 96.84069392990212"
11,ACEH,11LSM,LHOKSEUMAWE,11228,GANDAPURA,11,ACEH,1111,KAB. BIREUEN,111106,MAKMUR,1111062027,ARA LIPEH,TIDAK,"5.107012829438158, 96.82078730009157"
11,ACEH,11LSM,LHOKSEUMAWE,11224,PANTONLABU,11,ACEH,1108,KAB. ACEH UTARA,110809,SEUNUDDON,1108092001,TANJONG PINENG,TIDAK,"5.169879455353959, 97.4309851938937"
11,ACEH,11LSM,LHOKSEUMAWE,11224,PANTONLABU,11,ACEH,1108,KAB. ACEH UTARA,110809,SEUNUDDON,1108092002,MEURUBO PUNTONG,TIDAK,"5.15874995715171, 97.43899219014455"
11,ACEH,11LSM,LHOKSEUMAWE,11224,PANTONLABU,11,ACEH,1108,KAB. ACEH UTARA,110809,SEUNUDDON,1108092003,MANE KAWAN,TIDAK,"5.164158443038126, 97.4378399823685"
11,ACEH,11LSM,LHOKSEUMAWE,11224,PANTONLABU,11,ACEH,1108,KAB. ACEH UTARA,110809,SEUNUDDON,1108092004,ALUE BARUEH,TIDAK,"5.174387592070434, 97.42957988252253"
11,ACEH,11LSM,LHOKSEUMAWE,11224,PANTONLABU,11,ACEH,1108,KAB. ACEH UTARA,110809,SEUNUDDON,1108092005,KEUDE SIMPANG JALAN,TIDAK,"5.174715365050671, 97.43477190226628"
11,ACEH,11LSM,LHOKSEUMAWE,11224,PANTONLABU,11,ACEH,1108,KAB. ACEH UTARA,110809,SEUNUDDON,1108092006,BLANG PHA,TIDAK,"5.178402080245217, 97.42417456293464"
11,ACEH,11LSM,LHOKSEUMAWE,11224,PANTONLABU,11,ACEH,1108,KAB. ACEH UTARA,110809,SEUNUDDON,1108092007,ALUE KIRAN,TIDAK,"5.169992281963669, 97.42146888615054"
11,ACEH,11LSM,LHOKSEUMAWE,11224,PANTONLABU,11,ACEH,1108,KAB. ACEH UTARA,110809,SEUNUDDON,1108092008,BLANG TUE,TIDAK,"5.163214487128751, 97.42462198382482"
11,ACEH,11LSM,LHOKSEUMAWE,11224,PANTONLABU,11,ACEH,1108,KAB. ACEH UTARA,110809,SEUNUDDON,1108092009,COT KAFIRATON,TIDAK,"5.178432095925279, 97.45154332773663"
11,ACEH,11LSM,LHOKSEUMAWE,11224,PANTONLABU,11,ACEH,1108,KAB. ACEH UTARA,110809,SEUNUDDON,1108092010,TANJONG DAMA,TIDAK,"5.180007127106718, 97.43541166259175"
11,ACEH,11LSM,LHOKSEUMAWE,11224,PANTONLABU,11,ACEH,1108,KAB. ACEH UTARA,110809,SEUNUDDON,1108092011,PAYA DUA URAM,TIDAK,"5.188930213579757, 97.43272426108487"
11,ACEH,11LSM,LHOKSEUMAWE,11224,PANTONLABU,11,ACEH,1108,KAB. ACEH UTARA,110809,SEUNUDDON,1108092012,PAYA DUA UJONG,TIDAK,"5.185044936057805, 97.4544623429861"
11,ACEH,11LSM,LHOKSEUMAWE,11224,PANTONLABU,11,ACEH,1108,KAB. ACEH UTARA,110809,SEUNUDDON,1108092013,ALUE CAPLI,TIDAK,"5.188481741185313, 97.41188028093525"
11,ACEH,11LSM,LHOKSEUMAWE,11224,PANTONLABU,11,ACEH,1108,KAB. ACEH UTARA,110809,SEUNUDDON,1108092014,SIMPANG PEUT,TIDAK,"5.187450371535796, 97.43029230949857"
11,ACEH,11LSM,LHOKSEUMAWE,11224,PANTONLABU,11,ACEH,1108,KAB. ACEH UTARA,110809,SEUNUDDON,1108092015,MEUNASAH SAGOE,TIDAK,"5.1870802858567675, 97.34596687880223"
11,ACEH,11LSM,LHOKSEUMAWE,11224,PANTONLABU,11,ACEH,1108,KAB. ACEH UTARA,110809,SEUNUDDON,1108092016,MATANG PUNTONG,TIDAK,"5.200735695484513, 97.3690495098783"
11,ACEH,11LSM,LHOKSEUMAWE,11224,PANTONLABU,11,ACEH,1108,KAB. ACEH UTARA,110809,SEUNUDDON,1108092017,MATANG PANYANG,TIDAK,"5.187983014893771, 97.3728472323401"
11,ACEH,11LSM,LHOKSEUMAWE,11224,PANTONLABU,11,ACEH,1108,KAB. ACEH UTARA,110809,SEUNUDDON,1108092018,COT PATISAH,TIDAK,"5.191615798434559, 97.39202436364272"
11,ACEH,11LSM,LHOKSEUMAWE,11224,PANTONLABU,11,ACEH,1108,KAB. ACEH UTARA,110809,SEUNUDDON,1108092019,COT TRUENG,TIDAK,"5.1843530443846735, 97.3703432654624"
11,ACEH,11LSM,LHOKSEUMAWE,11224,PANTONLABU,11,ACEH,1108,KAB. ACEH UTARA,110809,SEUNUDDON,1108092020,DARUL AMAN,TIDAK,"5.17976281168573, 97.39806055551965"
11,ACEH,11LSM,LHOKSEUMAWE,11224,PANTONLABU,11,ACEH,1108,KAB. ACEH UTARA,110809,SEUNUDDON,1108092021,MATANG JEULIKAT,TIDAK,"5.180676772007193, 97.4123872760348"
11,ACEH,11LSM,LHOKSEUMAWE,11224,PANTONLABU,11,ACEH,1108,KAB. ACEH UTARA,110809,SEUNUDDON,1108092022,LHOK PUUK,TIDAK,"5.212153448971942, 97.40428986902934"
11,ACEH,11LSM,LHOKSEUMAWE,11224,PANTONLABU,11,ACEH,1108,KAB. ACEH UTARA,110809,SEUNUDDON,1108092023,ULEE RUBEK BARAT,TIDAK,"5.213547017784465, 97.4062849511238"
11,ACEH,11LSM,LHOKSEUMAWE,11224,PANTONLABU,11,ACEH,1108,KAB. ACEH UTARA,110809,SEUNUDDON,1108092024,ULEE RUBEK TIMU,TIDAK,"5.217764196666043, 97.42183695074158"
11,ACEH,11LSM,LHOKSEUMAWE,11224,PANTONLABU,11,ACEH,1108,KAB. ACEH UTARA,110809,SEUNUDDON,1108092025,BANTAYAN,TIDAK,"5.233071966868685, 97.4609408965682"
11,ACEH,11LSM,LHOKSEUMAWE,11224,PANTONLABU,11,ACEH,1108,KAB. ACEH UTARA,110809,SEUNUDDON,1108092026,TEUPIN KUYUEN,TIDAK,"5.228111353121431, 97.46115302534582"
11,ACEH,11LSM,LHOKSEUMAWE,11224,PANTONLABU,11,ACEH,1108,KAB. ACEH UTARA,110809,SEUNUDDON,1108092027,MATANG LADA,TIDAK,"5.212371624004682, 97.42965346348059"
11,ACEH,11LSM,LHOKSEUMAWE,11224,PANTONLABU,11,ACEH,1108,KAB. ACEH UTARA,110809,SEUNUDDON,1108092028,ULEE MATANG,TIDAK,"5.2145273194773605, 97.45525440304161"
11,ACEH,11LSM,LHOKSEUMAWE,11224,PANTONLABU,11,ACEH,1108,KAB. ACEH UTARA,110809,SEUNUDDON,1108092029,MATANG KARIENG,TIDAK,"5.202263760399939, 97.4522488824189"
11,ACEH,11LSM,LHOKSEUMAWE,11224,PANTONLABU,11,ACEH,1108,KAB. ACEH UTARA,110809,SEUNUDDON,1108092030,LHOK RAMBIDENG,TIDAK,"5.197114781911337, 97.43860250053613"
11,ACEH,11LSM,LHOKSEUMAWE,11224,PANTONLABU,11,ACEH,1108,KAB. ACEH UTARA,110809,SEUNUDDON,1108092031,MATANG ANOE,TIDAK,"5.194808698468775, 97.46820860356927"
11,ACEH,11LSM,LHOKSEUMAWE,11224,PANTONLABU,11,ACEH,1108,KAB. ACEH UTARA,110809,SEUNUDDON,1108092032,LHOK GEULITUET,TIDAK,"5.189772436878456, 97.44461391996236"
11,ACEH,11LSM,LHOKSEUMAWE,11224,PANTONLABU,11,ACEH,1108,KAB. ACEH UTARA,110809,SEUNUDDON,1108092033,ULEE TITI,TIDAK,"5.201346995349026, 97.42444413315832"
11,ACEH,11LSM,LHOKSEUMAWE,11224,PANTONLABU,11,ACEH,1108,KAB. ACEH UTARA,110814,T. JAMBO AYE,1108142001,TEUPIN GAJAH,TIDAK,"5.1557824587027365, 97.46588945614637"
11,ACEH,11LSM,LHOKSEUMAWE,11224,PANTONLABU,11,ACEH,1108,KAB. ACEH UTARA,110814,T. JAMBO AYE,1108142002,GEULUMPANG UMPUNG UNOU,TIDAK,"5.199643403918913, 97.48959005300037"
11,ACEH,11LSM,LHOKSEUMAWE,11224,PANTONLABU,11,ACEH,1108,KAB. ACEH UTARA,110814,T. JAMBO AYE,1108142003,RANTO PANYANG,TIDAK,"5.1997038286539095, 97.49466650460528"
11,ACEH,11LSM,LHOKSEUMAWE,11224,PANTONLABU,11,ACEH,1108,KAB. ACEH UTARA,110814,T. JAMBO AYE,1108142004,SEUNEUBOK DOE,TIDAK,"5.192153614593883, 97.49683000974876"
11,ACEH,11LSM,LHOKSEUMAWE,11224,PANTONLABU,11,ACEH,1108,KAB. ACEH UTARA,110814,T. JAMBO AYE,1108142005,MEUNASAH GEUDONG,TIDAK,"5.186598701837802, 97.47725684682118"
11,ACEH,11LSM,LHOKSEUMAWE,11224,PANTONLABU,11,ACEH,1108,KAB. ACEH UTARA,110814,T. JAMBO AYE,1108142006,MEUNASAH MERBO,TIDAK,"5.19199609342359, 97.48922755114907"
11,ACEH,11LSM,LHOKSEUMAWE,11224,PANTONLABU,11,ACEH,1108,KAB. ACEH UTARA,110814,T. JAMBO AYE,1108142007,TANJONG MEUNYE,TIDAK,"5.16041566478035, 97.48317447088486"
11,ACEH,11LSM,LHOKSEUMAWE,11224,PANTONLABU,11,ACEH,1108,KAB. ACEH UTARA,110814,T. JAMBO AYE,1108142008,MATANG JURONG,TIDAK,"5.173493056823972, 97.47515424842489"
11,ACEH,11LSM,LHOKSEUMAWE,11224,PANTONLABU,11,ACEH,1108,KAB. ACEH UTARA,110814,T. JAMBO AYE,1108142009,TANJONG DALAM UTARA,TIDAK,"5.162516035096641, 97.4847122515078"
11,ACEH,11LSM,LHOKSEUMAWE,11224,PANTONLABU,11,ACEH,1108,KAB. ACEH UTARA,110814,T. JAMBO AYE,1108142010,MEUNASAH DAYAH,TIDAK,"5.180185052334515, 97.48452619840488"
11,ACEH,11LSM,LHOKSEUMAWE,11224,PANTONLABU,11,ACEH,1108,KAB. ACEH UTARA,110814,T. JAMBO AYE,1108142011,SEUNEUBOK PIDIE,TIDAK,"5.172564561445972, 97.48600853133809"
11,ACEH,11LSM,LHOKSEUMAWE,11224,PANTONLABU,11,ACEH,1108,KAB. ACEH UTARA,110814,T. JAMBO AYE,1108142012,TANJONG MENUANG,TIDAK,"5.168883495811244, 97.48606594203775"
11,ACEH,11LSM,LHOKSEUMAWE,11224,PANTONLABU,11,ACEH,1108,KAB. ACEH UTARA,110814,T. JAMBO AYE,1108142013,MATANG TEUNGOH-TEUNGOH,TIDAK,"5.09744698277177, 97.3748401732609"
11,ACEH,11LSM,LHOKSEUMAWE,11224,PANTONLABU,11,ACEH,1108,KAB. ACEH UTARA,110814,T. JAMBO AYE,1108142014,LHOK REUDEUP,TIDAK,"5.084471541679043, 97.45926620808056"
11,ACEH,11LSM,LHOKSEUMAWE,11224,PANTONLABU,11,ACEH,1108,KAB. ACEH UTARA,110814,T. JAMBO AYE,1108142015,LHOK MERBO,TIDAK,"5.07992842785675, 97.46969591943343"
11,ACEH,11LSM,LHOKSEUMAWE,11224,PANTONLABU,11,ACEH,1108,KAB. ACEH UTARA,110814,T. JAMBO AYE,1108142016,TANJONG ARA,TIDAK,"5.101719770085522, 97.4677793961959"
11,ACEH,11LSM,LHOKSEUMAWE,11224,PANTONLABU,11,ACEH,1108,KAB. ACEH UTARA,110814,T. JAMBO AYE,1108142017,ALUE IE MIRAH,TIDAK,"5.089332683000677, 97.47469978482918"
11,ACEH,11LSM,LHOKSEUMAWE,11224,PANTONLABU,11,ACEH,1108,KAB. ACEH UTARA,110814,T. JAMBO AYE,1108142018,TANJONG PUNTI,TIDAK,"5.093706086310546, 97.47439057059854"
11,ACEH,11LSM,LHOKSEUMAWE,11224,PANTONLABU,11,ACEH,1108,KAB. ACEH UTARA,110814,T. JAMBO AYE,1108142019,BUKIT ALUE PUTEH,TIDAK,"5.080878417233929, 97.46150333396938"
11,ACEH,11LSM,LHOKSEUMAWE,11224,PANTONLABU,11,ACEH,1108,KAB. ACEH UTARA,110814,T. JAMBO AYE,1108142020,BUKET JRAT MANYANG,TIDAK,"5.05385271223341, 97.46912006312861"
11,ACEH,11LSM,LHOKSEUMAWE,11224,PANTONLABU,11,ACEH,1108,KAB. ACEH UTARA,110814,T. JAMBO AYE,1108142021,MATANG MANEH,TIDAK,"5.091012568944703, 97.46292319823782"
11,ACEH,11LSM,LHOKSEUMAWE,11224,PANTONLABU,11,ACEH,1108,KAB. ACEH UTARA,110814,T. JAMBO AYE,1108142022,PUCOK ALUE,TIDAK,"5.129822453080938, 97.41098600215801"
11,ACEH,11LSM,LHOKSEUMAWE,11224,PANTONLABU,11,ACEH,1108,KAB. ACEH UTARA,110814,T. JAMBO AYE,1108142023,MATANG SERDANG,TIDAK,"5.00211661772008, 97.47051666636052"
11,ACEH,11LSM,LHOKSEUMAWE,11224,PANTONLABU,11,ACEH,1108,KAB. ACEH UTARA,110814,T. JAMBO AYE,1108142024,MATANG SANTOT,TIDAK,"5.101548482111864, 97.45916276344462"
11,ACEH,11LSM,LHOKSEUMAWE,11224,PANTONLABU,11,ACEH,1108,KAB. ACEH UTARA,110814,T. JAMBO AYE,1108142025,BUKET PADANG,TIDAK,"5.0711187791234416, 97.46201735907097"
11,ACEH,11LSM,LHOKSEUMAWE,11224,PANTONLABU,11,ACEH,1108,KAB. ACEH UTARA,110814,T. JAMBO AYE,1108142026,MATANG SEUKE PULOT,TIDAK,"5.058825000879119, 97.47950729059211"
11,ACEH,11LSM,LHOKSEUMAWE,11224,PANTONLABU,11,ACEH,1108,KAB. ACEH UTARA,110814,T. JAMBO AYE,1108142027,LHOK BEURINGEN,TIDAK,"5.072802595055727, 97.47468374562433"
11,ACEH,11LSM,LHOKSEUMAWE,11224,PANTONLABU,11,ACEH,1108,KAB. ACEH UTARA,110814,T. JAMBO AYE,1108142028,LUENG TUHA,TIDAK,"5.0508844336403245, 97.47314323312968"
11,ACEH,11LSM,LHOKSEUMAWE,11224,PANTONLABU,11,ACEH,1108,KAB. ACEH UTARA,110814,T. JAMBO AYE,1108142029,MATANG RAYA,TIDAK,"5.163276002267099, 97.38049903753931"
11,ACEH,11LSM,LHOKSEUMAWE,11224,PANTONLABU,11,ACEH,1108,KAB. ACEH UTARA,110814,T. JAMBO AYE,1108142030,TANJONG CEUNGAI,TIDAK,"5.129147517908736, 97.46785821200172"
11,ACEH,11LSM,LHOKSEUMAWE,11224,PANTONLABU,11,ACEH,1108,KAB. ACEH UTARA,110814,T. JAMBO AYE,1108142031,TEUPIN BAYU,TIDAK,"5.142258187967228, 97.46460545408083"
11,ACEH,11LSM,LHOKSEUMAWE,11224,PANTONLABU,11,ACEH,1108,KAB. ACEH UTARA,110814,T. JAMBO AYE,1108142032,MEUNASAH PANTON LABU,TIDAK,"5.121028187949593, 97.46202792718266"
11,ACEH,11LSM,LHOKSEUMAWE,11224,PANTONLABU,11,ACEH,1108,KAB. ACEH UTARA,110814,T. JAMBO AYE,1108142033,KOTA PANTON LABU,TIDAK,"5.11556908473921, 97.457509032626"
11,ACEH,11LSM,LHOKSEUMAWE,11224,PANTONLABU,11,ACEH,1108,KAB. ACEH UTARA,110814,T. JAMBO AYE,1108142034,RAWANG ITEK,TIDAK,"5.117413912949253, 97.45234011839257"
11,ACEH,11LSM,LHOKSEUMAWE,11224,PANTONLABU,11,ACEH,1108,KAB. ACEH UTARA,110814,T. JAMBO AYE,1108142035,SAMAKUROK,TIDAK,"5.109822925971318, 97.45730492820651"
11,ACEH,11LSM,LHOKSEUMAWE,11224,PANTONLABU,11,ACEH,1108,KAB. ACEH UTARA,110814,T. JAMBO AYE,1108142036,BIARA BARAT,TIDAK,"5.104779888946387, 97.43938087060923"
11,ACEH,11LSM,LHOKSEUMAWE,11224,PANTONLABU,11,ACEH,1108,KAB. ACEH UTARA,110814,T. JAMBO AYE,1108142037,BIARA TIMUR,TIDAK,"5.10831004984191, 97.44934287610845"
11,ACEH,11LSM,LHOKSEUMAWE,11224,PANTONLABU,11,ACEH,1108,KAB. ACEH UTARA,110814,T. JAMBO AYE,1108142038,MATANG DRIEN,TIDAK,"5.113624287693592, 97.44812697543857"
11,ACEH,11LSM,LHOKSEUMAWE,11224,PANTONLABU,11,ACEH,1108,KAB. ACEH UTARA,110814,T. JAMBO AYE,1108142039,CEUMPEUDAK,TIDAK,"5.101497370696413, 97.09138398216703"
11,ACEH,11LSM,LHOKSEUMAWE,11224,PANTONLABU,11,ACEH,1108,KAB. ACEH UTARA,110814,T. JAMBO AYE,1108142040,ALUE PAPEUN,TIDAK,"5.101484207579757, 97.45045472748892"
11,ACEH,11LSM,LHOKSEUMAWE,11224,PANTONLABU,11,ACEH,1108,KAB. ACEH UTARA,110814,T. JAMBO AYE,1108142041,LHOK BINTANG HU,TIDAK,"5.093897634106071, 97.44978315858476"
11,ACEH,11LSM,LHOKSEUMAWE,11224,PANTONLABU,11,ACEH,1108,KAB. ACEH UTARA,110814,T. JAMBO AYE,1108142042,BIRAM RAYEUK,TIDAK,"5.084085184389258, 97.4456984726006"
11,ACEH,11LSM,LHOKSEUMAWE,11224,PANTONLABU,11,ACEH,1108,KAB. ACEH UTARA,110814,T. JAMBO AYE,1108142043,COT BIEK,TIDAK,"5.085595352285489, 97.43690164858732"
11,ACEH,11LSM,LHOKSEUMAWE,11224,PANTONLABU,11,ACEH,1108,KAB. ACEH UTARA,110814,T. JAMBO AYE,1108142044,MATANG ARONGAN,TIDAK,"5.089953235876685, 97.42809181071841"
11,ACEH,11LSM,LHOKSEUMAWE,11224,PANTONLABU,11,ACEH,1108,KAB. ACEH UTARA,110814,T. JAMBO AYE,1108142045,BIRAM CUT,TIDAK,"5.079155033924287, 97.44485979200253"
11,ACEH,11LSM,LHOKSEUMAWE,11224,PANTONLABU,11,ACEH,1108,KAB. ACEH UTARA,110814,T. JAMBO AYE,1108142046,BUKET BATEE BADAN,TIDAK,"5.067889328992061, 97.45433366389675"
11,ACEH,11LSM,LHOKSEUMAWE,11224,PANTONLABU,11,ACEH,1108,KAB. ACEH UTARA,110814,T. JAMBO AYE,1108142047,ULEE GLEE,TIDAK,"5.071179013244322, 97.44294514024648"
11,ACEH,11LSM,LHOKSEUMAWE,11224,PANTONLABU,11,ACEH,1108,KAB. ACEH UTARA,110818,LANGKAHAN,1108182001,COT BADA,TIDAK,"5.079411547738679, 97.47990133513952"
11,ACEH,11LSM,LHOKSEUMAWE,11224,PANTONLABU,11,ACEH,1108,KAB. ACEH UTARA,110818,LANGKAHAN,1108182002,ALUE DUA,TIDAK,"5.080992043518264, 96.96759647837416"
11,ACEH,11LSM,LHOKSEUMAWE,11224,PANTONLABU,11,ACEH,1108,KAB. ACEH UTARA,110818,LANGKAHAN,1108182003,BANTAYAN,TIDAK,"5.2339941827129906, 97.46318290702835"
11,ACEH,11LSM,LHOKSEUMAWE,11224,PANTONLABU,11,ACEH,1108,KAB. ACEH UTARA,110818,LANGKAHAN,1108182004,KAMPONG BLANG,TIDAK,"5.07518707593539, 97.48825598060972"
11,ACEH,11LSM,LHOKSEUMAWE,11224,PANTONLABU,11,ACEH,1108,KAB. ACEH UTARA,110818,LANGKAHAN,1108182005,PAYA TUKAI,TIDAK,"5.06853363128053, 97.49638291349675"
11,ACEH,11LSM,LHOKSEUMAWE,11224,PANTONLABU,11,ACEH,1108,KAB. ACEH UTARA,110818,LANGKAHAN,1108182006,MATANG KEUTAPANG,TIDAK,"5.060444651815666, 97.49124803662413"
11,ACEH,11LSM,LHOKSEUMAWE,11224,PANTONLABU,11,ACEH,1108,KAB. ACEH UTARA,110818,LANGKAHAN,1108182007,KRUENG LINGKA,TIDAK,"5.068025576522245, 97.5108769734108"
11,ACEH,11LSM,LHOKSEUMAWE,11224,PANTONLABU,11,ACEH,1108,KAB. ACEH UTARA,110818,LANGKAHAN,1108182008,SIMPANG TIGA,TIDAK,"5.048925191258447, 97.49472082478604"
11,ACEH,11LSM,LHOKSEUMAWE,11224,PANTONLABU,11,ACEH,1108,KAB. ACEH UTARA,110818,LANGKAHAN,1108182009,MATANG RUBEK,TIDAK,"5.0384848250896, 97.49715996823977"
11,ACEH,11LSM,LHOKSEUMAWE,11224,PANTONLABU,11,ACEH,1108,KAB. ACEH UTARA,110818,LANGKAHAN,1108182010,LEUBOK MANE,TIDAK,"5.033241918026279, 97.49213493491736"
11,ACEH,11LSM,LHOKSEUMAWE,11224,PANTONLABU,11,ACEH,1108,KAB. ACEH UTARA,110818,LANGKAHAN,1108182011,MATANG TEUNGOH SELATAN,TIDAK,"5.097379749113557, 97.37503478081318"
11,ACEH,11LSM,LHOKSEUMAWE,11224,PANTONLABU,11,ACEH,1108,KAB. ACEH UTARA,110818,LANGKAHAN,1108182012,PADANG MEURIA,TIDAK,"5.0219928702495755, 97.4902204963394"
11,ACEH,11LSM,LHOKSEUMAWE,11224,PANTONLABU,11,ACEH,1108,KAB. ACEH UTARA,110818,LANGKAHAN,1108182013,ALUE KRAK KAYEE,TIDAK,"5.010258514779348, 97.48831587444307"
11,ACEH,11LSM,LHOKSEUMAWE,11224,PANTONLABU,11,ACEH,1108,KAB. ACEH UTARA,110818,LANGKAHAN,1108182014,TANJONG JAWA,TIDAK,"5.00753496024942, 97.49862693429624"
11,ACEH,11LSM,LHOKSEUMAWE,11224,PANTONLABU,11,ACEH,1108,KAB. ACEH UTARA,110818,LANGKAHAN,1108182015,MEUNASAH BLANG,TIDAK,"4.999672674952425, 97.48938995855677"
11,ACEH,11LSM,LHOKSEUMAWE,11224,PANTONLABU,11,ACEH,1108,KAB. ACEH UTARA,110818,LANGKAHAN,1108182016,TANJONG DALAM SELATAN,TIDAK,"4.972710413868303, 97.48157798527498"
11,ACEH,11LSM,LHOKSEUMAWE,11224,PANTONLABU,11,ACEH,1108,KAB. ACEH UTARA,110818,LANGKAHAN,1108182017,GEUDUMBAK,TIDAK,"4.960683170834577, 97.47744352912785"
11,ACEH,11LSM,LHOKSEUMAWE,11224,PANTONLABU,11,ACEH,1108,KAB. ACEH UTARA,110818,LANGKAHAN,1108182018,LANGKAHAN,TIDAK,"4.897021233452461, 97.43486480426941"
11,ACEH,11LSM,LHOKSEUMAWE,11224,PANTONLABU,11,ACEH,1108,KAB. ACEH UTARA,110818,LANGKAHAN,1108182019,RUMOH RAYEUK,TIDAK,"4.929319460238517, 97.46332324027225"
11,ACEH,11LSM,LHOKSEUMAWE,11224,PANTONLABU,11,ACEH,1108,KAB. ACEH UTARA,110818,LANGKAHAN,1108182020,BUKET LINTEUNG,TIDAK,"4.900063052160888, 97.48133776221776"
11,ACEH,11LSM,LHOKSEUMAWE,11224,PANTONLABU,11,ACEH,1108,KAB. ACEH UTARA,110818,LANGKAHAN,1108182021,LUBOK PUSAKA,TIDAK,"4.856705723378794, 97.4738369747501"
11,ACEH,11LSM,LHOKSEUMAWE,11224,PANTONLABU,11,ACEH,1108,KAB. ACEH UTARA,110818,LANGKAHAN,1108182022,SEUREUKE,TIDAK,"4.894289994466221, 97.43346464502169"
11,ACEH,11LSM,LHOKSEUMAWE,11224,PANTONLABU,11,ACEH,1108,KAB. ACEH UTARA,110818,LANGKAHAN,1108182023,PANTE GAKI BALE,TIDAK,"5.0561958167160075, 97.50363878405962"
11,ACEH,11LSM,LHOKSEUMAWE,11224,PANTONLABU,11,ACEH,1108,KAB. ACEH UTARA,110819,BAKTIYA BARAT,1108192001,KEUDE SAMPOINIET,TIDAK,"5.119675574472791, 97.36542062206111"
11,ACEH,11LSM,LHOKSEUMAWE,11224,PANTONLABU,11,ACEH,1108,KAB. ACEH UTARA,110819,BAKTIYA BARAT,1108192002,LHOK IBOH,TIDAK,"5.133711563464387, 97.35837563639306"
11,ACEH,11LSM,LHOKSEUMAWE,11224,PANTONLABU,11,ACEH,1108,KAB. ACEH UTARA,110819,BAKTIYA BARAT,1108192003,MATANG BAYU,TIDAK,"5.124496431127321, 97.37556412747283"
11,ACEH,11LSM,LHOKSEUMAWE,11224,PANTONLABU,11,ACEH,1108,KAB. ACEH UTARA,110819,BAKTIYA BARAT,1108192004,LANG NIBONG,TIDAK,"5.1078970728429125, 97.3747337472488"
11,ACEH,11LSM,LHOKSEUMAWE,11224,PANTONLABU,11,ACEH,1108,KAB. ACEH UTARA,110819,BAKTIYA BARAT,1108192005,BLANG SEUNONG,TIDAK,"5.1346694363756775, 97.36984590803407"
11,ACEH,11LSM,LHOKSEUMAWE,11224,PANTONLABU,11,ACEH,1108,KAB. ACEH UTARA,110819,BAKTIYA BARAT,1108192006,SINGGAH MATA,TIDAK,"5.110937254169425, 97.35800035620998"
11,ACEH,11LSM,LHOKSEUMAWE,11224,PANTONLABU,11,ACEH,1108,KAB. ACEH UTARA,110819,BAKTIYA BARAT,1108192007,MATANG PANYANG,TIDAK,"5.100910555584875, 97.3538916077398"
11,ACEH,11LSM,LHOKSEUMAWE,11224,PANTONLABU,11,ACEH,1108,KAB. ACEH UTARA,110819,BAKTIYA BARAT,1108192008,MATANG CEUBREK,TIDAK,"5.1018878307290585, 97.38137718876432"
11,ACEH,11LSM,LHOKSEUMAWE,11224,PANTONLABU,11,ACEH,1108,KAB. ACEH UTARA,110819,BAKTIYA BARAT,1108192009,MATANG TEUNGOH,TIDAK,"5.097773448851453, 97.37467868462963"
11,ACEH,11LSM,LHOKSEUMAWE,11224,PANTONLABU,11,ACEH,1108,KAB. ACEH UTARA,110819,BAKTIYA BARAT,1108192010,COT PAYA,TIDAK,"5.0980846018157475, 97.36608892405201"
11,ACEH,11LSM,LHOKSEUMAWE,11224,PANTONLABU,11,ACEH,1108,KAB. ACEH UTARA,110819,BAKTIYA BARAT,1108192011,COT KUPOK,TIDAK,"5.081667322512077, 97.37520433899425"
11,ACEH,11LSM,LHOKSEUMAWE,11224,PANTONLABU,11,ACEH,1108,KAB. ACEH UTARA,110819,BAKTIYA BARAT,1108192012,MATANG RAYA BLANG SIALET,TIDAK,"5.089492376574459, 97.38154206817168"
11,ACEH,11LSM,LHOKSEUMAWE,11224,PANTONLABU,11,ACEH,1108,KAB. ACEH UTARA,110819,BAKTIYA BARAT,1108192013,PUCOK ALUE BUKET,TIDAK,"5.0903158105494635, 97.36359361108822"
11,ACEH,11LSM,LHOKSEUMAWE,11224,PANTONLABU,11,ACEH,1108,KAB. ACEH UTARA,110819,BAKTIYA BARAT,1108192014,MATANG SIJUEK TIMU,TIDAK,"5.121010333947796, 97.34802132802027"
11,ACEH,11LSM,LHOKSEUMAWE,11224,PANTONLABU,11,ACEH,1108,KAB. ACEH UTARA,110819,BAKTIYA BARAT,1108192015,MATANG SIJUEK TEUNGOH,TIDAK,"5.108930057271466, 97.33300979047952"
11,ACEH,11LSM,LHOKSEUMAWE,11224,PANTONLABU,11,ACEH,1108,KAB. ACEH UTARA,110819,BAKTIYA BARAT,1108192016,MATANG SIJUEK BARAT,TIDAK,"5.108488639828841, 97.32707251295864"
11,ACEH,11LSM,LHOKSEUMAWE,11224,PANTONLABU,11,ACEH,1108,KAB. ACEH UTARA,110819,BAKTIYA BARAT,1108192017,COT LABA,TIDAK,"5.148557876478154, 97.33581392011524"
11,ACEH,11LSM,LHOKSEUMAWE,11224,PANTONLABU,11,ACEH,1108,KAB. ACEH UTARA,110819,BAKTIYA BARAT,1108192018,MEUNASAH PANTE,TIDAK,"5.166403077034177, 97.3461694144108"
11,ACEH,11LSM,LHOKSEUMAWE,11224,PANTONLABU,11,ACEH,1108,KAB. ACEH UTARA,110819,BAKTIYA BARAT,1108192019,MEURANDEH PAYA,TIDAK,"5.159812201640924, 97.32435324113831"
11,ACEH,11LSM,LHOKSEUMAWE,11224,PANTONLABU,11,ACEH,1108,KAB. ACEH UTARA,110819,BAKTIYA BARAT,1108192020,COT MURONG,TIDAK,"5.165243513581941, 97.33407481270908"
11,ACEH,11LSM,LHOKSEUMAWE,11224,PANTONLABU,11,ACEH,1108,KAB. ACEH UTARA,110819,BAKTIYA BARAT,1108192021,MATANG PAYA,TIDAK,"5.163288917152288, 97.35459229977651"
11,ACEH,11LSM,LHOKSEUMAWE,11224,PANTONLABU,11,ACEH,1108,KAB. ACEH UTARA,110819,BAKTIYA BARAT,1108192022,LHOK EUNCIEN,TIDAK,"5.168412119430035, 97.31302891206755"
11,ACEH,11LSM,LHOKSEUMAWE,11224,PANTONLABU,11,ACEH,1108,KAB. ACEH UTARA,110819,BAKTIYA BARAT,1108192023,COT USEN,TIDAK,"5.095277121915027, 97.32292275825878"
11,ACEH,11LSM,LHOKSEUMAWE,11224,PANTONLABU,11,ACEH,1108,KAB. ACEH UTARA,110819,BAKTIYA BARAT,1108192024,MEUNASAH HAGU,TIDAK,"5.173333942283147, 97.32902335909908"
11,ACEH,11LSM,LHOKSEUMAWE,11224,PANTONLABU,11,ACEH,1108,KAB. ACEH UTARA,110819,BAKTIYA BARAT,1108192025,BLANG RHEUE,TIDAK,"5.154715846754827, 97.30879766631466"
11,ACEH,11LSM,LHOKSEUMAWE,11224,PANTONLABU,11,ACEH,1108,KAB. ACEH UTARA,110819,BAKTIYA BARAT,1108192026,PAYA BATEUNG,TIDAK,"5.180269114694253, 97.31692767999523"
11,ACEH,11LSM,LHOKSEUMAWE,11225,BIREUEN,11,ACEH,1111,KAB. BIREUEN,111103,PEUDADA,1111032001,LAWANG,TIDAK,"5.030906384467676, 97.27867337680959"
11,ACEH,11LSM,LHOKSEUMAWE,11225,BIREUEN,11,ACEH,1111,KAB. BIREUEN,111103,PEUDADA,1111032002,MATANG REULEUT,TIDAK,"5.203363578258934, 96.60314421301062"
11,ACEH,11LSM,LHOKSEUMAWE,11225,BIREUEN,11,ACEH,1111,KAB. BIREUEN,111103,PEUDADA,1111032003,MEUNASAH KRUENG,TIDAK,"5.181529846402238, 96.58813910620455"
11,ACEH,11LSM,LHOKSEUMAWE,11225,BIREUEN,11,ACEH,1111,KAB. BIREUEN,111103,PEUDADA,1111032004,COT KEUTAPANG,TIDAK,"5.180922905813452, 96.5965141339167"
11,ACEH,11LSM,LHOKSEUMAWE,11225,BIREUEN,11,ACEH,1111,KAB. BIREUEN,111103,PEUDADA,1111032005,MEUNASAH RABO,TIDAK,"5.187351775673782, 96.58872685559352"
11,ACEH,11LSM,LHOKSEUMAWE,11225,BIREUEN,11,ACEH,1111,KAB. BIREUEN,111103,PEUDADA,1111032006,MEUNASAH TAMBO,TIDAK,"5.191080719034552, 96.59177133794427"
11,ACEH,11LSM,LHOKSEUMAWE,11225,BIREUEN,11,ACEH,1111,KAB. BIREUEN,111103,PEUDADA,1111032007,MEUNASAH BAROH,TIDAK,"5.085349344018802, 97.13596262450287"
11,ACEH,11LSM,LHOKSEUMAWE,11225,BIREUEN,11,ACEH,1111,KAB. BIREUEN,111103,PEUDADA,1111032008,MEUNASAH PULO,TIDAK,"5.1962333756789105, 96.92999648410348"
11,ACEH,11LSM,LHOKSEUMAWE,11225,BIREUEN,11,ACEH,1111,KAB. BIREUEN,111103,PEUDADA,1111032009,MATANG PASI,TIDAK,"5.208303375853578, 96.60016044776094"
11,ACEH,11LSM,LHOKSEUMAWE,11225,BIREUEN,11,ACEH,1111,KAB. BIREUEN,111103,PEUDADA,1111032010,BLANG KUBU,TIDAK,"5.200986006493739, 96.57876178040813"
11,ACEH,11LSM,LHOKSEUMAWE,11225,BIREUEN,11,ACEH,1111,KAB. BIREUEN,111103,PEUDADA,1111032011,GAROT,TIDAK,"5.196635562453485, 96.57786934507523"
11,ACEH,11LSM,LHOKSEUMAWE,11225,BIREUEN,11,ACEH,1111,KAB. BIREUEN,111103,PEUDADA,1111032012,ARA BUNGONG,TIDAK,"5.180524959187985, 96.57503965067806"
11,ACEH,11LSM,LHOKSEUMAWE,11225,BIREUEN,11,ACEH,1111,KAB. BIREUEN,111103,PEUDADA,1111032013,JABET,TIDAK,"5.1948800360595815, 96.5655633406128"
11,ACEH,11LSM,LHOKSEUMAWE,11225,BIREUEN,11,ACEH,1111,KAB. BIREUEN,111103,PEUDADA,1111032016,HAGU,TIDAK,"5.172626879379629, 96.59171023040597"
11,ACEH,11LSM,LHOKSEUMAWE,11225,BIREUEN,11,ACEH,1111,KAB. BIREUEN,111103,PEUDADA,1111032017,BLANG RANGKULUH,TIDAK,"5.170294189273588, 96.60603345113506"
11,ACEH,11LSM,LHOKSEUMAWE,11225,BIREUEN,11,ACEH,1111,KAB. BIREUEN,111103,PEUDADA,1111032018,MEUNASAH BUNGO,TIDAK,"5.1865292227388355, 96.61487906176406"
11,ACEH,11LSM,LHOKSEUMAWE,11225,BIREUEN,11,ACEH,1111,KAB. BIREUEN,111103,PEUDADA,1111032019,PAYA BEUNOT,TIDAK,"5.1871142946851805, 96.60994012919028"
11,ACEH,11LSM,LHOKSEUMAWE,11225,BIREUEN,11,ACEH,1111,KAB. BIREUEN,111103,PEUDADA,1111032020,MEUNASAH TUNONG,TIDAK,"5.191490658283776, 96.60834707340238"
11,ACEH,11LSM,LHOKSEUMAWE,11225,BIREUEN,11,ACEH,1111,KAB. BIREUEN,111103,PEUDADA,1111032021,MEUNASAH ALUE,TIDAK,"5.192003535057974, 96.61992222856156"
11,ACEH,11LSM,LHOKSEUMAWE,11225,BIREUEN,11,ACEH,1111,KAB. BIREUEN,111103,PEUDADA,1111032022,MEUNASAH CUT,TIDAK,"5.197106037138041, 96.60685426794956"
11,ACEH,11LSM,LHOKSEUMAWE,11225,BIREUEN,11,ACEH,1111,KAB. BIREUEN,111103,PEUDADA,1111032023,GAMPONG MESJID,TIDAK,"5.09965057234863, 97.23313920802586"
11,ACEH,11LSM,LHOKSEUMAWE,11225,BIREUEN,11,ACEH,1111,KAB. BIREUEN,111103,PEUDADA,1111032024,MEUNASAH TEUNGOH,TIDAK,"5.195871179057777, 96.61174815877271"
11,ACEH,11LSM,LHOKSEUMAWE,11225,BIREUEN,11,ACEH,1111,KAB. BIREUEN,111103,PEUDADA,1111032025,MEUNASAH BLANG,TIDAK,"5.203091640533004, 96.612016985957"
11,ACEH,11LSM,LHOKSEUMAWE,11225,BIREUEN,11,ACEH,1111,KAB. BIREUEN,111103,PEUDADA,1111032026,KUKUE,TIDAK,"5.204227706229435, 96.60514743559888"
11,ACEH,11LSM,LHOKSEUMAWE,11225,BIREUEN,11,ACEH,1111,KAB. BIREUEN,111103,PEUDADA,1111032027,BLANG MATANG,TIDAK,"5.1931204987124024, 96.60564007258726"
11,ACEH,11LSM,LHOKSEUMAWE,11225,BIREUEN,11,ACEH,1111,KAB. BIREUEN,111103,PEUDADA,1111032028,BLANG GLUMPANG,TIDAK,"5.198435663130972, 96.62188346216223"
11,ACEH,11LSM,LHOKSEUMAWE,11225,BIREUEN,11,ACEH,1111,KAB. BIREUEN,111103,PEUDADA,1111032029,GAMPONG BARO,TIDAK,"5.207459560105561, 96.70035663416053"
11,ACEH,11LSM,LHOKSEUMAWE,11225,BIREUEN,11,ACEH,1111,KAB. BIREUEN,111103,PEUDADA,1111032030,GAMPONG PAYA,TIDAK,"5.206500102645314, 96.62747648076211"
11,ACEH,11LSM,LHOKSEUMAWE,11225,BIREUEN,11,ACEH,1111,KAB. BIREUEN,111103,PEUDADA,1111032031,SEUNEUBOK PAYA,TIDAK,"5.2069705908817925, 96.63492731678669"
11,ACEH,11LSM,LHOKSEUMAWE,11225,BIREUEN,11,ACEH,1111,KAB. BIREUEN,111103,PEUDADA,1111032032,PULO LAWANG,TIDAK,
11,ACEH,11LSM,LHOKSEUMAWE,11225,BIREUEN,11,ACEH,1111,KAB. BIREUEN,111103,PEUDADA,1111032033,KEUDE ALUE RHENG,TIDAK,"5.190728521169098, 96.63635849863012"
11,ACEH,11LSM,LHOKSEUMAWE,11225,BIREUEN,11,ACEH,1111,KAB. BIREUEN,111103,PEUDADA,1111032034,KARIENG,TIDAK,"5.195675632992548, 96.6358143459671"
11,ACEH,11LSM,LHOKSEUMAWE,11225,BIREUEN,11,ACEH,1111,KAB. BIREUEN,111103,PEUDADA,1111032035,PULO ARA,TIDAK,"5.188617484045626, 96.62594195990634"
11,ACEH,11LSM,LHOKSEUMAWE,11225,BIREUEN,11,ACEH,1111,KAB. BIREUEN,111103,PEUDADA,1111032036,COT LAOT,TIDAK,"5.179786326918417, 96.61791242002889"
11,ACEH,11LSM,LHOKSEUMAWE,11225,BIREUEN,11,ACEH,1111,KAB. BIREUEN,111103,PEUDADA,1111032037,ALEU SIJUK,TIDAK,"5.17139409860633, 96.61532083418635"
11,ACEH,11LSM,LHOKSEUMAWE,11225,BIREUEN,11,ACEH,1111,KAB. BIREUEN,111103,PEUDADA,1111032038,BLANG BATI,TIDAK,"5.183195967263289, 96.63359081705036"
11,ACEH,11LSM,LHOKSEUMAWE,11225,BIREUEN,11,ACEH,1111,KAB. BIREUEN,111103,PEUDADA,1111032039,BUKET PAYA,TIDAK,"5.173432901271851, 96.63446014041644"
11,ACEH,11LSM,LHOKSEUMAWE,11225,BIREUEN,11,ACEH,1111,KAB. BIREUEN,111103,PEUDADA,1111032040,DAYAH MON ARA,TIDAK,"5.1759270971543785, 96.62615250183622"
11,ACEH,11LSM,LHOKSEUMAWE,11225,BIREUEN,11,ACEH,1111,KAB. BIREUEN,111103,PEUDADA,1111032041,CALOK,TIDAK,"5.203534477670867, 96.59586595157452"
11,ACEH,11LSM,LHOKSEUMAWE,11225,BIREUEN,11,ACEH,1111,KAB. BIREUEN,111103,PEUDADA,1111032042,COT KRUET,TIDAK,"5.154625322467296, 96.631109637161"
11,ACEH,11LSM,LHOKSEUMAWE,11225,BIREUEN,11,ACEH,1111,KAB. BIREUEN,111103,PEUDADA,1111032043,TANJONG SELAMAT,TIDAK,"5.162427475984601, 96.60828584980679"
11,ACEH,11LSM,LHOKSEUMAWE,11225,BIREUEN,11,ACEH,1111,KAB. BIREUEN,111103,PEUDADA,1111032044,JABA,TIDAK,"5.151004421137027, 96.61295821566766"
11,ACEH,11LSM,LHOKSEUMAWE,11225,BIREUEN,11,ACEH,1111,KAB. BIREUEN,111103,PEUDADA,1111032045,ALUE GANDAI,TIDAK,"5.162262940312096, 96.61909135958982"
11,ACEH,11LSM,LHOKSEUMAWE,11225,BIREUEN,11,ACEH,1111,KAB. BIREUEN,111103,PEUDADA,1111032046,NEUBOK NALEUNG,TIDAK,"5.204436673678736, 96.58074745179647"
11,ACEH,11LSM,LHOKSEUMAWE,11225,BIREUEN,11,ACEH,1111,KAB. BIREUEN,111103,PEUDADA,1111032047,PAYA TIMU,TIDAK,"5.204180089232035, 96.63180392720011"
11,ACEH,11LSM,LHOKSEUMAWE,11225,BIREUEN,11,ACEH,1111,KAB. BIREUEN,111103,PEUDADA,1111032048,GAMPONG MULIA,TIDAK,"5.195886336446949, 96.5611197137969"
11,ACEH,11LSM,LHOKSEUMAWE,11225,BIREUEN,11,ACEH,1111,KAB. BIREUEN,111103,PEUDADA,1111032049,PINTO RIMBA,TIDAK,"5.146400429144062, 96.60409904280013"
11,ACEH,11LSM,LHOKSEUMAWE,11225,BIREUEN,11,ACEH,1111,KAB. BIREUEN,111103,PEUDADA,1111032050,ALUE KEUTAPANG,TIDAK,"5.155616500600964, 96.60378280645621"
11,ACEH,11LSM,LHOKSEUMAWE,11225,BIREUEN,11,ACEH,1111,KAB. BIREUEN,111103,PEUDADA,1111032051,TGK. DIBATHON,TIDAK,"5.1766809092099875, 96.62412769517888"
11,ACEH,11LSM,LHOKSEUMAWE,11225,BIREUEN,11,ACEH,1111,KAB. BIREUEN,111103,PEUDADA,1111032052,PAYA BARAT,TIDAK,"5.2034732090626425, 96.62073845062959"
11,ACEH,11LSM,LHOKSEUMAWE,11225,BIREUEN,11,ACEH,1111,KAB. BIREUEN,111104,JEUMPA,1111042032,GLEUMPANG PAYONG,TIDAK,"5.210397486635501, 96.67046042499406"
11,ACEH,11LSM,LHOKSEUMAWE,11225,BIREUEN,11,ACEH,1111,KAB. BIREUEN,111104,JEUMPA,1111042033,BLANG SEUNONG,TIDAK,"5.189063211089399, 96.67506361573032"
11,ACEH,11LSM,LHOKSEUMAWE,11225,BIREUEN,11,ACEH,1111,KAB. BIREUEN,111104,JEUMPA,1111042034,COT LEUSONG,TIDAK,"5.197070664029259, 96.66876123542497"
11,ACEH,11LSM,LHOKSEUMAWE,11225,BIREUEN,11,ACEH,1111,KAB. BIREUEN,111104,JEUMPA,1111042035,BATEE TIMOH,TIDAK,"5.218089510940646, 96.67026288401652"
11,ACEH,11LSM,LHOKSEUMAWE,11225,BIREUEN,11,ACEH,1111,KAB. BIREUEN,111104,JEUMPA,1111042036,LIPAH RAYEUK,TIDAK,"5.217048573852304, 96.6788802680921"
11,ACEH,11LSM,LHOKSEUMAWE,11225,BIREUEN,11,ACEH,1111,KAB. BIREUEN,111104,JEUMPA,1111042037,COT GEUREUNDONG,TIDAK,"5.223128643860187, 96.67796694758674"
11,ACEH,11LSM,LHOKSEUMAWE,11225,BIREUEN,11,ACEH,1111,KAB. BIREUEN,111104,JEUMPA,1111042038,LIPAH CUT,TIDAK,"5.220283703038183, 96.68523821486666"
11,ACEH,11LSM,LHOKSEUMAWE,11225,BIREUEN,11,ACEH,1111,KAB. BIREUEN,111104,JEUMPA,1111042039,BEURAWANG,TIDAK,"5.228123428304232, 96.6882232896982"
11,ACEH,11LSM,LHOKSEUMAWE,11225,BIREUEN,11,ACEH,1111,KAB. BIREUEN,111104,JEUMPA,1111042042,GEUDONG TAMPU,TIDAK,"5.2130779360772905, 96.68929082842436"
11,ACEH,11LSM,LHOKSEUMAWE,11225,BIREUEN,11,ACEH,1111,KAB. BIREUEN,111104,JEUMPA,1111042043,COT TAROM BAROH,TIDAK,"5.21379791544302, 96.68415385186893"
11,ACEH,11LSM,LHOKSEUMAWE,11225,BIREUEN,11,ACEH,1111,KAB. BIREUEN,111104,JEUMPA,1111042044,BLANG COT BAROH,TIDAK,"5.2096396677999905, 96.67589660899961"
11,ACEH,11LSM,LHOKSEUMAWE,11225,BIREUEN,11,ACEH,1111,KAB. BIREUEN,111104,JEUMPA,1111042045,BLANG COT TUNONG,TIDAK,"5.204885412213866, 96.6790186561236"
11,ACEH,11LSM,LHOKSEUMAWE,11225,BIREUEN,11,ACEH,1111,KAB. BIREUEN,111104,JEUMPA,1111042046,SEULEUMBAH,TIDAK,"5.200258010472762, 96.67559860734403"
11,ACEH,11LSM,LHOKSEUMAWE,11225,BIREUEN,11,ACEH,1111,KAB. BIREUEN,111104,JEUMPA,1111042047,COT KEUTAPANG,TIDAK,"5.203795487137763, 96.6841239368624"
11,ACEH,11LSM,LHOKSEUMAWE,11225,BIREUEN,11,ACEH,1111,KAB. BIREUEN,111104,JEUMPA,1111042048,COT TAROM TUNONG,TIDAK,"5.204627155125354, 96.68326301401044"
11,ACEH,11LSM,LHOKSEUMAWE,11225,BIREUEN,11,ACEH,1111,KAB. BIREUEN,111104,JEUMPA,1111042049,BLANG BLADEH,TIDAK,"5.2093090100662245, 96.6627268686636"
11,ACEH,11LSM,LHOKSEUMAWE,11225,BIREUEN,11,ACEH,1111,KAB. BIREUEN,111104,JEUMPA,1111042050,MON JAMBEE,TIDAK,"5.217420798030324, 96.6604022583228"
11,ACEH,11LSM,LHOKSEUMAWE,11225,BIREUEN,11,ACEH,1111,KAB. BIREUEN,111104,JEUMPA,1111042051,BLANG DALAM,TIDAK,"5.212131287286983, 96.65764133551885"
11,ACEH,11LSM,LHOKSEUMAWE,11225,BIREUEN,11,ACEH,1111,KAB. BIREUEN,111104,JEUMPA,1111042052,KUALA JEUMPA,TIDAK,"5.208952553028167, 96.6536936818668"
11,ACEH,11LSM,LHOKSEUMAWE,11225,BIREUEN,11,ACEH,1111,KAB. BIREUEN,111104,JEUMPA,1111042053,COT GADONG,TIDAK,"5.206772445128961, 96.65528111439603"
11,ACEH,11LSM,LHOKSEUMAWE,11225,BIREUEN,11,ACEH,1111,KAB. BIREUEN,111104,JEUMPA,1111042054,COT BADA,TIDAK,"5.20992709793411, 96.64816497524838"
11,ACEH,11LSM,LHOKSEUMAWE,11225,BIREUEN,11,ACEH,1111,KAB. BIREUEN,111104,JEUMPA,1111042055,TEUPOK BAROH,TIDAK,"5.208142351903504, 96.64204785152984"
11,ACEH,11LSM,LHOKSEUMAWE,11225,BIREUEN,11,ACEH,1111,KAB. BIREUEN,111104,JEUMPA,1111042056,TEUPOK TUNONG,TIDAK,"5.201944575492729, 96.64265799552916"
11,ACEH,11LSM,LHOKSEUMAWE,11225,BIREUEN,11,ACEH,1111,KAB. BIREUEN,111104,JEUMPA,1111042057,PULO LAWANG,TIDAK,"5.197271024895365, 96.64075457595375"
11,ACEH,11LSM,LHOKSEUMAWE,11225,BIREUEN,11,ACEH,1111,KAB. BIREUEN,111104,JEUMPA,1111042058,ABEUK USONG,TIDAK,"5.188731202035414, 96.64635593081019"
11,ACEH,11LSM,LHOKSEUMAWE,11225,BIREUEN,11,ACEH,1111,KAB. BIREUEN,111104,JEUMPA,1111042059,PALOH SEULIMENG,TIDAK,"5.182558865519608, 96.63921889350627"
11,ACEH,11LSM,LHOKSEUMAWE,11225,BIREUEN,11,ACEH,1111,KAB. BIREUEN,111104,JEUMPA,1111042060,ABEUK TINGKEUM,TIDAK,"5.200787282020104, 96.65824945240882"
11,ACEH,11LSM,LHOKSEUMAWE,11225,BIREUEN,11,ACEH,1111,KAB. BIREUEN,111104,JEUMPA,1111042061,BLANG MEE,TIDAK,"5.19808407802645, 96.65786494892077"
11,ACEH,11LSM,LHOKSEUMAWE,11225,BIREUEN,11,ACEH,1111,KAB. BIREUEN,111104,JEUMPA,1111042062,BLANG SEUPEUNG,TIDAK,"5.186119388595915, 96.65528752776332"
11,ACEH,11LSM,LHOKSEUMAWE,11225,BIREUEN,11,ACEH,1111,KAB. BIREUEN,111104,JEUMPA,1111042063,BLANG GANDAI,TIDAK,"5.18274519958661, 96.65974554618471"
11,ACEH,11LSM,LHOKSEUMAWE,11225,BIREUEN,11,ACEH,1111,KAB. BIREUEN,111104,JEUMPA,1111042064,COT ULIM,TIDAK,"5.19594719377729, 96.66598704153967"
11,ACEH,11LSM,LHOKSEUMAWE,11225,BIREUEN,11,ACEH,1111,KAB. BIREUEN,111104,JEUMPA,1111042065,COT IBOIH,TIDAK,"5.183766940091077, 96.66371242410746"
11,ACEH,11LSM,LHOKSEUMAWE,11225,BIREUEN,11,ACEH,1111,KAB. BIREUEN,111104,JEUMPA,1111042071,BLANG RHEUM,TIDAK,"5.189048554543205, 96.68449740802744"
11,ACEH,11LSM,LHOKSEUMAWE,11225,BIREUEN,11,ACEH,1111,KAB. BIREUEN,111104,JEUMPA,1111042072,PALOH PANYANG,TIDAK,"5.177639818683959, 96.68421593724631"
11,ACEH,11LSM,LHOKSEUMAWE,11225,BIREUEN,11,ACEH,1111,KAB. BIREUEN,111104,JEUMPA,1111042073,SEUNEUBOK LHONG,TIDAK,"5.174461145691047, 96.67519686138478"
11,ACEH,11LSM,LHOKSEUMAWE,11225,BIREUEN,11,ACEH,1111,KAB. BIREUEN,111104,JEUMPA,1111042075,SALAH SIRONG JAYA,TIDAK,"5.088089804639359, 96.66252949731701"
11,ACEH,11LSM,LHOKSEUMAWE,11225,BIREUEN,11,ACEH,1111,KAB. BIREUEN,111104,JEUMPA,1111042076,MON MANE,TIDAK,"5.164951759992352, 96.6539742379915"
11,ACEH,11LSM,LHOKSEUMAWE,11225,BIREUEN,11,ACEH,1111,KAB. BIREUEN,111104,JEUMPA,1111042077,ALUE LIMENG,TIDAK,"5.113994393635947, 96.63977770882654"
11,ACEH,11LSM,LHOKSEUMAWE,11225,BIREUEN,11,ACEH,1111,KAB. BIREUEN,111104,JEUMPA,1111042078,COT MEUGOE,TIDAK,"5.156040432854702, 96.66943014227867"
11,ACEH,11LSM,LHOKSEUMAWE,11225,BIREUEN,11,ACEH,1111,KAB. BIREUEN,111104,JEUMPA,1111042079,COT IBOEH TIMU,TIDAK,"5.182454128033399, 96.66878734957224"
11,ACEH,11LSM,LHOKSEUMAWE,11225,BIREUEN,11,ACEH,1111,KAB. BIREUEN,111104,JEUMPA,1111042080,KUTA MEULIGOE,TIDAK,"5.175713319262938, 96.67361458804365"
11,ACEH,11LSM,LHOKSEUMAWE,11225,BIREUEN,11,ACEH,1111,KAB. BIREUEN,111104,JEUMPA,1111042081,LAKSAMANA,TIDAK,"5.220372145874233, 96.66863646284372"
11,ACEH,11LSM,LHOKSEUMAWE,11225,BIREUEN,11,ACEH,1111,KAB. BIREUEN,111105,PEUSANGAN,1111052049,COT BUKET,TIDAK,"5.204111746256448, 96.74820915433648"
11,ACEH,11LSM,LHOKSEUMAWE,11225,BIREUEN,11,ACEH,1111,KAB. BIREUEN,111105,PEUSANGAN,1111052054,COT BADA TUNONG,TIDAK,"5.213258136900782, 96.74286948696661"
11,ACEH,11LSM,LHOKSEUMAWE,11225,BIREUEN,11,ACEH,1111,KAB. BIREUEN,111105,PEUSANGAN,1111052055,COT BADA BAROH,TIDAK,"5.219405723369907, 96.74571022737345"
11,ACEH,11LSM,LHOKSEUMAWE,11225,BIREUEN,11,ACEH,1111,KAB. BIREUEN,111105,PEUSANGAN,1111052056,COT GIREK,TIDAK,"5.207064510697315, 96.73936098042236"
11,ACEH,11LSM,LHOKSEUMAWE,11225,BIREUEN,11,ACEH,1111,KAB. BIREUEN,111105,PEUSANGAN,1111052057,COT KEUMUDE,TIDAK,"5.22037799350677, 96.73808919629782"
11,ACEH,11LSM,LHOKSEUMAWE,11225,BIREUEN,11,ACEH,1111,KAB. BIREUEN,111105,PEUSANGAN,1111052060,COT BADA BARAT,TIDAK,"5.211654019445676, 96.7382435648669"
11,ACEH,11LSM,LHOKSEUMAWE,11225,BIREUEN,11,ACEH,1111,KAB. BIREUEN,111109,JULI,1111092001,JULI COT MESJID,TIDAK,"5.188714621074278, 96.70583983148798"
11,ACEH,11LSM,LHOKSEUMAWE,11225,BIREUEN,11,ACEH,1111,KAB. BIREUEN,111109,JULI,1111092002,JULI SEUTUY,TIDAK,"5.1846838776918265, 96.70359219062308"
11,ACEH,11LSM,LHOKSEUMAWE,11225,BIREUEN,11,ACEH,1111,KAB. BIREUEN,111109,JULI,1111092003,JULI TAMBO TANJONG,TIDAK,"5.177143766324597, 96.70015219957978"
11,ACEH,11LSM,LHOKSEUMAWE,11225,BIREUEN,11,ACEH,1111,KAB. BIREUEN,111109,JULI,1111092004,JULI KEUDE DUA,TIDAK,"5.170440460026135, 96.70484796757776"
11,ACEH,11LSM,LHOKSEUMAWE,11225,BIREUEN,11,ACEH,1111,KAB. BIREUEN,111109,JULI,1111092005,JULI TGK DILAMPOH,TIDAK,"5.159677066366858, 96.70221287808835"
11,ACEH,11LSM,LHOKSEUMAWE,11225,BIREUEN,11,ACEH,1111,KAB. BIREUEN,111109,JULI,1111092006,GLUMPANG MEU JIM JIM,TIDAK,"5.166309526747546, 96.71100916117146"
11,ACEH,11LSM,LHOKSEUMAWE,11225,BIREUEN,11,ACEH,1111,KAB. BIREUEN,111109,JULI,1111092007,ALUE UNOE,TIDAK,"5.160901788771579, 96.69311620356778"
11,ACEH,11LSM,LHOKSEUMAWE,11225,BIREUEN,11,ACEH,1111,KAB. BIREUEN,111109,JULI,1111092008,BATEE RAYA,TIDAK,"5.150909030156039, 96.69781595778889"
11,ACEH,11LSM,LHOKSEUMAWE,11225,BIREUEN,11,ACEH,1111,KAB. BIREUEN,111109,JULI,1111092009,SEUNEUBOK PEURERADEN,TIDAK,"5.144967079854156, 96.70327680933474"
11,ACEH,11LSM,LHOKSEUMAWE,11225,BIREUEN,11,ACEH,1111,KAB. BIREUEN,111109,JULI,1111092010,JULI MEE TEUNGOH,TIDAK,"5.154993453843902, 96.70736448407483"
11,ACEH,11LSM,LHOKSEUMAWE,11225,BIREUEN,11,ACEH,1111,KAB. BIREUEN,111109,JULI,1111092011,SEUNEUBOK GUNCI,TIDAK,"5.155324299363329, 96.7196759740694"
11,ACEH,11LSM,LHOKSEUMAWE,11225,BIREUEN,11,ACEH,1111,KAB. BIREUEN,111109,JULI,1111092012,MANE MEUJINGKI,TIDAK,"5.146767339881071, 96.7355974546082"
11,ACEH,11LSM,LHOKSEUMAWE,11225,BIREUEN,11,ACEH,1111,KAB. BIREUEN,111109,JULI,1111092013,ABEUK BUDI,TIDAK,"5.14750527099063, 96.72594119218836"
11,ACEH,11LSM,LHOKSEUMAWE,11225,BIREUEN,11,ACEH,1111,KAB. BIREUEN,111109,JULI,1111092014,BLANG KETUMBA,TIDAK,"5.147091556088189, 96.71482865541114"
11,ACEH,11LSM,LHOKSEUMAWE,11225,BIREUEN,11,ACEH,1111,KAB. BIREUEN,111109,JULI,1111092015,PANTE BARO,TIDAK,"5.132958539587262, 96.72521780766373"
11,ACEH,11LSM,LHOKSEUMAWE,11225,BIREUEN,11,ACEH,1111,KAB. BIREUEN,111109,JULI,1111092016,BEUNYOT,TIDAK,"5.122279393945223, 96.70907095095099"
11,ACEH,11LSM,LHOKSEUMAWE,11225,BIREUEN,11,ACEH,1111,KAB. BIREUEN,111109,JULI,1111092017,PAYA CUT,TIDAK,"5.186291253186439, 96.7885342062079"
11,ACEH,11LSM,LHOKSEUMAWE,11225,BIREUEN,11,ACEH,1111,KAB. BIREUEN,111109,JULI,1111092018,TEUPIN MANE,TIDAK,"5.111362731412521, 96.69307621558218"
11,ACEH,11LSM,LHOKSEUMAWE,11225,BIREUEN,11,ACEH,1111,KAB. BIREUEN,111109,JULI,1111092019,SIMPANG JAYA,TIDAK,"5.121122744293951, 96.66269295477528"
11,ACEH,11LSM,LHOKSEUMAWE,11225,BIREUEN,11,ACEH,1111,KAB. BIREUEN,111109,JULI,1111092020,KRUENG SIMPO,TIDAK,"5.065054288161053, 96.70302760557412"
11,ACEH,11LSM,LHOKSEUMAWE,11225,BIREUEN,11,ACEH,1111,KAB. BIREUEN,111109,JULI,1111092021,SUKA TANI,TIDAK,"5.029338047012169, 96.6947135108277"
11,ACEH,11LSM,LHOKSEUMAWE,11225,BIREUEN,11,ACEH,1111,KAB. BIREUEN,111109,JULI,1111092022,JULI SEUPENG,TIDAK,"5.163815519650429, 96.7024423101027"
11,ACEH,11LSM,LHOKSEUMAWE,11225,BIREUEN,11,ACEH,1111,KAB. BIREUEN,111109,JULI,1111092023,BUKIT MULIA,TIDAK,"5.098344144991353, 96.70513505935689"
11,ACEH,11LSM,LHOKSEUMAWE,11225,BIREUEN,11,ACEH,1111,KAB. BIREUEN,111109,JULI,1111092024,JULI MEUNASAH TAMBO,TIDAK,"5.181188552302429, 96.70156792041371"
11,ACEH,11LSM,LHOKSEUMAWE,11225,BIREUEN,11,ACEH,1111,KAB. BIREUEN,111109,JULI,1111092025,ALUE RAMBONG,TIDAK,"5.081717630037181, 96.70083476516008"
11,ACEH,11LSM,LHOKSEUMAWE,11225,BIREUEN,11,ACEH,1111,KAB. BIREUEN,111109,JULI,1111092026,JULI MEUNASAH TEUNGOH,TIDAK,"5.1603251031241655, 96.71051821793941"
11,ACEH,11LSM,LHOKSEUMAWE,11225,BIREUEN,11,ACEH,1111,KAB. BIREUEN,111109,JULI,1111092027,JULI PAYARU,TIDAK,"5.182667987804492, 96.71680318280058"
11,ACEH,11LSM,LHOKSEUMAWE,11225,BIREUEN,11,ACEH,1111,KAB. BIREUEN,111109,JULI,1111092028,PASEH,TIDAK,"5.176081694166309, 96.70768358109002"
11,ACEH,11LSM,LHOKSEUMAWE,11225,BIREUEN,11,ACEH,1111,KAB. BIREUEN,111109,JULI,1111092029,JULI COT MEURAK,TIDAK,"5.192504998153067, 96.70392627036772"
11,ACEH,11LSM,LHOKSEUMAWE,11225,BIREUEN,11,ACEH,1111,KAB. BIREUEN,111109,JULI,1111092030,PANTE PEUSANGAN,TIDAK,"5.007538885619667, 96.62882379758666"
11,ACEH,11LSM,LHOKSEUMAWE,11225,BIREUEN,11,ACEH,1111,KAB. BIREUEN,111109,JULI,1111092031,BALE PANAH,TIDAK,"5.120763334942815, 96.72116461439877"
11,ACEH,11LSM,LHOKSEUMAWE,11225,BIREUEN,11,ACEH,1111,KAB. BIREUEN,111109,JULI,1111092032,RANTO PANYANG,TIDAK,"5.055665631216558, 96.72471662481016"
11,ACEH,11LSM,LHOKSEUMAWE,11225,BIREUEN,11,ACEH,1111,KAB. BIREUEN,111109,JULI,1111092033,SIMPANG MULIA,TIDAK,"5.130846911140012, 96.66543969523394"
11,ACEH,11LSM,LHOKSEUMAWE,11225,BIREUEN,11,ACEH,1111,KAB. BIREUEN,111109,JULI,1111092034,SEUNEUBOK DALAM,TIDAK,"5.108486649700397, 96.71307081519126"
11,ACEH,11LSM,LHOKSEUMAWE,11225,BIREUEN,11,ACEH,1111,KAB. BIREUEN,111109,JULI,1111092035,JULI MEUNASAH JOK,TIDAK,"5.181243886363302, 96.70513312800675"
11,ACEH,11LSM,LHOKSEUMAWE,11225,BIREUEN,11,ACEH,1111,KAB. BIREUEN,111109,JULI,1111092036,JULI URUEK ANOE,TIDAK,"5.191194172359216, 96.70951489698585"
11,ACEH,11LSM,LHOKSEUMAWE,11225,BIREUEN,11,ACEH,1111,KAB. BIREUEN,111113,KOTA JUANG,1111132001,BANDAR BIREUEN,TIDAK,"5.204988051439655, 96.70140787629393"
11,ACEH,11LSM,LHOKSEUMAWE,11225,BIREUEN,11,ACEH,1111,KAB. BIREUEN,111113,KOTA JUANG,1111132002,BIREUEN MEUNASAH REULET,TIDAK,"5.208101824513921, 96.69307946013527"
11,ACEH,11LSM,LHOKSEUMAWE,11225,BIREUEN,11,ACEH,1111,KAB. BIREUEN,111113,KOTA JUANG,1111132003,BIREUEN MEUNASAH BLANG,TIDAK,"5.201780078859167, 96.69244582042835"
11,ACEH,11LSM,LHOKSEUMAWE,11225,BIREUEN,11,ACEH,1111,KAB. BIREUEN,111113,KOTA JUANG,1111132004,BIREUEN MEUNASAH CAPA,TIDAK,"5.200079128956634, 96.70004803434463"
11,ACEH,11LSM,LHOKSEUMAWE,11225,BIREUEN,11,ACEH,1111,KAB. BIREUEN,111113,KOTA JUANG,1111132005,BIREUEN MEUNASAH DAYAH,TIDAK,"5.200079128956634, 96.70004803434463"
11,ACEH,11LSM,LHOKSEUMAWE,11225,BIREUEN,11,ACEH,1111,KAB. BIREUEN,111113,KOTA JUANG,1111132006,BIREUEN MNS. TGK DIGADON,TIDAK,"5.195451413774042, 96.69748593635902"
11,ACEH,11LSM,LHOKSEUMAWE,11225,BIREUEN,11,ACEH,1111,KAB. BIREUEN,111113,KOTA JUANG,1111132007,GEUDONG-GEUDONG,TIDAK,"5.205677534037382, 96.70577359281998"
11,ACEH,11LSM,LHOKSEUMAWE,11225,BIREUEN,11,ACEH,1111,KAB. BIREUEN,111113,KOTA JUANG,1111132008,PULO ARA GEUDONG TEUNGOH,TIDAK,"5.19644172781146, 96.70455464509685"
11,ACEH,11LSM,LHOKSEUMAWE,11225,BIREUEN,11,ACEH,1111,KAB. BIREUEN,111113,KOTA JUANG,1111132009,GEUDONG ALUE,TIDAK,"5.212594505519278, 96.70637920400785"
11,ACEH,11LSM,LHOKSEUMAWE,11225,BIREUEN,11,ACEH,1111,KAB. BIREUEN,111113,KOTA JUANG,1111132010,PULO KITON,TIDAK,"5.20920684188618, 96.69911853567588"
11,ACEH,11LSM,LHOKSEUMAWE,11225,BIREUEN,11,ACEH,1111,KAB. BIREUEN,111113,KOTA JUANG,1111132011,LHOK AWE TEUNGOH,TIDAK,"5.21390789379006, 96.69929295601732"
11,ACEH,11LSM,LHOKSEUMAWE,11225,BIREUEN,11,ACEH,1111,KAB. BIREUEN,111113,KOTA JUANG,1111132012,GEULANGGANG TEUNGOH,TIDAK,"5.2027298182146735, 96.71451523105391"
11,ACEH,11LSM,LHOKSEUMAWE,11225,BIREUEN,11,ACEH,1111,KAB. BIREUEN,111113,KOTA JUANG,1111132013,COT GAPU,TIDAK,"5.20807046127752, 96.72636812350781"
11,ACEH,11LSM,LHOKSEUMAWE,11225,BIREUEN,11,ACEH,1111,KAB. BIREUEN,111113,KOTA JUANG,1111132014,GEULANGGANG KULAM,TIDAK,"5.212951287332412, 96.71573956623664"
11,ACEH,11LSM,LHOKSEUMAWE,11225,BIREUEN,11,ACEH,1111,KAB. BIREUEN,111113,KOTA JUANG,1111132015,GEULANGGANG GAMPONG,TIDAK,"5.196963829008292, 96.71196025703036"
11,ACEH,11LSM,LHOKSEUMAWE,11225,BIREUEN,11,ACEH,1111,KAB. BIREUEN,111113,KOTA JUANG,1111132016,BLANG TINGKEUM,TIDAK,"5.187727103935848, 96.71815049397429"
11,ACEH,11LSM,LHOKSEUMAWE,11225,BIREUEN,11,ACEH,1111,KAB. BIREUEN,111113,KOTA JUANG,1111132017,BUKET TEUKUEH,TIDAK,"5.196053819907785, 96.72638286941061"
11,ACEH,11LSM,LHOKSEUMAWE,11225,BIREUEN,11,ACEH,1111,KAB. BIREUEN,111113,KOTA JUANG,1111132018,BLANG REULING,TIDAK,"5.192926720589484, 96.72227554589537"
11,ACEH,11LSM,LHOKSEUMAWE,11225,BIREUEN,11,ACEH,1111,KAB. BIREUEN,111113,KOTA JUANG,1111132019,COT JRAT,TIDAK,"5.182333017792261, 96.73077072559656"
11,ACEH,11LSM,LHOKSEUMAWE,11225,BIREUEN,11,ACEH,1111,KAB. BIREUEN,111113,KOTA JUANG,1111132020,COT PEUTEK,TIDAK,"5.17093869812126, 96.73124927780144"
11,ACEH,11LSM,LHOKSEUMAWE,11225,BIREUEN,11,ACEH,1111,KAB. BIREUEN,111113,KOTA JUANG,1111132021,UTEUN REUTOH,TIDAK,"5.195045399839546, 96.73372033731229"
11,ACEH,11LSM,LHOKSEUMAWE,11225,BIREUEN,11,ACEH,1111,KAB. BIREUEN,111113,KOTA JUANG,1111132022,GEULANGGANG BARO,TIDAK,"5.203256572390362, 96.72013837844499"
11,ACEH,11LSM,LHOKSEUMAWE,11225,BIREUEN,11,ACEH,1111,KAB. BIREUEN,111113,KOTA JUANG,1111132023,GAMPONG BARO,TIDAK,"5.207165119551598, 96.69982158021463"
11,ACEH,11LSM,LHOKSEUMAWE,11225,BIREUEN,11,ACEH,1111,KAB. BIREUEN,111114,KUALA,1111142001,COT BATEE,TIDAK,"5.224732383779178, 96.71241649347594"
11,ACEH,11LSM,LHOKSEUMAWE,11225,BIREUEN,11,ACEH,1111,KAB. BIREUEN,111114,KUALA,1111142002,COT UNOU,TIDAK,"5.219363683439581, 96.70514332653194"
11,ACEH,11LSM,LHOKSEUMAWE,11225,BIREUEN,11,ACEH,1111,KAB. BIREUEN,111114,KUALA,1111142003,KUTA BARO,TIDAK,"5.228743830845292, 96.70606121376923"
11,ACEH,11LSM,LHOKSEUMAWE,11225,BIREUEN,11,ACEH,1111,KAB. BIREUEN,111114,KUALA,1111142004,COT GLEUMPANG,TIDAK,"5.219963953432384, 96.72303453579043"
11,ACEH,11LSM,LHOKSEUMAWE,11225,BIREUEN,11,ACEH,1111,KAB. BIREUEN,111114,KUALA,1111142005,COT KUTA,TIDAK,"5.2194313357130255, 96.7193892319915"
11,ACEH,11LSM,LHOKSEUMAWE,11225,BIREUEN,11,ACEH,1111,KAB. BIREUEN,111114,KUALA,1111142006,GLUMPANG BAROH,TIDAK,"5.221507162781601, 96.72748011157988"
11,ACEH,11LSM,LHOKSEUMAWE,11225,BIREUEN,11,ACEH,1111,KAB. BIREUEN,111114,KUALA,1111142007,KRUENG JULI TIMU,TIDAK,"5.230227049987925, 96.69890940878204"
11,ACEH,11LSM,LHOKSEUMAWE,11225,BIREUEN,11,ACEH,1111,KAB. BIREUEN,111114,KUALA,1111142008,KRUENG JULI BARAT,TIDAK,"5.229549644042366, 96.69448540315156"
11,ACEH,11LSM,LHOKSEUMAWE,11225,BIREUEN,11,ACEH,1111,KAB. BIREUEN,111114,KUALA,1111142009,COT TRIENG,TIDAK,"5.220072699647019, 96.6913397369258"
11,ACEH,11LSM,LHOKSEUMAWE,11225,BIREUEN,11,ACEH,1111,KAB. BIREUEN,111114,KUALA,1111142010,LHOK AWE AWE,TIDAK,"5.222049541092913, 96.69813018803345"
11,ACEH,11LSM,LHOKSEUMAWE,11225,BIREUEN,11,ACEH,1111,KAB. BIREUEN,111114,KUALA,1111142011,COT LAGA SAWA,TIDAK,"5.226914663043725, 96.72227183306818"
11,ACEH,11LSM,LHOKSEUMAWE,11225,BIREUEN,11,ACEH,1111,KAB. BIREUEN,111114,KUALA,1111142012,COT U SIBAK,TIDAK,"5.2326565289805655, 96.72268404629085"
11,ACEH,11LSM,LHOKSEUMAWE,11225,BIREUEN,11,ACEH,1111,KAB. BIREUEN,111114,KUALA,1111142013,LANCOK PANTE ARA,TIDAK,"5.225137877581561, 96.73252300157267"
11,ACEH,11LSM,LHOKSEUMAWE,11225,BIREUEN,11,ACEH,1111,KAB. BIREUEN,111114,KUALA,1111142014,LANCOK-LANCOK,TIDAK,"5.234674182756594, 96.7307385753825"
11,ACEH,11LSM,LHOKSEUMAWE,11225,BIREUEN,11,ACEH,1111,KAB. BIREUEN,111114,KUALA,1111142015,KAREUNG,TIDAK,"5.238110325058871, 96.73970436663558"
11,ACEH,11LSM,LHOKSEUMAWE,11225,BIREUEN,11,ACEH,1111,KAB. BIREUEN,111114,KUALA,1111142016,BALE KUNYUEN,TIDAK,"5.22321103593259, 96.73078136168742"
11,ACEH,11LSM,LHOKSEUMAWE,11225,BIREUEN,11,ACEH,1111,KAB. BIREUEN,111114,KUALA,1111142017,UJONG BLANG,TIDAK,"5.234828650951074, 96.70619199432205"
11,ACEH,11LSM,LHOKSEUMAWE,11225,BIREUEN,11,ACEH,1111,KAB. BIREUEN,111114,KUALA,1111142018,UJONG BLANG MESJID,TIDAK,"5.241065820009774, 96.71171966637439"
11,ACEH,11LSM,LHOKSEUMAWE,11225,BIREUEN,11,ACEH,1111,KAB. BIREUEN,111114,KUALA,1111142019,WEU JANGKA,TIDAK,"5.234056154370359, 96.71396617425967"
11,ACEH,11LSM,LHOKSEUMAWE,11225,BIREUEN,11,ACEH,1111,KAB. BIREUEN,111114,KUALA,1111142020,KUALA RAJA,TIDAK,"5.240272976175206, 96.72017951072822"
11,ACEH,11LSM,LHOKSEUMAWE,11229,TAKENGON,11,ACEH,1104,KAB. ACEH TENGAH,110408,BINTANG,1104082001,ATU PAYUNG,TIDAK,"4.533447179831389, 97.1303648030635"
11,ACEH,11LSM,LHOKSEUMAWE,11229,TAKENGON,11,ACEH,1104,KAB. ACEH TENGAH,110408,BINTANG,1104082002,BALE NOSAR,TIDAK,"4.572012957750673, 96.94040212796112"
11,ACEH,11LSM,LHOKSEUMAWE,11229,TAKENGON,11,ACEH,1104,KAB. ACEH TENGAH,110408,BINTANG,1104082003,BAMIL NOSAR,TIDAK,"4.577322893994613, 96.9345236231569"
11,ACEH,11LSM,LHOKSEUMAWE,11229,TAKENGON,11,ACEH,1104,KAB. ACEH TENGAH,110408,BINTANG,1104082004,BEWANG,TIDAK,"4.560845924314155, 96.97868764840446"
11,ACEH,11LSM,LHOKSEUMAWE,11229,TAKENGON,11,ACEH,1104,KAB. ACEH TENGAH,110408,BINTANG,1104082005,DEDAMAR,TIDAK,"4.568676449249661, 97.05716042077424"
11,ACEH,11LSM,LHOKSEUMAWE,11229,TAKENGON,11,ACEH,1104,KAB. ACEH TENGAH,110408,BINTANG,1104082006,GENUREN,TIDAK,"4.6081519640645165, 97.00409035415618"
11,ACEH,11LSM,LHOKSEUMAWE,11229,TAKENGON,11,ACEH,1104,KAB. ACEH TENGAH,110408,BINTANG,1104082007,KALA BINTANG,TIDAK,"4.584600269213004, 96.99155377861061"
11,ACEH,11LSM,LHOKSEUMAWE,11229,TAKENGON,11,ACEH,1104,KAB. ACEH TENGAH,110408,BINTANG,1104082008,KALA SEGI,TIDAK,"4.620215810593841, 96.98937140167638"
11,ACEH,11LSM,LHOKSEUMAWE,11229,TAKENGON,11,ACEH,1104,KAB. ACEH TENGAH,110408,BINTANG,1104082009,KEJURUN SYIAH UTAMA,TIDAK,"4.570267995570453, 96.9538030776326"
11,ACEH,11LSM,LHOKSEUMAWE,11229,TAKENGON,11,ACEH,1104,KAB. ACEH TENGAH,110408,BINTANG,1104082010,KELITU SINTEP,TIDAK,"4.639487877276061, 96.950783465548"
11,ACEH,11LSM,LHOKSEUMAWE,11229,TAKENGON,11,ACEH,1104,KAB. ACEH TENGAH,110408,BINTANG,1104082011,KUALA I,TIDAK,"4.606015345286791, 97.01760536466703"
11,ACEH,11LSM,LHOKSEUMAWE,11229,TAKENGON,11,ACEH,1104,KAB. ACEH TENGAH,110408,BINTANG,1104082012,KUALA II,TIDAK,"4.599284522102351, 97.02890174605328"
11,ACEH,11LSM,LHOKSEUMAWE,11229,TAKENGON,11,ACEH,1104,KAB. ACEH TENGAH,110408,BINTANG,1104082013,LINUNG BULEN I,TIDAK,"4.567539814619756, 97.01198817858699"
11,ACEH,11LSM,LHOKSEUMAWE,11229,TAKENGON,11,ACEH,1104,KAB. ACEH TENGAH,110408,BINTANG,1104082014,LINUNG BULEN II,TIDAK,"4.5851890030104885, 97.00386216836675"
11,ACEH,11LSM,LHOKSEUMAWE,11229,TAKENGON,11,ACEH,1104,KAB. ACEH TENGAH,110408,BINTANG,1104082015,MENGAYA,TIDAK,"4.569741334351246, 96.96582270973553"
11,ACEH,11LSM,LHOKSEUMAWE,11229,TAKENGON,11,ACEH,1104,KAB. ACEH TENGAH,110408,BINTANG,1104082016,MUDE NOSAR,TIDAK,"4.59256610059676, 96.95057061242291"
11,ACEH,11LSM,LHOKSEUMAWE,11229,TAKENGON,11,ACEH,1104,KAB. ACEH TENGAH,110408,BINTANG,1104082017,SERULE,TIDAK,"4.524287222282075, 97.22078866905727"
11,ACEH,11LSM,LHOKSEUMAWE,11229,TAKENGON,11,ACEH,1104,KAB. ACEH TENGAH,110408,BINTANG,1104082018,WAKIL JALIL,TIDAK,"4.586216367752252, 97.00636302696542"
11,ACEH,11LSM,LHOKSEUMAWE,11229,TAKENGON,11,ACEH,1104,KAB. ACEH TENGAH,110408,BINTANG,1104082019,WIHLAH SETIE,TIDAK,"4.5569300969014455, 96.9967879517849"
11,ACEH,11LSM,LHOKSEUMAWE,11229,TAKENGON,11,ACEH,1104,KAB. ACEH TENGAH,110408,BINTANG,1104082020,GEGARANG,TIDAK,"4.632855672870435, 96.9714141937599"
11,ACEH,11LSM,LHOKSEUMAWE,11229,TAKENGON,11,ACEH,1104,KAB. ACEH TENGAH,110408,BINTANG,1104082021,JAMUR KONYEL,TIDAK,"4.5347975887200835, 97.09643530889332"
11,ACEH,11LSM,LHOKSEUMAWE,11229,TAKENGON,11,ACEH,1104,KAB. ACEH TENGAH,110408,BINTANG,1104082022,MERODOT,TIDAK,"4.614863132738794, 96.99762224189081"
11,ACEH,11LSM,LHOKSEUMAWE,11229,TAKENGON,11,ACEH,1104,KAB. ACEH TENGAH,110408,BINTANG,1104082023,SINTEP,TIDAK,"4.643723648565892, 96.94047784140041"
11,ACEH,11LSM,LHOKSEUMAWE,11229,TAKENGON,11,ACEH,1104,KAB. ACEH TENGAH,110408,BINTANG,1104082024,GELE PULO,TIDAK,"4.587806779093188, 97.00899142923595"
11,ACEH,11LSM,LHOKSEUMAWE,11229,TAKENGON,11,ACEH,1104,KAB. ACEH TENGAH,110410,KETOL,1104102006,CANG DURI,TIDAK,"4.675062205743332, 96.72525470652852"
11,ACEH,11LSM,LHOKSEUMAWE,11229,TAKENGON,11,ACEH,1104,KAB. ACEH TENGAH,110410,KETOL,1104102008,JALUK,TIDAK,"4.67335228323833, 96.75033128853036"
11,ACEH,11LSM,LHOKSEUMAWE,11229,TAKENGON,11,ACEH,1104,KAB. ACEH TENGAH,110410,KETOL,1104102013,PANTAN PENYO,TIDAK,"4.668830849680699, 96.68343103562842"
11,ACEH,11LSM,LHOKSEUMAWE,11229,TAKENGON,11,ACEH,1104,KAB. ACEH TENGAH,110410,KETOL,1104102024,SIMPANG JULI,TIDAK,"4.675842959041086, 96.74000153410142"
11,ACEH,11LSM,LHOKSEUMAWE,11229,TAKENGON,11,ACEH,1104,KAB. ACEH TENGAH,110411,KEBAYAKAN,1104112001,BUKIT SAMA,TIDAK,"4.6692314362813185, 96.81908271419239"
11,ACEH,11LSM,LHOKSEUMAWE,11229,TAKENGON,11,ACEH,1104,KAB. ACEH TENGAH,110411,KEBAYAKAN,1104112002,GUNUNG BUKIT,TIDAK,"4.639782558902673, 96.8483867249035"
11,ACEH,11LSM,LHOKSEUMAWE,11229,TAKENGON,11,ACEH,1104,KAB. ACEH TENGAH,110411,KEBAYAKAN,1104112003,JONGOK MELUEM,TIDAK,"4.655316720091491, 96.85601847081689"
11,ACEH,11LSM,LHOKSEUMAWE,11229,TAKENGON,11,ACEH,1104,KAB. ACEH TENGAH,110411,KEBAYAKAN,1104112004,KELUPAK MATA,TIDAK,"4.677824661490387, 96.81641205466151"
11,ACEH,11LSM,LHOKSEUMAWE,11229,TAKENGON,11,ACEH,1104,KAB. ACEH TENGAH,110411,KEBAYAKAN,1104112005,LOT KALA,TIDAK,"4.639331793918373, 96.8566438085507"
11,ACEH,11LSM,LHOKSEUMAWE,11229,TAKENGON,11,ACEH,1104,KAB. ACEH TENGAH,110411,KEBAYAKAN,1104112006,MENDALE,TIDAK,"4.649481249162134, 96.89708870627403"
11,ACEH,11LSM,LHOKSEUMAWE,11229,TAKENGON,11,ACEH,1104,KAB. ACEH TENGAH,110411,KEBAYAKAN,1104112007,PAYA REJE TAMI DALEM,TIDAK,"4.660318187543977, 96.85234511146818"
11,ACEH,11LSM,LHOKSEUMAWE,11229,TAKENGON,11,ACEH,1104,KAB. ACEH TENGAH,110411,KEBAYAKAN,1104112008,PAYA TUMPI,TIDAK,"4.657950356320824, 96.83145960608357"
11,ACEH,11LSM,LHOKSEUMAWE,11229,TAKENGON,11,ACEH,1104,KAB. ACEH TENGAH,110411,KEBAYAKAN,1104112009,PINANGAN,TIDAK,"4.6447822069164495, 96.8415504345139"
11,ACEH,11LSM,LHOKSEUMAWE,11229,TAKENGON,11,ACEH,1104,KAB. ACEH TENGAH,110411,KEBAYAKAN,1104112010,BUKIT,TIDAK,"4.667778279663229, 96.81622207028661"
11,ACEH,11LSM,LHOKSEUMAWE,11229,TAKENGON,11,ACEH,1104,KAB. ACEH TENGAH,110411,KEBAYAKAN,1104112011,BUKIT EWIH TAMI DELEM,TIDAK,"4.657964323553024, 96.84430308971325"
11,ACEH,11LSM,LHOKSEUMAWE,11229,TAKENGON,11,ACEH,1104,KAB. ACEH TENGAH,110411,KEBAYAKAN,1104112012,GUNUNG BAHGIE,TIDAK,"4.659170697912285, 96.8483512072461"
11,ACEH,11LSM,LHOKSEUMAWE,11229,TAKENGON,11,ACEH,1104,KAB. ACEH TENGAH,110411,KEBAYAKAN,1104112013,GUNUNG BALOHEN,TIDAK,"4.64258287525086, 96.85104323244047"
11,ACEH,11LSM,LHOKSEUMAWE,11229,TAKENGON,11,ACEH,1104,KAB. ACEH TENGAH,110411,KEBAYAKAN,1104112014,JONGKOK BATHIN,TIDAK,"4.653354554476246, 96.86042627887629"
11,ACEH,11LSM,LHOKSEUMAWE,11229,TAKENGON,11,ACEH,1104,KAB. ACEH TENGAH,110411,KEBAYAKAN,1104112015,KALA LENGKIO,TIDAK,"4.642181173263237, 96.86097314623356"
11,ACEH,11LSM,LHOKSEUMAWE,11229,TAKENGON,11,ACEH,1104,KAB. ACEH TENGAH,110411,KEBAYAKAN,1104112016,KUTE LOT,TIDAK,"4.642486524464027, 96.84566193720526"
11,ACEH,11LSM,LHOKSEUMAWE,11229,TAKENGON,11,ACEH,1104,KAB. ACEH TENGAH,110411,KEBAYAKAN,1104112017,PAYA TUMPI BARU,TIDAK,"4.659806460393482, 96.82199876778095"
11,ACEH,11LSM,LHOKSEUMAWE,11229,TAKENGON,11,ACEH,1104,KAB. ACEH TENGAH,110411,KEBAYAKAN,1104112018,PAYA TUMPI I,TIDAK,"4.649126138307523, 96.835923971252"
11,ACEH,11LSM,LHOKSEUMAWE,11229,TAKENGON,11,ACEH,1104,KAB. ACEH TENGAH,110411,KEBAYAKAN,1104112019,TIMANGAN GADING,TIDAK,"4.658933158967947, 96.83834083774086"
11,ACEH,11LSM,LHOKSEUMAWE,11229,TAKENGON,11,ACEH,1104,KAB. ACEH TENGAH,110411,KEBAYAKAN,1104112020,TELEGE ATU,TIDAK,"4.6740529814661675, 96.80405931656547"
11,ACEH,11LSM,LHOKSEUMAWE,11229,TAKENGON,11,ACEH,1104,KAB. ACEH TENGAH,110412,KUTE PANANG,1104122010,TAPAK MOGE,TIDAK,"4.6625417264205975, 96.77450837793657"
11,ACEH,11LSM,LHOKSEUMAWE,11229,TAKENGON,11,ACEH,1104,KAB. ACEH TENGAH,110412,KUTE PANANG,1104122020,TAPAK MOGE TIMUR,TIDAK,"4.668523764134167, 96.77621080221341"
11,ACEH,11LSM,LHOKSEUMAWE,11229,TAKENGON,11,ACEH,1104,KAB. ACEH TENGAH,110413,CELALA,1104132001,ARUL GADING,TIDAK,"4.550590919067077, 96.64332529295433"
11,ACEH,11LSM,LHOKSEUMAWE,11229,TAKENGON,11,ACEH,1104,KAB. ACEH TENGAH,110413,CELALA,1104132002,BELANG KEKUMUR,TIDAK,"4.610626264834599, 96.69479305120926"
11,ACEH,11LSM,LHOKSEUMAWE,11229,TAKENGON,11,ACEH,1104,KAB. ACEH TENGAH,110413,CELALA,1104132003,BERAWANG GADING,TIDAK,"4.588247834619439, 96.68916356170396"
11,ACEH,11LSM,LHOKSEUMAWE,11229,TAKENGON,11,ACEH,1104,KAB. ACEH TENGAH,110413,CELALA,1104132004,CELALA,TIDAK,"4.553459993412856, 96.66179947379442"
11,ACEH,11LSM,LHOKSEUMAWE,11229,TAKENGON,11,ACEH,1104,KAB. ACEH TENGAH,110413,CELALA,1104132005,CIBRO,TIDAK,"4.5947348057653725, 96.67279353411037"
11,ACEH,11LSM,LHOKSEUMAWE,11229,TAKENGON,11,ACEH,1104,KAB. ACEH TENGAH,110413,CELALA,1104132006,KUYUN,TIDAK,"4.5481469024307835, 96.71773101039804"
11,ACEH,11LSM,LHOKSEUMAWE,11229,TAKENGON,11,ACEH,1104,KAB. ACEH TENGAH,110413,CELALA,1104132007,KUYUN TOA,TIDAK,"4.559911699975508, 96.70783077742074"
11,ACEH,11LSM,LHOKSEUMAWE,11229,TAKENGON,11,ACEH,1104,KAB. ACEH TENGAH,110413,CELALA,1104132008,KUYUN UKEN,TIDAK,"4.559542612112486, 96.74336557433638"
11,ACEH,11LSM,LHOKSEUMAWE,11229,TAKENGON,11,ACEH,1104,KAB. ACEH TENGAH,110413,CELALA,1104132009,MAKMUR,TIDAK,"4.603936645729122, 96.6895304702758"
11,ACEH,11LSM,LHOKSEUMAWE,11229,TAKENGON,11,ACEH,1104,KAB. ACEH TENGAH,110413,CELALA,1104132010,MELALA,TIDAK,"4.596776794841117, 96.68265009283343"
11,ACEH,11LSM,LHOKSEUMAWE,11229,TAKENGON,11,ACEH,1104,KAB. ACEH TENGAH,110413,CELALA,1104132011,PAYA KOLAK,TIDAK,"4.568646369159321, 96.65946099814771"
11,ACEH,11LSM,LHOKSEUMAWE,11229,TAKENGON,11,ACEH,1104,KAB. ACEH TENGAH,110413,CELALA,1104132012,RAMUNG ARA,TIDAK,"4.5729677953453916, 96.6955357202254"
11,ACEH,11LSM,LHOKSEUMAWE,11229,TAKENGON,11,ACEH,1104,KAB. ACEH TENGAH,110413,CELALA,1104132013,SEPAKAT,TIDAK,"4.563563122446089, 96.70263428529722"
11,ACEH,11LSM,LHOKSEUMAWE,11229,TAKENGON,11,ACEH,1104,KAB. ACEH TENGAH,110413,CELALA,1104132014,TANOH DEPET,TIDAK,"4.519026659604831, 96.64185008591225"
11,ACEH,11LSM,LHOKSEUMAWE,11229,TAKENGON,11,ACEH,1104,KAB. ACEH TENGAH,110413,CELALA,1104132015,UNING BERAWANG RAMUNG,TIDAK,"4.571106369571617, 96.70178344061739"
11,ACEH,11LSM,LHOKSEUMAWE,11229,TAKENGON,11,ACEH,1104,KAB. ACEH TENGAH,110413,CELALA,1104132016,BLANG DELEM,TIDAK,"4.58387883140058, 96.67696777457049"
11,ACEH,11LSM,LHOKSEUMAWE,11229,TAKENGON,11,ACEH,1104,KAB. ACEH TENGAH,110413,CELALA,1104132017,DEPET INDAH,TIDAK,"4.527655470350108, 96.60818568351132"
11,ACEH,11LSM,LHOKSEUMAWE,11229,TAKENGON,11,ACEH,1104,KAB. ACEH TENGAH,110417,LAUT TAWAR,1104172001,TAKENGON TIMUR,TIDAK,"4.623876020901283, 96.85209557026766"
11,ACEH,11LSM,LHOKSEUMAWE,11229,TAKENGON,11,ACEH,1104,KAB. ACEH TENGAH,110417,LAUT TAWAR,1104172002,ASIR ASIR,TIDAK,"4.61389456979124, 96.83951360398149"
11,ACEH,11LSM,LHOKSEUMAWE,11229,TAKENGON,11,ACEH,1104,KAB. ACEH TENGAH,110417,LAUT TAWAR,1104172003,ASIR ASIR ASIA,TIDAK,"4.618605742720036, 96.84675442267093"
11,ACEH,11LSM,LHOKSEUMAWE,11229,TAKENGON,11,ACEH,1104,KAB. ACEH TENGAH,110417,LAUT TAWAR,1104172004,BALE ATU,TIDAK,"4.62479058056769, 96.84896574212891"
11,ACEH,11LSM,LHOKSEUMAWE,11229,TAKENGON,11,ACEH,1104,KAB. ACEH TENGAH,110417,LAUT TAWAR,1104172005,BUJANG,TIDAK,"4.616169463010275, 96.84837412748473"
11,ACEH,11LSM,LHOKSEUMAWE,11229,TAKENGON,11,ACEH,1104,KAB. ACEH TENGAH,110417,LAUT TAWAR,1104172006,GUNUNG SUKU,TIDAK,"4.5748590470266235, 96.90630320285149"
11,ACEH,11LSM,LHOKSEUMAWE,11229,TAKENGON,11,ACEH,1104,KAB. ACEH TENGAH,110417,LAUT TAWAR,1104172007,HAKIM BALE BUJANG,TIDAK,"4.616211152265249, 96.85425790416724"
11,ACEH,11LSM,LHOKSEUMAWE,11229,TAKENGON,11,ACEH,1104,KAB. ACEH TENGAH,110417,LAUT TAWAR,1104172008,KENAWAT,TIDAK,"4.576083050090228, 96.86700064319689"
11,ACEH,11LSM,LHOKSEUMAWE,11229,TAKENGON,11,ACEH,1104,KAB. ACEH TENGAH,110417,LAUT TAWAR,1104172009,KUTENI REJE,TIDAK,"4.624515369138225, 96.84424969600744"
11,ACEH,11LSM,LHOKSEUMAWE,11229,TAKENGON,11,ACEH,1104,KAB. ACEH TENGAH,110417,LAUT TAWAR,1104172010,PEDEMUN ONE ONE,TIDAK,"4.603889056388972, 96.87640567885998"
11,ACEH,11LSM,LHOKSEUMAWE,11229,TAKENGON,11,ACEH,1104,KAB. ACEH TENGAH,110417,LAUT TAWAR,1104172011,RAWE,TIDAK,"4.571270235665061, 96.91899464353502"
11,ACEH,11LSM,LHOKSEUMAWE,11229,TAKENGON,11,ACEH,1104,KAB. ACEH TENGAH,110417,LAUT TAWAR,1104172012,TAKENGON BARAT,TIDAK,"4.621798810062268, 96.84565797860593"
11,ACEH,11LSM,LHOKSEUMAWE,11229,TAKENGON,11,ACEH,1104,KAB. ACEH TENGAH,110417,LAUT TAWAR,1104172013,TOWEREN ANTARA,TIDAK,"4.572480947279504, 96.8897678679735"
11,ACEH,11LSM,LHOKSEUMAWE,11229,TAKENGON,11,ACEH,1104,KAB. ACEH TENGAH,110417,LAUT TAWAR,1104172014,TOWERAN TOA,TIDAK,"4.6025715712462665, 96.89818429890953"
11,ACEH,11LSM,LHOKSEUMAWE,11229,TAKENGON,11,ACEH,1104,KAB. ACEH TENGAH,110417,LAUT TAWAR,1104172015,TOWEREN UKEN,TIDAK,"4.602150775592059, 96.88366529395401"
11,ACEH,11LSM,LHOKSEUMAWE,11229,TAKENGON,11,ACEH,1104,KAB. ACEH TENGAH,110417,LAUT TAWAR,1104172016,TELUK ONE-ONE,TIDAK,"4.608301513512925, 96.86234385194282"
11,ACEH,11LSM,LHOKSEUMAWE,11229,TAKENGON,11,ACEH,1104,KAB. ACEH TENGAH,110417,LAUT TAWAR,1104172017,MERAH MERSA,TIDAK,"4.623500397413147, 96.84670288382442"
11,ACEH,11LSM,LHOKSEUMAWE,11229,TAKENGON,11,ACEH,1104,KAB. ACEH TENGAH,110417,LAUT TAWAR,1104172018,WAQ TOWEREN,TIDAK,"4.605284337131223, 96.89027786918446"
11,ACEH,11LSM,LHOKSEUMAWE,11229,TAKENGON,11,ACEH,1104,KAB. ACEH TENGAH,110418,ATU LINTANG,1104182001,ATU LINTANG,TIDAK,"4.436825235113886, 96.7695691164355"
11,ACEH,11LSM,LHOKSEUMAWE,11229,TAKENGON,11,ACEH,1104,KAB. ACEH TENGAH,110418,ATU LINTANG,1104182002,MERAH MEGE,TIDAK,"4.464920062876517, 96.79251638032599"
11,ACEH,11LSM,LHOKSEUMAWE,11229,TAKENGON,11,ACEH,1104,KAB. ACEH TENGAH,110418,ATU LINTANG,1104182003,MERAH PUPUK,TIDAK,"4.4674082960625245, 96.77620836333729"
11,ACEH,11LSM,LHOKSEUMAWE,11229,TAKENGON,11,ACEH,1104,KAB. ACEH TENGAH,110418,ATU LINTANG,1104182004,MERAH MUYANG,TIDAK,"4.41621874372284, 96.78517322558062"
11,ACEH,11LSM,LHOKSEUMAWE,11229,TAKENGON,11,ACEH,1104,KAB. ACEH TENGAH,110418,ATU LINTANG,1104182005,GAYO MURNI,TIDAK,"4.42790750133264, 96.77034710206017"
11,ACEH,11LSM,LHOKSEUMAWE,11229,TAKENGON,11,ACEH,1104,KAB. ACEH TENGAH,110418,ATU LINTANG,1104182006,KEPALA AKAL,TIDAK,"4.437182283629086, 96.74185450054651"
11,ACEH,11LSM,LHOKSEUMAWE,11229,TAKENGON,11,ACEH,1104,KAB. ACEH TENGAH,110418,ATU LINTANG,1104182007,TANOH ABU,TIDAK,"4.438558892556378, 96.81330038423685"
11,ACEH,11LSM,LHOKSEUMAWE,11229,TAKENGON,11,ACEH,1104,KAB. ACEH TENGAH,110418,ATU LINTANG,1104182008,BINTANG KEKELIP,TIDAK,"4.4533225572972714, 96.79102225092294"
11,ACEH,11LSM,LHOKSEUMAWE,11229,TAKENGON,11,ACEH,1104,KAB. ACEH TENGAH,110418,ATU LINTANG,1104182009,MERAH JERNANG,TIDAK,"4.462714796279773, 96.8150551277326"
11,ACEH,11LSM,LHOKSEUMAWE,11229,TAKENGON,11,ACEH,1104,KAB. ACEH TENGAH,110418,ATU LINTANG,1104182010,DAMAR MULYO,TIDAK,"4.43780293229293, 96.77261468262763"
11,ACEH,11LSM,LHOKSEUMAWE,11229,TAKENGON,11,ACEH,1104,KAB. ACEH TENGAH,110418,ATU LINTANG,1104182011,PANTAN DAMAR,TIDAK,"4.456523066707637, 96.76966603659864"
11,ACEH,11LSM,LHOKSEUMAWE,11229,TAKENGON,11,ACEH,1104,KAB. ACEH TENGAH,110419,JAGONG JEGET,1104192001,MERAH SAID,TIDAK,"4.406743470900486, 96.68426703362299"
11,ACEH,11LSM,LHOKSEUMAWE,11229,TAKENGON,11,ACEH,1104,KAB. ACEH TENGAH,110419,JAGONG JEGET,1104192002,BERAWANG DEWAL,TIDAK,"4.404130259247115, 96.70786803833452"
11,ACEH,11LSM,LHOKSEUMAWE,11229,TAKENGON,11,ACEH,1104,KAB. ACEH TENGAH,110419,JAGONG JEGET,1104192003,GEGARANG,TIDAK,"4.632489205868144, 96.96969296246664"
11,ACEH,11LSM,LHOKSEUMAWE,11229,TAKENGON,11,ACEH,1104,KAB. ACEH TENGAH,110419,JAGONG JEGET,1104192004,TELEGE SARI,TIDAK,"4.379680224923587, 96.71734084711898"
11,ACEH,11LSM,LHOKSEUMAWE,11229,TAKENGON,11,ACEH,1104,KAB. ACEH TENGAH,110419,JAGONG JEGET,1104192005,JEGET AYU,TIDAK,"4.368196589034795, 96.76222917406716"
11,ACEH,11LSM,LHOKSEUMAWE,11229,TAKENGON,11,ACEH,1104,KAB. ACEH TENGAH,110419,JAGONG JEGET,1104192006,PAYA TUNGEL,TIDAK,"4.3617321106829845, 96.75222608427028"
11,ACEH,11LSM,LHOKSEUMAWE,11229,TAKENGON,11,ACEH,1104,KAB. ACEH TENGAH,110419,JAGONG JEGET,1104192007,JAGONG JEGET,TIDAK,"4.381184021432634, 96.72534256275145"
11,ACEH,11LSM,LHOKSEUMAWE,11229,TAKENGON,11,ACEH,1104,KAB. ACEH TENGAH,110419,JAGONG JEGET,1104192008,BUKIT SARI,TIDAK,"4.4004526872462275, 96.7606997583985"
11,ACEH,11LSM,LHOKSEUMAWE,11229,TAKENGON,11,ACEH,1104,KAB. ACEH TENGAH,110419,JAGONG JEGET,1104192009,BUKIT KEMUNING,TIDAK,"4.376995371353163, 96.78593789933507"
11,ACEH,11LSM,LHOKSEUMAWE,11229,TAKENGON,11,ACEH,1104,KAB. ACEH TENGAH,110419,JAGONG JEGET,1104192010,PAYA DEDEP,TIDAK,"4.377233198949454, 96.73591657193451"
